:020000040800F2
:1000000040EB0220410F0008755503082D0F000832
:100010002D0F00082D0F00082D0F00080000000014
:10002000000000000000000000000000750F000844
:100030002D0F00080000000021110008E157000802
:1000400099110008991100089911000899110008E8
:1000500099110008991100089911000899110008D8
:1000600099110008991100089911000899110008C8
:1000700099110008991100089911000899110008B8
:1000800099110008991100089911000899110008A8
:100090009911000899110008991100089911000898
:1000A0009911000899110008991100089911000888
:1000B0009911000899110008991100089911000878
:1000C0009911000899110008991100089911000868
:1000D0009911000899110008991100089911000858
:1000E0009911000899110008991100089911000848
:1000F0009911000899110008991100089911000838
:100100009911000899110008991100089911000827
:100110009911000899110008991100089911000817
:100120009911000899110008991100089911000807
:1001300099110008991100089911000899110008F7
:1001400099110008991100089911000899110008E7
:1001500099110008991100089911000899110008D7
:1001600099110008991100089911000899110008C7
:1001700099110008991100089911000899110008B7
:1001800099110008991100089911000899110008A7
:100190009911000899110008991100089911000897
:1001A0009911000899110008991100089911000887
:1001B0009911000899110008991100089911000877
:1001C0009911000899110008991100089911000867
:1001D0009911000899110008991100089911000857
:1001E00001F0FF01102A2BDB10F0070F08D010F8E8
:1001F000013B013A8B422DD010F0070F42B3F6D1EC
:10020000F0B441EA012141EA014122F007047FF004
:1002100000070023F0E80256083C85EA010586EA5B
:10022000010685FA47F5A3FA87F586FA47F6A5FA97
:1002300087F68EB9EED1F0BC01F0FF0102F00702A3
:1002400032B110F8013B013A83EA010313B1F8D14E
:100250000020704701387047002D06BF354603382F
:10026000073815F0010F07D1013015F4807F02BF68
:10027000013015F4C03F0130F0BC0138704700BFB9
:100280007BB972B90029BEBF00204FF0004106E0E3
:1002900008BF00281CBF6FF000414FF0FF3000F096
:1002A00057B8ADF1080C6DE904CE002909DB002B2D
:1002B0001ADB00F069F8DDF804E0DDE9022304B0A0
:1002C0007047404261EB4101002B1BDB00F05CF802
:1002D000DDF804E0DDE9022304B0404261EB4101B6
:1002E000524263EB43037047524263EB430300F017
:1002F0004BF8DDF804E0DDE9022304B0404261EB95
:1003000041017047524263EB430300F03DF8DDF8D2
:1003100004E0DDE9022304B0524263EB430370477B
:1003200053B94AB9002908BF00281CBF4FF0FF315C
:100330004FF0FF3000F00CB8ADF1080C6DE904CEC1
:1003400000F022F8DDF804E0DDE9022304B0704794
:10035000704700BF10F8012B11F8013B012A28BF9C
:100360009A42F7D0D01A7047034611F8012B03F8D0
:10037000012B002AF9D17047034613F8012B002AFC
:10038000FBD1181A013870472DE9F0478C468E468C
:10039000089E154604461946002B40F0D080724551
:1003A00047D9B2FA82F74FB1C7F120030EFA07FC22
:1003B00020FA03F3BD4043EA0C0CBC404FEA154E53
:1003C000A8B2BCFBFEF8230C0EFB18CC08FB00F90E
:1003D00043EA0C43994528D9EB1808F1FF3204D2BF
:1003E000994502D9A8F102022B44A3EB0903A4B258
:1003F000B3FBFEFC0EFB1C330CFB00F044EA034491
:10040000A04214D92C190CF1FF3304D2A04202D916
:10041000ACF102032C44241A43EA02401EB1FC4012
:10042000002334607360BDE8F0874246DDE7634631
:10043000F1E7002A79D0B2FA82F3002B3FD01946B7
:10044000C1F1200302FA01F52EFA03F20EFA01FEC1
:1004500020FA03F343EA0E034FEA154E00FA01F4C3
:10046000B2FBFEFCAFB20EFB1C201A0C0CFB07F813
:1004700042EA004290455AD9AA180CF1FF3004D242
:10048000904502D9ACF102002A44A2EB08029BB2CB
:10049000B2FBFEFC0EFB1C220CFB07F743EA0243F7
:1004A0009F4246D9EB180CF1FF3204D29F4202D989
:1004B000ACF102022B44DB1B42EA004202E0AEEB4D
:1004C000020301224FEA154EAFB2B3FBFEFC200C33
:1004D0000EFB1C330CFB07F840EA034398452AD96E
:1004E000EB180CF1FF3004D2984502D9ACF10200B0
:1004F0002B44A3EB0803A4B2B3FBFEFC0EFB1C339E
:100500000CFB07F744EA0344A74216D92C190CF157
:10051000FF3304D2A74202D9ACF102032C44E41BFE
:1005200043EA00400F46114678E71F2188E76046FE
:10053000ABE76246BFE76046DBE76346EFE773453C
:1005400006D916B9002108466DE7C6E9000EF9E79D
:10055000B3FA83F787B9734501D3824207D8841A67
:100560006EEB030301209C461EB900215BE7384671
:10057000FAE7C6E9004CF8E7C7F1200CBB4022FAC5
:100580000CF51D4320FA0CF12EFA0CF30EFA07FEBF
:1005900041EA0E014FEA154900FA07F4B3FBF9F8F6
:1005A0001FFA85FE09FB18300B0C08FB0EFA43EA14
:1005B00000439A4502FA07F240D9EB1808F1FF30E0
:1005C00004D29A4502D9A8F102002B44A3EB0A03F6
:1005D00089B2B3FBF9F809FB183308FB0EFE41EAB8
:1005E00003418E452CD9691808F1FF3304D28E459A
:1005F00002D9A8F10203294443EA0040A0FB029873
:10060000A1EB0E014145CE46434602D306D14C45EF
:1006100004D2B9EB020E68EB05030138002EA4D01A
:10062000B4EB0E0261EB030101FA0CFC22FA07F3B2
:100630004CEA0303F940C6E9003196E74046C5E7B6
:100640004346D9E70146014834F0DEBE46E50408DA
:1006500010B501780446602903D001F0DF03502B68
:100660000FD1084834F0D0FE94F9010049F002FFA0
:10067000054B94F9011093F90020914204BFFF2229
:100680001A7010BD4AE504080A0D022030B58378BF
:10069000A1B003BB43F239014A4A062049F0BAFE31
:1006A000011E11DA484834F0AFFE484A4FF47A731D
:1006B0006621012092F9002030F0E2FC444821B08C
:1006C000BDE8304034F0A0BE012149F0E0FE4148D1
:1006D00034F09AFEE9E7012B4ED1047B3E482146D7
:1006E00034F092FE002C43D13C4834F08DFE3C4B5C
:1006F0003C4893F900500F94294634F085FE10AA27
:100700000FA9284649F0E8FD08B121B030BD9DF899
:100710004F309DF841200C939DF84E309DF84010CD
:100720000B939DF84D3030480A939DF84C30099357
:100730009DF84B3008939DF84A3007939DF8493057
:1007400006939DF8483005939DF8473004939DF833
:10075000463003939DF8453002939DF84430019351
:100760009DF8433000939DF8423034F04DFEC6E7CB
:10077000042CCAD11D48A2E7662BC6D11C4A1D4CC9
:1007800013680133136094F90020002A0EDB402126
:10079000194A0DEB010033F0EDFE10A982B294F975
:1007A000000049F0E7FF154834F02EFE074A4FF4E9
:1007B0007A736621012092F9002021B0BDE8304013
:1007C00030F05EBC010800086FE504080B0D022044
:1007D000CAE5040895E50408F2E5040820E60408E3
:1007E000688E022050E6040876E60408C3E6040892
:1007F000785402200A0D0220F8E6040806E70408EF
:1008000070B5037886B0402B24D1154A01A990F920
:1008100001002EF0C3FA061E1CDB01AD00241148B6
:1008200034F0F2FD15F8011F0F4834F0EDFDE30739
:1008300001D40134F6E70F2C0ED10C4C0C48BDF856
:10084000161034F0E1FD94F90000002801DB49F0B6
:1008500011FE267006B070BD064834F0D5FDE8E7FD
:10086000510600080EE70408C40205080A0D02201C
:1008700031E70408F549050808B5184834F0C4FD07
:1008800000234FF4804116481A462EF07BFF2EF0CD
:1008900091FC14482EF0D4FC5F202EF0CBFC30F0FD
:1008A0007FF905F00DFA104B00280146187010DA98
:1008B0000E4834F0A9FD00210D4830F0F1F80D4B41
:1008C000187005F01FF9002142F210704BF0B3FBD5
:1008D000F9E7094834F098FDEDE700BF3DE704086B
:1008E000C00F022045060008688E022052E7040867
:1008F0008D0600080B0D022092E70408014B1B68CF
:10090000184700BF38080220014B1860704700BF2D
:100910003808022030B5044685B00D46102200216B
:1009200068464CF069FA02232A4621468DF80230C7
:100930006846034B019333F06BFE05B030BD00BF3A
:10094000FD08000880B505460E461746984632F069
:10095000C9F8DFF82090034600F030FC0446424618
:1009600049F8003039463046A84754F8090000F0ED
:10097000C1FB00BF08000000034A0020536823F0B9
:1009800002035360704700BF002004E008B54168CF
:1009900005480C3183681B681BB1984700EAE0707A
:1009A00008BD6FF05700F9E734D40408192810B5D2
:1009B00002D90024204610BD044B53F820402046A5
:1009C0004BF053F80028F5D1F3E700BF08DC04082A
:1009D000064B1A6842F400721A601A6842F4807278
:1009E0001A60034B034A1A60704700BF003C024084
:1009F000B00C02200024F400014B03600320704778
:100A000070DC040806480021064A08B5121A34F0C2
:100A1000A9FD0548054A0021121A34F0A3FD08BDBE
:100A2000C00F02203CA70220000000200000002090
:100A30000A480B4A0B49121A08B534F095FD0A48CA
:100A40000A4A0B49121A34F08FFD0A480A4A0B4928
:100A5000121ABDE8084034F087BD00BF0000022034
:100A6000BC0F0220D05D050800000220000002201B
:100A7000D05D050800310020003100208C6D050894
:100A800038B505460C4699B11048D1E901230968EB
:100A900034F0BAFCE1680E48D4E9042334F0B4FC25
:100AA000E1690C4834F0B0FCA1690B4834F0ACFCAF
:100AB000012D05D1EFF305810848103934F0A4FC6D
:100AC00021462846BDE8384030F076BFA1E804084A
:100AD000D1E8040801E9040811E9040840E9040820
:100AE00030BFFFF7FDBF00BF2DE9F0410B4E0546BB
:100AF000DFF82C80324606EB0807CC1B094920465C
:100B00004CF053F9A019083C424600214CF074F90E
:100B100007F108006C67BDE8F08100BF000000002D
:100B200008000000A4DA04082DE9F843324D80469D
:100B300032488946174634F067FCAB6ADE0622D598
:100B400011242F4834F060FCAB6A1D0703D5122432
:100B50002C4834F059FC284DAB6A980715D52A4823
:100B600034F052FC6E6BAB6A190642D53146274809
:100B700034F04AFCB9F1000F03D0AB6A23F08003D4
:100B8000AB62132403E01024DEE76FF015061A4D64
:100B9000AB6ADA0703D514241D4834F035FCAB6A80
:100BA0009B0603D515241B4834F02EFC124B9A6A81
:100BB000D50602D49A6A90070AD55B68190507D54D
:100BC0004146304600F04CFA10B180F30988022407
:100BD000094B9A6A920603D55A6A22F400525A6265
:100BE0009A6A204642F0FF029A6200233B70BDE8F9
:100BF000F8836FF01506C4E700ED00E054E904083F
:100C00006BE904089FE90408B3E90408CCE9040887
:100C1000E3E9040803EA040810B51D4C1D4834F04C
:100C2000F3FBA36A990130D51B4834F0EDFB1E207D
:100C3000A36ADA0103D5194834F0E6FB1F20144CEF
:100C4000A36A1B0303D5164834F0DEFB2120A36AF8
:100C5000590303D5134834F0D7FB22200C4CA36A68
:100C60009A0303D5104834F0CFFB2320A36ADB039B
:100C700003D50E4834F0C8FB2420054A936A6FEA76
:100C800003436FEA1343936210BD1D20D0E700BFFA
:100C900000ED00E033EA04084CEA040860EA0408C6
:100CA0007BEA04089AEA0408C0EA0408DBEA0408BC
:100CB00070B5244C064624480D4634F0A5FBA36AC3
:100CC000D90435D5214834F09FFB1720A36A1A05B3
:100CD00003D51F4834F098FB18201A4CA36A9B05D3
:100CE0000FD51C4834F090FBA16BA36A180407D5FC
:100CF000194834F089FB1EB1A36A23F40043A362B0
:100D00001920104CA36A590503D5144834F07CFB14
:100D10001A20A36ADA050DD5114834F075FB1B20A3
:100D2000084A936A43F47F43936200232B7070BD9B
:100D30001620CBE7A36A9B04F2D50A4834F064FB83
:100D40001C20EDE700ED00E007EB04081EEB0408B3
:100D50009FE9040830EB04084AEB040860EB040840
:100D60007CEB040803EA04085F4B2DE9F0415F685F
:100D70008AB004460025C7F3080685F31188BFF33F
:100D80006F8F02F07F43B3F17F4F06D102F00C0367
:100D9000082B13D1554834F037FB00252C464FF073
:100DA0000008F31E8DF80780092B00F28D80DFE824
:100DB00003F00A81857D8B8B8B8B8B8910074CBF51
:100DC0000C460125EBE7484E494834F01DFB8DF8F1
:100DD0000780F36A9A0704D5464834F015FB0023D0
:100DE0002AE0F36A002B01DA4348F6E7F36A5B0076
:100DF000F5D5424834F008FB7369A26943F4807367
:100E00007361BFF34F8FBFF36F8F32F8023C72698B
:100E100022F480727261BFF34F8FBFF36F8F03F4C0
:100E20007F42B2F55F4F28D1DBB2022B25D121687A
:100E3000334834F0E9FA23689DF80720D2B902AEAE
:100E400004F120072068083454F8041C3246BC42E0
:100E500003C21646F6D1099A002D41D0C2F308010B
:100E600021B96FEA52226FEA4222099202A918467A
:100E7000FFF706FE0AB0BDE8F0811B4B9A6AD2B2BA
:100E800032B10DF1070201212046FFF74DFE0FE0C0
:100E90009A6A12F47F4F05D00DF107010120FFF788
:100EA00007FF05E09B6AB3F5803F98D3FFF7B4FED8
:100EB0000346C1E70DF107020021E5E70DF1070147
:100EC0000020ECE70F4888E717F4F87F0E4B0F4936
:100ED000A6F1100208BF19460D4834F095FA7EE7D6
:100EE0006FF30802C1E700BF00ED00E0C3EB0408A8
:100EF000EFEB040807EC040829EC040838EC0408BC
:100F000058EC040875EC040895EB0408AAEB0408F7
:100F10009AEC0408044B5A6942F010025A615A696B
:100F200022F008025A61704700ED00E0EFF30880FC
:100F3000EFF3098101B57246FFF716FF01BD00BF4F
:100F40000A4880F30888102080F3118808484FF47D
:100F50000461401880F30988EFF3148002210843EC
:100F600080F31488BFF36F8F00F048F840EB022045
:100F700080D902201EF0040F0CBFEFF30880EFF3BE
:100F80000980816911F8021C0229FFD001B572465F
:100F900034F0ECFA01BD00BF40B2002807DB0123AA
:100FA000410900F01F00024A834042F82130704797
:100FB00000E100E040B2013100284FEA0111C9B25E
:100FC00006DB00F1604000F5614080F800137047D7
:100FD00000F00F00014B1954704700BF14ED00E002
:100FE000044B054A23F07F039360BFF34F8FBFF399
:100FF0006F8F70470000000800ED00E008B5FFF7B4
:10100000EFFF0B4AD2F8883023F47003C2F888301F
:10101000EFF3148323F0040383F31488BFF36F8F7B
:10102000FFF7F0FCFFF704FD00F0AAF830F08AFDAE
:1010300000ED00E042F8203C203A009B0749536055
:10104000019B21F001019360029B9161D3604FF0FD
:101050008073D361002302658367704745090008E8
:10106000094A0346906870B113F1160F406E05D01F
:10107000A0F14002934205D3834203D2814228BFAC
:1010800000207047002070478C6A022015460C4AE9
:101090000E4608B50B4B9060426F1A6000F0A0F846
:1010A0002C4686F309880020034B984720460021F0
:1010B00000220023014C20479155030845090008F0
:1010C0008C6A02202C550220014B10221A617047B5
:1010D00000ED00E0054B5A699B689A4204D0044A2F
:1010E000536843F080535360704700BF8C6A0220FE
:1010F00000ED00E0084B9B6883420BD1EFF30583C2
:1011000043B1064B5A6842F080525A605A6A22F440
:1011100000425A6231F0ECBC8C6A022000ED00E023
:1011200014498A684FF030001044EFF3098C80E8CE
:10113000F01F102080F31288BFF36F8F0E4F4FF017
:1011400000664A698A603E60506F0C4C2060906F68
:101150000023936780F3118804B5104600F040F82F
:10116000BDE8044002F1300090E8F01F8CF30988DC
:10117000704700008C6A022004ED00E02C5502202C
:10118000002304481021C2180133682B82F8001391
:10119000F9D1704700E100E008B5EFF30583064A96
:1011A000103B02EBC30152F8330049688847BDE8A1
:1011B0000840FFF78FBF00BF48D604080148006809
:1011C000704700002C550220024B0121024A0348BF
:1011D00000F076B80000082000000220A0DC04081F
:1011E000436E4021044A403B10461360034BC2E962
:1011F0000113012100F06EB83055022000000B15DC
:10120000084AC2F898000B6823F01F03034343F019
:101210001003C2F89C308B6843F00103C2F8A03081
:10122000704700BF00ED00E02DE9F0430E4685B0A9
:101230001F4604464FF00009DFF85480B14523DA19
:101240006068D8B13FB1411E08421BD11F2819D98F
:101250002368194216D12368019334F0ADF9A368CD
:101260000343D0B20393D8F89050C5F30725013D4E
:10127000A84207D801A9FFF7C3FF421C09F10109E1
:101280000C34DBE76FF01502104605B0BDE8F083C3
:1012900000ED00E0044B0522C3F89420BFF34F8F0C
:1012A000BFF36F8F704700BF00ED00E0BFF35F8FAB
:1012B000024B0022C3F89420704700BF00ED00E00D
:1012C00010B5034C01232278FFF7AEFF207010BD4C
:1012D000698E02200B4A08B500231278FFF7A4FF9D
:1012E00010F1160F07D0084A0021D2F89030C3F34E
:1012F0000723984200DB08BDC2F898000130C2F80D
:10130000A010F2E7698E022000ED00E05B4B2DE9B2
:10131000F0435B4D85B0D3F890302C68C3F30723BE
:101320009C4200F2A78000200C26FFF7BFFF8442FA
:101330001AD1544E68460027DFF840913470FFF709
:101340005BFB514C8046514DB84514D13378002099
:101350004A49D1F89020C2F307229342C0F2848018
:101360000020FFF797FF45E0696806FB0011FFF7D3
:1013700047FF0130DBE700984FEA071C00EB07113D
:10138000CB682340B3F5000F4DD00AD8B3F5001F4A
:1013900033D0B3F5800F3BD0B3F5801F13D00137A6
:1013A000D2E7B3F1007F47D0B3F1805F4DD0B3F106
:1013B000807FF4D150F80C30886834F0FDF84A682A
:1013C00040F0887009E050F80C30886834F0F4F888
:1013D00040F088504A6840F4302003903078CDE9DE
:1013E0000123D9F89030C3F30723013B984234D945
:1013F0006FF0150005B0BDE8F08350F80C30886838
:1014000034F0DAF840F088504A6840F40020E4E70D
:1014100050F80C30886834F0CFF840F0C0604A686B
:1014200040F40030D9E750F80C30886834F0C4F844
:101430004A6840F08270D0E750F80C30886834F089
:10144000BBF84A6840F48020C7E750F80C30886841
:1014500034F0B2F84A682843BFE701A9FFF7D0FE8D
:101460003378013333709AE7C1F898300133C1F80B
:10147000A0006EE74FF0FF30BCE700BF00ED00E0DA
:10148000ACDC0408698E02200000F0FF00000211AD
:10149000024808B533F026F8FEE700BFBDEC0408AB
:1014A00008B5024B1B689847002008BD4C55022028
:1014B000034B044A1860937843F00203937070471B
:1014C0004C5502203C0802200649074821F007013C
:1014D000C1F1005208B502F5002233F041FF0020AF
:1014E00008BD00BF17220320505502204FF0FF32E5
:1014F0004FF0FF33014830F0A7BC00BF4C0802207A
:10150000014830F013BD00BF4C08022038B5054635
:10151000FFF7ECFF082108482A4633F064FE044632
:1015200028B925B1054B0C22FFF748FE1A50FFF7EA
:10153000E7FF204638BD00BF505502200C000000D8
:1015400038B504460D46FFF7D1FF082221462B4649
:10155000074833F0CDFE044628B925B1054B0C22CF
:10156000FFF72CFE1A50FFF7CBFF204638BD00BF17
:10157000505502200C00000010B50446FFF7B6FFDE
:101580000348214633F077FDBDE81040FFF7B8BFB0
:101590005055022070B5A0FB015434B92846FFF71E
:1015A000B5FF064640B9304670BD064B0C22FFF72A
:1015B00005FE00261A50F6E72A4621464BF01CFC91
:1015C000F1E700BF0C00000070B541690446867A5F
:1015D0000A4D59B1437ADB0706D42C2303FB06538B
:1015E0005B6A1B689B689847002363612C20214637
:1015F00000FB0650BDE870404AF0CABBE80E02206E
:10160000827A2C21054B01FB02339A6A1B7F801AD8
:101610001B3323F00303B0FBF3F07047E80E022006
:1016200038B52C24827A064B04FB02335B6AD3E97B
:1016300001240C601568FFF7E3FF04FB005038BD80
:10164000E80E02202DE9F04385B0054690461C4681
:10165000684603914AF0ABFDDDE90067EFF31189BD
:10166000102383F31288BFF36F8F6B8B002B41D055
:101670002A8B9A4225D900220023284630F0A6FC66
:101680000446F0B189F31188BFF36F8F039B002BE1
:1016900041D032463B4668464AF0AEFDA27A2C2144
:1016A000254B204601FB023303A95B6A1B681D68BA
:1016B000DDE90023A847606170BB2046FFF784FF87
:1016C00024E0698B4B1E6B8389F31188BFF36F8F06
:1016D0002B7F2A8B1B33AC6A521A23F0030302FBC5
:1016E0000344154B154AEB1A9B105343A3722B7FEF
:1016F000E372CBE789F31188BFF36F8F234642462D
:10170000284630F063FC04460028BFD10024204660
:1017100005B0BDE8F083636101230025E27A04F19E
:10172000180023812946039B656063824BF064FBAC
:1017300063692582E360EAE7E80E0220A38B2EBAF4
:1017400070B50D4C2C2500B970BD037A4668002B8E
:10175000FAD0013BDBB20372002BF5D1C3604360CA
:10176000837A05FB03431B6A13B198473046EAE7C7
:10177000FFF72AFFFAE700BFE80E02200A2800B5AB
:1017800008D90A4B0922FFF719FD1A504FF0FF3014
:101790005DF804FB30235843054BBFF35B8F1B58A8
:1017A000BFF35B8F002BECD00020F1E70C000000B2
:1017B0006455022030231149434308330B4430B5AC
:1017C000BFF35B8F1A68BFF35B8FB2B1541EBFF3D8
:1017D0005B8F53E8005F954204D143E8004CBCF1B5
:1017E000000FF6D1BFF35B8FEAD1012A05D1302378
:1017F000584300230A180B50536030BD5C5502203B
:1018000038B504461546FFF7B9FF01300DD0302337
:10181000074A6343D0184068086015B10C3313447D
:101820002B6030235C43105938BD0020FCE700BF1B
:101830005C5502204FF0FF334FF0FF321C4870B56B
:1018400033F025FF00251B4BBFF35B8F1A68BFF3F6
:101850005B8F7AB1013530330B2DF5D1164B172242
:101860004FF0FF35FFF7AAFC1A50114833F011FF73
:10187000284670BD3024BFF35B8F6C4353E8000FE4
:10188000013043E800010029F8D10C4EBFF35B8F13
:10189000331932515A609A6204F10C0030444AF014
:1018A0009EF904F1200030444AF01EFBDDE700BF42
:1018B000F40D0220645502200C0000005C5502204B
:1018C0002DE9F041302416460F4A444310191151B6
:1018D0004660C362B6B1F368A3B10C4F0C34FFF796
:1018E0006DFC054650F807801319304640F205128A
:1018F00033F0BEFEB8F15F0F04D0EB595F2B08BF89
:1019000045F80780BDE8F0815C5502200C0000001E
:101910002DE9F0410546FFF731FF431C044621D075
:101920003026DFF84C804FF0FF324FF0FF336E432C
:1019300006F10C074744384633F0A9FE08EB0603CE
:101940005A68946844B1DB6A58F8060013F4404FB3
:101950000BD02946A0470446384633F09AFE284665
:10196000FFF728FF2046BDE8F081A047F3E700BF5E
:101970005C5502202DE9F74305460C461A4EDFF868
:101980006C801B4F14B903B0BDE8F083EFF31189ED
:10199000102383F31288BFF36F8F03F0EBFF154919
:1019A000D1E90032C31842F1000008FB03F206FB44
:1019B0000022A3FB0630DB1942EB0002C1E9003232
:1019C00089F31188BFF36F8F042CA146284601923A
:1019D00028BF4FF0040901A94A464D44A4EB09046D
:1019E0004BF0E3F9CEE700BFFDB0B087E62EBB2792
:1019F0002DF304B5C007022030B5C0430A440C4D96
:101A0000914201D1C04330BD11F8013B83EA00048B
:101A100004F00F0455F8244084EA101080EA1313F0
:101A200003F00F0355F8233083EA1010E8E700BFF6
:101A3000E0DC04082DE9F04105460E461746134C3C
:101A4000DFF84C80444508D3124B6A22FFF7B6FBFF
:101A50001A504FF0FF30BDE8F0812368AB4200D050
:101A60008BB9A3683A4631462846984758B1094B86
:101A70000022FFF7A3FB3146C2503A46E3682846EE
:101A8000BDE8F04118471034DCE700BF84DA0408F1
:101A9000A4DA04080C00000073B50D46164669462A
:101AA00001AAFFF7ADFE0446B0B1009B5B69DBB154
:101AB0004FF0FF324FF0FF33019833F0F5FD009BFC
:101AC000204632465B69294698470446019833F020
:101AD000EDFD204602B070BD0923044AFFF76EFBFE
:101AE0004FF0FF341350F4E75F23F6E70C000000DB
:101AF0002DE9FF410D46164602A903AA1F46FFF72E
:101B00007FFE0446E8B1029B5B6A13B34FF0FF32DD
:101B10004FF0FF33039833F0C7FD0B9B204632464E
:101B2000019329460A9B0093029BD3F824803B46ED
:101B3000C0470446039833F0B9FD204604B0BDE821
:101B4000F0810923044AFFF739FB4FF0FF341350AB
:101B5000F3E75F23F6E700BF0C0000002DE9FF412B
:101B60000D46164602A903AA1F46FFF749FE044682
:101B7000E8B1029B9B6A13B34FF0FF324FF0FF3383
:101B8000039833F091FD0B9B204632460193294682
:101B90000A9B0093029BD3F828803B46C04704462B
:101BA000039833F083FD204604B0BDE8F08109239B
:101BB000044AFFF703FB4FF0FF341350F3E75F23B2
:101BC000F6E700BF0C000000F7B507460E461446C6
:101BD000FFF730FE051E18DB3CB97B1E012B04D835
:101BE000022E17D0012E08BF0624F1B201ABA2B21B
:101BF000B8B202F015F8061E0EDA2846764233F027
:101C00004AFD114BFFF7DAFA1E504FF0FF35284618
:101C100003B0F0BD1124E8E7019800234360C366D8
:101C200070304AF06DF8019888304AF05DF9062C62
:101C300002D1019834F0EAFA4FF44043034A019983
:101C40002846FFF73DFEE2E70C00000020DD040817
:101C5000044B162200B5FFF7B1FA1A504FF0FF30CF
:101C60005DF804FB0C0000002DE9F341DDE9088775
:101C70000C46064657EA08010A9D13D014F1690F75
:101C800002D014F10B0F0DD168464AF0B5FADDE928
:101C9000002313430ED114F1690F14BF6FF06804D1
:101CA0006FF00B0464421D4BFFF788FA1C504FF095
:101CB000FF3026E0B7F1FF3F08BFB8F1FF3F0BD080
:101CC0000A22002340463946F7B9FEF7D9FA2B68B5
:101CD000834294BF2B602860D6F8900008B130F0A2
:101CE00025F928680A21A0FB01014AF0A4F92B6814
:101CF0005B00642B28BF64232B60D6F8900030B9BA
:101D0000002002B0BDE8F081FEF70AFBDFE74FF0EC
:101D1000FF324FF0FF3330F097F8F1E70C0000008E
:101D200038B540F203140346A1425BD0B1F5827F7F
:101D30000ED2042922D0B1F5817F2AD0032917D0F1
:101D4000484B5F22FFF73AFA1A504FF0FF3014E089
:101D500045F21B44A14274D045F2214081426BD030
:101D600040F205108142EBD11268C3F890200EE0DA
:101D700090F86C00C0F34000800338BD1268C16E5B
:101D800050044CBF41F0020121F00201D96600204D
:101D9000F3E710688188C9071AD5516892680C6802
:101DA000A2425BD003F17002042522610A68547BD1
:101DB00065F3050454730C68A27B22F02002A27321
:101DC0000C68E26822F4FE12E2600A6814320A60CB
:101DD0008288520703D4DB6E13F0050FD7D06FF063
:101DE0007700CAE711688888C5070FD55268106860
:101DF000C06810F4EE1F02D1D86EC40703D5C8889E
:101E000040F00100C8801068143010608A885007C4
:101E100042BFCA8842F00402CA80DA6E520742BF4B
:101E2000CA8842F00802CA80DB6EDB07AFD5CB88D8
:101E300043F01003CB80AAE7DA6E42F00202DA66C2
:101E4000A5E70023146819461A4633F07BFC6FF0AF
:101E50000043984294BF2060236098E76FF00B0026
:101E60008BE700BF0C000000002B37B5069C054631
:101E70001CD1009300220023134901F079FF05F1E2
:101E8000700049F03DFF05F188004AF02DF804F19B
:101E90007000294649F071FF284634F0B7F904F183
:101EA000880003B0BDE8304033F027BC0ADA5B425B
:101EB0006360E36E43F00403E36604F1700049F0ED
:101EC0002BFFECE703B030BD3F58030813B5B0F863
:101ED0009630002104460022C3F341030091032BF6
:101EE0004FF0000319D134F06EFA042320466360EA
:101EF000E36E43F00403E36633F001FC204601F097
:101F000013FF031E06DA5B42054AFFF757F9135029
:101F10004FF0FF33184602B010BD01F029FFE4E78F
:101F20000C00000037B505460C4611BBB0F89630E2
:101F300000220091C3F34103032B4FF000030DD1A6
:101F400034F041FA031E0CDA5B420F4AFFF736F910
:101F500013504FF0FF34204603B030BD01F008FFAE
:101F6000F0E7EB6E284643F00103EB6633F0C7FB66
:101F7000F1E74C1EFFF722F9034B012C94BF862298
:101F800016221A50E5E700BF0C00000013B5044606
:101F900034F07DF9031E07DA5B420E4AFFF70EF9B3
:101FA00013504FF0FF3007E0B4F89630C3F38113BD
:101FB000023B012B02D9002002B010BD6368002251
:101FC000054920460093002301F0D2FE031EF2DAF9
:101FD000E2E700BF0C0000003F5803082DE9F04382
:101FE000B0F89630914685B00446C3F38112884616
:101FF000032A07D12F4B5F22FFF7E0F81A504FF06A
:10200000FF3038E0C3F34103022B33D0012BC56E00
:1020100009D1FFF7D3F815F0040F264B01D0626801
:10202000ECE77822EAE715F0020543681DBF0026B9
:102030000027214D47F2305608BF0027012A1DD145
:102040000093002200231D4901F092FE002805DACA
:102050004342FFF7B3F8174A1350D0E763684A4684
:102060004146204602932B46CDE9006734F079F9CA
:102070000028EDDB002005B0BDE8F08302934A465E
:102080002B46CDE9006734F06CF9031E03DA5B429E
:10209000FFF794F8DFE7E36EDB07EBD46368002219
:1020A000064920460093002301F062FE031EE1DA98
:1020B000EDE700BF0C000000D15803083F580308AB
:1020C00013B5B0F89630044603F0C003C02B08D116
:1020D0000E4B5F22FFF772F81A504FF0FF3002B03C
:1020E00010BD34F027F9031E05DA5B42074AFFF7FB
:1020F00065F81350F1E700230022054920460094BB
:1021000034F061F9031EF0DB0020E8E70C0000006A
:10211000691E00082DE9F04F16468FB00A224FF0D5
:10212000FF384FF0FF3904460B925A060D46189FB0
:10213000CDE90C8903D4C36E13F0020328D000222A
:102140000023CDE90C2308A84AF031F808A8DDE9FE
:102150000C23DDE908894AF02AF8DDE90823CDE9F6
:102160000623E36EDB071AD4636800222849204661
:102170000093002301F0FCFD031E10DA5B42254AA8
:10218000FFF71CF813504FF0FF300FB0BDE8F08F91
:102190000CAA052101F0C0FE1F4A0023D3E74FF02F
:1021A000000A0DF12C0B6168DDE90C2337B30491B3
:1021B00020462946CDF804A0CDE90223199B3246DA
:1021C00000933B4634F088F90028DEDA0146CDF86A
:1021D00008B02046DDE90C23CDE9002342464B46FA
:1021E000FFF742FD0130CED008A8DDE906234AF012
:1021F00003F8DDE90823CDE90C23D4E7CDE900237A
:1022000002913B4632462946204634F007F9DBE787
:102210003F5803080C000000A08601002DE9F0479C
:102220004FF0FF338CB015464FF0FF3204460E4698
:10223000CDE90A230A236A06099303D4C36E13F077
:10224000020339D000220023CDE90A2306A8002783
:1022500049F0ADFF06A80DF1240ADDE90A23DDE906
:10226000068949F0A4FFDDE90623CDE90423DDE971
:102270000A23314620460297CDE9002300232A464F
:1022800034F005F900281EDA0146CDF808A02046F2
:10229000DDE90A23CDE900234B464246FFF7E4FC83
:1022A000431C10D006A8DDE9042349F0A5FFDDE9B1
:1022B0000623CDE90A23DAE70AAA052101F02CFE5C
:1022C000024A0023C2E70CB0BDE8F087A0860100F7
:1022D000F7B5B0F8963004460E46174603F0C00333
:1022E000C02B09D13F4B5F22FEF768FF1A504FF019
:1022F000FF35284603B0F0BDC36E5A0704D56268A7
:10230000FEF75CFF374BF1E79D0710D44FF0FF332A
:102310004FF0FF326946CDE9002333F004FB031E82
:1023200005DA5B422F4AFEF749FF1350DFE7002230
:1023300004F1700000232FF049FE044620B9294B18
:102340000B22FEF73BFFD1E7FFF774FA051E06DA12
:10235000204633F0D4F9204601F0E6FCC7E704F14B
:10236000700049F023FDA8B190F83230990711D5DB
:10237000E36E284643F00103E36633F08CF9204610
:1023800033F0BDF9204601F0CFFC164B7122FEF769
:1023900015FFABE7B4F896305A0508D5114B7122FA
:1023A000FEF70CFF1A50284633F075F9D0E723F4F6
:1023B00000733A4631462046A4F8963033F080F94F
:1023C00040B1284633F067F9064B8622FEF7F6FE49
:1023D0001A50BDE74FF44043034A21462846FFF711
:1023E0006FFA86E70C00000020DD04082DE9F04FAD
:1023F00090468DB099464FF0FF324FF0FF330D46B7
:102400000446CDE90423169B5906DDE9176703D47A
:10241000C36E13F002032FD000220023CDE9042362
:10242000169B703413F00203019339D0102200215F
:1024300007A8DDE904AB4AF0DFFC04230B948DF818
:10244000293001215B46524607A830F0B7FE00F163
:102450000B0103460B2919D840F68102CA40D20766
:1024600014D5204649F09EFC0446F8B9564B0B2281
:10247000FEF7A4FE1A500EE004AA042101F04CFD60
:1024800004A9204633F04FFA031EC9DA5B424E4AD4
:10249000FEF794FE13504FF0FF300DB0BDE8F08F03
:1024A000DDE9042320462FF091FDDDE7D0E903BAF2
:1024B000AEB1A7B134F042FA94F83230C3F302134C
:1024C00033808623C4E903BA3F4AFEF777FE1350F0
:1024D000019B002BDFD1204634F0CBF9DBE7002D48
:1024E00041D0EB680BB1AB6823B9374B0C22FEF738
:1024F00065FEBFE720464F4634F0D4FA81450646D4
:102500004FF0000328BF0746B846B8F1000F0FD1BF
:10251000B14503D2AB6943F02003AB612B69002BBB
:102520004DD0696971B30F2947D8C5F8148029E0E7
:10253000AA68D158D01821B9234B1622FEF73EFEC7
:1025400098E7426820460393424528BF42460292DC
:1025500034F04EFA039B029A083308B16923B3E7BB
:10256000A8EB0208D1E720464F4634F09BFA81459C
:102570000646414628BF074620463A4634F038FA18
:102580000028EBD1019BE3B9204634F072F9169B89
:1025900013F0200F0CBF384630467EE790440732D8
:1025A00022F00700103018448842BED822F00702FB
:1025B00013441A68002AF1D1B7E71944F9E76B61AF
:1025C000E0E7C4E903BAE2E70C0000002DE9F04FB0
:1025D00090468DB01E464FF0FF324FF0FF330D4650
:1025E0000446DDF858A0CDE90823B0F89630D907A5
:1025F0000ED5C3F34103022B0ED080235A4A4FF06D
:10260000FF36FEF7DBFD135030460DB0BDE8F08F0E
:102610000923F3E78623F1E71AF0400F02D1C36ED6
:102620009A0715D500220023CDE90823002EEBD010
:102630000AF4807BDDE90879CDE90586ADB1B8F112
:10264000000F12D1EB685BB96FF015004342D5E77C
:1026500013F00503EAD108AA042101F05DFCE5E7C7
:10266000AB681A685B68059207934FF0000802A8F0
:10267000CDE90A79DDE90A2349F099FD4646DDE90D
:102680000223CDE90023069B73B3E36E13F004002D
:1026900014D060684042002820EAE076D6DB20466D
:1026A000DDE9171233F00CF80028B3D11AF0020F4D
:1026B000AAD13146204633F039FFA5E7DB07EAD43B
:1026C00057EA090312D1D5B9534606AA05A92046EF
:1026D00033F038F8831950EA030643D157EA090763
:1026E0001AD0BBF1000F35D13046D4E70AA92046F5
:1026F000CDE90A7933F017F90028E4DACBE753463D
:1027000007AA05A9204633F01DF8064450EA06033F
:1027100005D157EA090302D16FF00A0096E7AA68CB
:102720004FEAC80352F83810014405910699091A76
:10273000069107990029D4D108F10108E968884574
:10274000D2D00833D118D2584B68059207930AB1FA
:10275000002BD4D10AA8DDE9002349F04DFDDDE9C5
:102760000A7990E71E46BCE70C000000F0B585B082
:102770001C461346DDE90A670AB3B0F89620C2F397
:102780008112951E012D08D80A4600940021CDE93A
:102790000167FFF72BFE05B0F0BD012A07D10A46FD
:1027A00000940021CDE90167FFF710FFF3E7054B27
:1027B0008622FEF703FD1A504FF0FF30EBE710467C
:1027C000E9E700BF0C000000F0B5B0F8963085B026
:1027D000C3F3811C644699B18E68D6B10023CF68DB
:1027E00004361D46AF4218D1023C012C1AD80C1DEC
:1027F00002940C68CDE900240022FFF7F7FD06E003
:1028000016230E4AFEF7DAFC13504FF0FF3005B0E6
:10281000F0BD0C23F5E78623F3E756F835E00135E4
:102820007344DFE7BCF1010FF5D10C1D02940C6875
:10283000CDE900240022FFF7C9FEE8E70C00000004
:10284000062938B514461A46049B3DD008DC0029F9
:102850003FD001290ED02A4B6D22FEF7AFFC17E0C6
:102860002929F8D1122C47D0132C47D0102CF2D1A3
:102870000F2135E0262C24D00CDC032C17D0042C9F
:10288000E9D11B68042B0FD01D4B1622FEF796FCD6
:102890001A502EE0272CDED11B68042BF4D1B0F89F
:1028A0009630C3F3C20300E04368136007E0B0F85A
:1028B0009610C1F381111B68042BE5D11160002033
:1028C00038BDB0F89410F6E7012CC4D16FF07A004F
:1028D000F6E7022C03D0212CBDD10D2100E0102100
:1028E00001F01AFB031EEADA5B42054AFEF766FCBA
:1028F00013504FF0FF30E3E70E21F1E71621EFE729
:102900000C000000062938B5154604461A46049BFB
:102910006AD008DC00296CD0012923D03F4B6D22FE
:10292000FEF74CFC2DE02929F8D1103D0A2DF5D8F1
:1029300001A151F825F000BF0B2A0008112A000858
:10294000152A0008192A00081D2900081D29000859
:102950001D2900081D2900081D2900081D2900083F
:10296000972900080D2D16D0192DD7D1B0F8961043
:10297000C1F3C2000138012805D9284B6A22FEF7AD
:102980001DFC1A501AE013B14AB1107828B921F48D
:102990000061A4F89610002038BD082B04D01F4B0E
:1029A0001622FEF70BFCECE7104600F0E5FE031ED6
:1029B00007DA5B42194AFEF701FC13504FF0FF3073
:1029C000EAE700F07BFD20B9144B1322FEF7F6FB7B
:1029D000D7E7B4F8963043F40063A4F8963000F0DB
:1029E0001FFE84F89800D6E7012D97D16FF07A008A
:1029F000D2E7022D07D0212D90D10D2101F060FAF0
:102A0000031EC8DAD5E71021F8E70F212046F5E7C5
:102A10001321FBE70E21F9E71621F7E70C00000070
:102A200000B5B0F89630C3F38110032813D0B1B1CC
:102A3000AAB1DA0511D5012811D1C3F34103022B44
:102A400014BF80231623074AFEF7B8FB13504FF03C
:102A5000FF305DF804FB5F23F5E78023F3E71623DF
:102A6000F1E700BF0C000000044B792200B5FEF72F
:102A7000A5FB1A504FF0FF305DF804FB0C0000007E
:102A8000014BDB68184700BF20DD040813B504467E
:102A900033F0FDFB031E08DA5B420A4AFEF78EFBA9
:102AA00013504FF0FF3002B010BD6368002206499A
:102AB00020460093002301F05BF9031EECDB0020AD
:102AC000F1E700BF0C000000D3590308F0B585B052
:102AD00006460F461546FEF7ADFE041E10DB6ABA29
:102AE00003ABF9B292B2B0B201F09AF8051E0CDA5B
:102AF00020466D4232F0CFFD164BFEF75FFB1D50B6
:102B00004FF0FF34204605B0F0BD0398002343602A
:102B1000703049F0F5F803980F490022436800939C
:102B2000002301F025F9051E03990BDA08466D42D2
:102B300001F0FAF8204632F0AEFD064AFEF73EFB01
:102B40001550DDE74FF44043044A2046FEF7B8FE37
:102B5000D8E700BF0C000000D359030864DD040867
:102B60002DE9F04389B04FF0FF384FF0FF390446AC
:102B7000109F0D461646CDE9068957B9184B7922A4
:102B8000FEF71CFB1A504FF0FF33184609B0BDE8A2
:102B9000F0835B0603D4C36E13F002031BD0002244
:102BA0000023CDE906236368294620460493DDE926
:102BB0000623CDE90223002332460193119B0093A3
:102BC0003B4633F089FC031EDFDA5B42044AFEF722
:102BD000F5FA1350D7E706AA052101F09DF9E2E7BF
:102BE0000C00000070B54FF0FF33154686B04FF073
:102BF000FF3204460E46CDE904236B0603D4C36EB0
:102C000013F002031AD000220023CDE90423DDE9EA
:102C1000040100232A46CDE90001029331462046F3
:102C200033F035FC031E06DA5B42074AFEF7C6FAAC
:102C300013504FF0FF33184606B070BD04AA0521AB
:102C400001F06AF9E3E700BF0C0000002DE9F04F46
:102C50001C468BB00F4692464FF0FF334FF0FF32C9
:102C600061060546159ECDE9002303D4C36E13F01B
:102C700002032DD000220023CDE9002314F002042A
:102C800005F1700B30D01022002105A8DDE9008984
:102C90004AF0B2F80423CDF824B08DF82130012198
:102CA00042464B4605A830F089FA00F10B020B2A88
:102CB00004D840F68103D340DA070ED443425F4A7A
:102CC000FEF77CFA13504FF0FF300BB0BDE8F08FE9
:102CD0006A46042101F020F9D0E7584649F062F82D
:102CE000804648B90B23EAE7DDE9002358462FF078
:102CF0006DF9F5E76923E2E7D0F808900020B9F113
:102D0000000F50D18245394628BF82464046524680
:102D100033F06EFE0028EDD1149B002B5DD0002E09
:102D20005BD0142249460DEB02004AF065F895F994
:102D3000980000F0C3FB054600284ED00323ADF8F1
:102D4000143000F06DFC069098F833305B0730D5F6
:102D500098F8212008F1220108A8082A8DF81F20E0
:102D600028BF08224AF021F8B8F830305BBAADF835
:102D700016302B68002B5DD01B7C032B08D1012360
:102D800008F1280205A92846ADF81C3032F045FEAE
:102D9000326805A91498142A28BF14224AF005F8AD
:102DA0001423336019E0B9F81030D9F804901844AE
:102DB000A5E72B68002B3DD01B7C032BE8D14046B8
:102DC000D8E9039733F0BAFDD8F80820D36813B1D7
:102DD000128A0D2A07D8C8E9039740463CBB33F056
:102DE00048FD504671E706228DF81F20D3F80600F3
:102DF000089028465A89ADF82420597B1A7B42EA6C
:102E0000012205A9ADF816200122ADF81C201A6890
:102E10009B88CDF80E2003AAADF8123040F2036370
:102E2000ADF80C3032F0F9FDC8E90397B0E733F0A4
:102E300085FDD6E799F80030FFDE00BF0C000000EA
:102E400013B5049C43B13CB1084CE46AA446019418
:102E500002B0BDE810406047054B1622FEF7AEF900
:102E60001A504FF0FF3002B010BD00BF20DD040843
:102E70000C00000010B4024C246BA44610BC604748
:102E800020DD04082DE9F843074632F00AFE0A8ED9
:102E90000C46D0F8088092FA92F9B8F1000F5BD096
:102EA000D8F81C30002B5AD091F83230C3F30213FB
:102EB000032B07D14B69DBB3B3F8963003F0C003A3
:102EC000802B35D1002A4AD094F829304BB9254BB4
:102ED0001A68C4F829209A889B79A4F82D2084F8D0
:102EE0002F304FF47A7200230E21204601F06AF849
:102EF000054620B96FF00B052846BDE8F88350F869
:102F00000C6F0E2132F09FFBD4F82A302046294660
:102F10003360E38DB380D4F82230C6F80630E38CFA
:102F2000A6F80C90738133F0CBFC204633F006FDFD
:102F30003846D8F81C30214632F0B3FD9847054694
:102F40000028D9D1A3681BB9204633F092FCD3E7FF
:102F50001A8A5B681544F6E76FF00105CCE76FF05D
:102F60008505C9E7C2EC04082DE9F0478F680546DE
:102F70000C46FB6813B90220BDE8F0873A8A0D2A97
:102F8000F9D9D3F8062003202A3141F8082C5A89B0
:102F900001F80A0C21F8042C062201F8092C1E68FD
:102FA000C4F82A609E8894F82AA0E68584F8280050
:102FB000BAF1FF0F84F829209B891FFA83F95BBAC5
:102FC0001FFA83F823867DD194F82B30FF2B79D11B
:102FD00094F82C30FF2B75D194F82D30FF2B71D144
:102FE00094F82E30FF2B6DD194F82F60A6F1FF03DB
:102FF0005E425E41FDB1286840B1427C062A1AD18A
:10300000123049F008FFB0FA80F04009B6B10E2145
:1030100007F10C0032F01DFBA368ABB92B4B2C4A17
:103020002C49934212D394F83230012023F07003DC
:1030300084F832301CE00020E8E728461AF0010F3F
:10304000E5D10028E3D196E75B68E6E7988940453B
:1030500004D15868884201D19E680EB91033E0E768
:10306000224641462846B047002885D0022882D013
:1030700048F6886399453FF47FAF94F83230C3F344
:103080000213012B15D1A368DB685B885BBA9BB286
:103090002D2B3FF671AFA268002A3FF46DAF118A65
:1030A000994232BF5B1A13820023526838BF9BB229
:1030B000F2E7022B7FF460AFA368DB689B885BBA02
:1030C0002833E4E7002DB8D0002694E784DA04081A
:1030D00084DA0408A80F022030B58FB004460D46EC
:1030E00032F0E4FC43050BD5302322460620064986
:1030F000009302AB8DF8085000F024F80FB030BDFB
:103100006FF08500FAE700BF0000905038B501234A
:1031100005460B4932F0C0FC037604464561043095
:1031200048F097FE284632F0C1FC430542BF237E9B
:1031300043F004032376637E43F00203637638BDD5
:10314000F35A03082DE9F04707468CB08A461C461F
:103150009046002A00F010811368002B00F00C81CB
:103160001E68302200216846D6F808906D4649F066
:1031700043FEB9F1000F00F0FC80D9F8103023B9FC
:103180006FF085000CB0BDE8F08714B96FF0150042
:10319000F8E7149B302BF9D1013F794B4AEB030A36
:1031A000102F7AF1000AF1D20F2FEFD801A353F8B4
:1031B00027F000BFF531000827320008613200080F
:1031C000AF320008D7320008053300088D310008FF
:1031D0008D3100088D3100088D3100088D310008D7
:1031E0008D3100081F3300083D3300088D31000881
:1031F000573300080021404632F0DCFC002876D12D
:1032000020686A46A38800903046ADF80430D9F8AB
:10321000103098470028B5DB03230622214640469C
:1032200032F0FCFDAEE74FF40071304632F0B4FCF2
:103230000028A5D023797BB1023B012BA6D92068B9
:103240002B46616803C3A06801211860D9F81030CB
:103250002A463046984795E7A368642BEFD995E74F
:103260004FF40031304632F097FC002888D0637963
:10327000012B8BD02379032B0BD1424B226A9A422C
:1032800084D8D4E904128B424FF000039341FFF439
:103290007DAF2A4604F130072068083454F8041C36
:1032A0001346BC4203C31A46F6D10221CEE74FF4BF
:1032B0008021304632F070FC00283FF461AF237962
:1032C000042B3FF463AF20686B46616803C3A068BA
:1032D00003211860BAE74FF40021304632F05CFC5D
:1032E00000283FF44DAF404632F070FC10B16FF053
:1032F0000C0047E720686B46616803C3A06804219F
:103300001860A3E74FF48061304632F045FC002896
:103310003FF436AF237805218DF8003096E740461C
:1033200032F054FC0028E2D120680921A288A37958
:103330000090ADF804208DF8063087E74FF4801137
:10334000304632F029FC00283FF41AAF23780A21D6
:103350008DF800307AE74FF48051304632F01CFC93
:1033600000283FF40DAF61686B46206803C3072156
:103370006CE76FF0010005E700239B68FFDE00BFEC
:10338000FFFF6FAFFFC99A3B002307B50246044910
:103390000120009300F0CAFB03B05DF804FB00BFFE
:1033A000000090D0002307B5024604490220009394
:1033B00000F0BCFB03B05DF804FB00BF000090D040
:1033C00038B50D46044680B132F0AAFC43070FD54C
:1033D0000A4B204632F091FC83420CD1294620460C
:1033E000FFF77AFE00EAE07038BD6FF01500FBE7EA
:1033F0006FF08500F8E70020F6E700BFA80F022075
:103400002DE9F3410368002104469F7E32F095FCCC
:1034100070BB02252368002B4BD0264620469D76A4
:1034200032F0C0FC56F8108B48F0BFFE00230A2291
:10343000FCF776FFC8E90801304632F0BAFC236891
:103440009B7EAB4235D1062D28D1062F31D02046A8
:10345000082132F07EFC0023224602200093164908
:1034600000F064FB204602B0BDE8F04132F058BCE9
:10347000204632F047FC48F0F8FA68B109212046AE
:1034800032F05BFC0028C4D00A21204632F055FC03
:10349000C0F10605EDB2BDE70325BBE7062F08D155
:1034A0002046082132F068FC0023224601200093C8
:1034B000D5E702B0BDE8F081000010D0002809DD9A
:1034C000431E3C22044802FB0300044B984228BFE1
:1034D0000020704700207047400F02207C0F022020
:1034E00008B50246064B07498B4202D30023184613
:1034F00008BD184632F006FC8242F8D03C33F3E7B0
:10350000400F02207C0F0220054B064A934205D053
:10351000054A1068002808BF184670470020704709
:10352000400F02207C0F022080570220F8B54FF098
:10353000FF33054617460E484FF0FF320E4632F075
:103540002FFC0C4B1B680BB11C6823B90848BDE865
:10355000F84032F02EBC5B683A4631462846984720
:103560001CB1226823461446EFE72246FAE700BF63
:10357000080E0220785702200023F7B504460D46B6
:10358000CDE90033002943D0244B1B6853B195F893
:1035900029202A31062A3BD80DF102008DF801209E
:1035A00049F003FC092120466F6932F0C6FB88B35D
:1035B0000D21204632F0C1FB38B94FF0FF324FF0F9
:1035C000FF3304F1240032F0EBFB2046294632F0B1
:1035D00094FB4368204698470D210646204632F06A
:1035E000ACFB18B904F1240032F0E3FB002E02DA40
:1035F000284633F03EF91FB13146384632F087FB9A
:103600009DF8013023B1324669462046FFF78EFF10
:1036100003B0F0BD6FF07206EAE700BF78570220F2
:10362000074B984208D3074A904205D2C01A064B6E
:1036300080105843013070474FF0FF30704700BF93
:10364000400F02207C0F0220EFEEEEEEF8B50546AB
:103650000E46054C054FBC4200D3F8BD204631460E
:103660003C34A847F7E700BF400F02207C0F022040
:1036700037B5054632F096FB0021284632F05DFB57
:1036800050BB284632F039FB044680B1846874B1DF
:10369000284632F037FB48F0E8F900B3284601210C
:1036A00032F02BFB836828469847041E0DDB00216F
:1036B000284632F04EFB002308202A460949009391
:1036C00000F034FA2846FFF79BFE05F1100032F0B7
:1036D00070FB204603B030BD6FF07704F5E76FF064
:1036E0000504F2E7000010D00A4A08B5034632F09C
:1036F00004FB824208D14BB11B683BB19B68987EAA
:10370000431E5842584108BD0020FCE700239B7E21
:10371000FFDE00BFA80F02202DE9F0410D4606464E
:10372000E8B1E1B10846FCF727FE08281AD8104F87
:10373000441CDFF84080474507D322462946301D08
:1037400049F033FB0020BDE8F081B74205D02246A6
:103750002946381D49F05FFB38B13C37EBE76FF085
:103760001500F0E76FF05A00EDE76FF07700EAE739
:10377000400F02207C0F022070B50546B0B10D4C01
:103780000D4EB44202D36FF0010070BD2846FCF725
:10379000F3FD29460246201D49F05CFB20B9204676
:1037A000BDE87040FFF73CBF3C34EAE76FF015001E
:1037B000EBE700BF400F02207C0F02202DE9FF4104
:1037C0002D4C4FF0FF322D4E4FF0FF332C4F2D4D2F
:1037D0002D4832F0E5FA33F03BFAB44205D32A48DB
:1037E00004B0BDE8F04132F0E4BA00222046C4E95A
:1037F0000122227332F086FAD0F80880B8F1000F67
:1038000014D0D8F800308BB104F1100048F0E7F97B
:1038100004F1240048F0E3F9D8F800302046984736
:1038200094F8383023F0030384F83830237983B9CF
:103830002046FFF759FF70B1144A1368591C1160F4
:10384000134A092101A830F095FE01A92046FFF78F
:1038500063FF3C34C1E7204632F04FFA874205D17E
:103860000C4A1368591C11600B4AEAE72B685A1C72
:103870002A600A4AE5E700BF400F02207C0F0220C1
:10388000A80F02206C570220080E02207457022055
:10389000CAEC040870570220D1EC0408D7EC0408E5
:1038A00038B5074C074DAC4200D338BD0321204644
:1038B00032F043FA10B92046FFF7DAFE3C34F2E763
:1038C000400F02207C0F02202DE9F041474F86B0C7
:1038D0000022002302A946482EF054FA054610B1F2
:1038E00006B0BDE8F081434C4FF0FF32DFF80881AD
:1038F0004FF0FF3341482EF0A7FA44450CD3404D1A
:103900002C681CB126684FF0000824BB3B4832F0FD
:1039100028FB2FF069F8DBE7DDE90201D4E9002399
:1039200081EA03063E4214D1C1F31306064309D0CF
:10393000C3F31306164305D00B400240C3F3130331
:103940001A4306D0E368049ACDE900530023A66821
:10395000B0471034D1E7DDE90223D4E9021083EA4D
:10396000000C1CEA070F2CD1C3F3130C52EA0C0C09
:103970000CD0C0F3130C51EA0C0C07D003EA000C76
:103980001140CCF3130C51EA0C011AD0000161680C
:1039900024D5886918B1DDF810C0604511D1C4E99B
:1039A0000223049B8B612368B8F1000F0ED16A6873
:1039B0002B60944200D16B600023606823602EF07E
:1039C00037FB8EB1336834461E469EE7C8F8003098
:1039D0006B689C4208BFC5F80480EDE70498A046D8
:1039E000009020468847ECE73346ECE70000F037CC
:1039F000580E0220A4DA0408A4DA0408300E0220CB
:103A0000845702200C4B00211A6802B97047824289
:103A10000FD1026839B959681A60884200D15A60DA
:103A20000023036070470A605A68904208BF5960DB
:103A3000F6E711461268E8E78457022070B50022C5
:103A400000230021164C1748174DC4E900230B46EC
:103A50000A46A8420CD391B1C4E90032134909685F
:103A600081B10868002579B90DB1C4E9003270BD93
:103A7000D0E9006110300A4333430121E9E70B46E6
:103A80000A46EBE70846EDE7D1E902512B430A432A
:103A900020B10568014628460125E4E70546F9E717
:103AA000D04F0220A4DA0408A4DA040884570220C4
:103AB00010B504464FF0FF324FF0FF330D482EF0A3
:103AC000C3F92046FFF79EFF0B4B1A6822605A6825
:103AD0001C6002B95C60094BD4E90212D3E90040D2
:103AE000214302430348C3E90012BDE8104032F00D
:103AF00038BA00BF300E022084570220D04F022077
:103B000010B504464FF0FF324FF0FF3306482EF059
:103B10009BF92046FFF776FFFFF790FF0248BDE8CC
:103B2000104032F01EBA00BF300E02201B4B70B5A1
:103B30000C461646C1F301720546D3E9001332EA7A
:103B400013722AD1C4F3065232EA135225D124EA61
:103B5000030320EA0101C3F3130319431DD14FF0FE
:103B6000FF324FF0FF330E482EF06EF90D4B00225E
:103B7000194643F80C5C41F80C29C1E9014664225E
:103B80000023094848F01CF8054832F0EAF90749D3
:103B90000748BDE8704048F078B970BDD04F0220AA
:103BA000440E0220CC4F0220580E02206008022052
:103BB000D84F02207FB5FFF741FF00230948CDE928
:103BC0000433094B039348F070F903AB4FF4507280
:103BD000064900934FF0FF3302482EF0C3FB07B0B5
:103BE0005DF804FBD84F0220DDEC040840A702205A
:103BF0000A4B00211A4610B5B3F89640E40706D5E3
:103C00005C6C844203D19C2303FB012010BD013175
:103C10009C330A29F0D10020F8E700BFA457022006
:103C200003282DE9F0478A4690461F4611D009D84F
:103C30000138012894BF6FF05F046FF069042046DB
:103C4000BDE8F087042814BF6FF069046FF05F04CB
:103C5000F5E78B1E012B5BD8002F5CD04FF0FF33B4
:103C60004FF0FF322D4800252EF01CFA2C4B9946C0
:103C7000B3F8964014F001040DD001359C330A2DA1
:103C8000F6D16FF0010425482EF0D2F9002C18BFB0
:103C90006FF00104D3E79C222146554309EB05064A
:103CA000304649F0A9F8FFF72FFCB8F1060FE8D02D
:103CB000FF230121A6F8964086F89830BFF35B8F6A
:103CC000184B2B4453E8002F43E800100028F9D18B
:103CD000BFF35B8FB6F89600A6F8948040EA8A108E
:103CE00040F01800A6F8960005F154004FF0FF329E
:103CF000484448F05FF805F10C00484447F06FFF76
:103D0000B6F8963043F00103A6F896303E60BAE765
:103D10006FF06A0493E76FF0150490E78C57022068
:103D2000A4570220AC57022070B50446D8B10F4BFF
:103D3000984218D303F5C363984214D200F10C06DD
:103D400000254FF0FF324FF0FF33304632F03AF9A2
:103D500030462565C4E9125532F036F9204632F076
:103D600063FA284670BD6FF01500FBE7A4570220E8
:103D70002DE9F04F1F46B0F8963093B00446DB07AC
:103D80008A469046DDF870B040F1948000F10C0650
:103D90004FF0FF324FF0FF33304632F013F9B4F8F2
:103DA0009650C5F3C205032D40F081800DF1200926
:103DB00014220021484649F01FF894F99800FFF7B3
:103DC0007DFBE26A03469AB9B4F89420ADF834500A
:103DD00052BAADF8362010B1FFF722FC0346142288
:103DE0000DA920460E9332F052FA0546002840D124
:103DF0000323E16AADF82030636A0993638CADF860
:103E0000223094F82B308DF82B3049B111F8012C69
:103E10000BA8082A8DF82B2028BF082248F0C5FFE0
:103E2000606CC4F848A058B300235A462349009355
:103E3000CDE9019300F06AFB0028054619DB58EA3A
:103E4000070316D0543420462EF052F9304632F093
:103E5000BBF842463B4620462EF024F90B304FF08B
:103E6000FF324FF0FF33304608BF6FF0730532F07A
:103E7000A9F8304632F0A8F8284613B0BDE8F08F14
:103E800004F14403B4F89610CDF80090C1F3C202D7
:103E9000C1F38111CDE905B3084BCDE90100CDE9AE
:103EA00003430346B4F8940000F010FAC4E76FF03F
:103EB0006A05DEE76FF00805DEE700BF675F03080D
:103EC00038B50D4610B3134B98421FD303F5C363A7
:103ED00098421BD200F10C044FF0FF324FF0FF3339
:103EE000204632F06FF8132D09D8002D0CBF0025A5
:103EF0006FF08505204632F067F8284638BD153D3D
:103F0000032D94BF6FF085050025F3E76FF01505CD
:103F1000F3E700BFA45702202DE9F0410C461646F6
:103F20001D468046A8B31C4B984232D303F5C363A9
:103F300098422ED200F10C074FF0FF324FF0FF33C2
:103F4000384632F03FF8142C09D005D8013C122C29
:103F500015D86FF0850413E0153C032CF8E7B8F88A
:103F600096301B0512D598F99800FFF7A7FA10B103
:103F7000006800B1008B30600DB104232B60002479
:103F8000384632F021F82046BDE8F0816FF0690430
:103F9000F6E76FF01504F6E7A45702204FF0FF3262
:103FA0000121014847F006BF8C5702200146014815
:103FB00032F044BCE80E02200146014832F03EBC1B
:103FC000140F022010B404460846054964688C4268
:103FD00002D110BCFFF7EABF10BCFFF7EDBF00BF76
:103FE000A80D022073B5044616461D4647F080FF13
:103FF00008B1002635462B46324601A920462DF051
:1040000029FE0546B8B938220146019848F0F4FE69
:104010000A4A019801239442C361446005D180F8A3
:10402000343032F08BFC02B070BD054B9C4208BFAF
:1040300080F83450F5E70020F5E700BFC40D0220FA
:10404000A80D02202DE9F743DDE90A6705469046F1
:104050001C46894629B923B990F8323013F0700F05
:1040600040D047F045FF08B100260027284632F02F
:1040700031FC00283AD195F8323013F0700F35D06A
:10408000012C35D0A4F13A02534253419B00AA6956
:104090004B447AB312686AB35168194CA14229D1D2
:1040A000118B0E31091A6C68164842469942CDE9C7
:1040B000006728BF1946144E144BB44218BF184667
:1040C00032F003FB0146B8B1284632F03DFCB8F1AE
:1040D000000F07D0A86841460C3031F0B0FA2846EE
:1040E00032F02CFC002003B0BDE8F0830023CEE7C3
:1040F0000423CCE71946D5E76FF00B00F3E700BFC8
:10410000A80F0220140F0220C40D0220E80E022086
:104110002DE9F743DDE90A45064690460F4639B9D1
:1041200032B990F8323013F0700FC3F3021026D07A
:1041300047F0DEFE08B100240025B06950B94346BF
:10414000002239463046CDE90A4503B0BDE8F043C8
:10415000FFF778BF72680C4B9A42F0D103688BB1BD
:104160005B68D3F81090B9F1000FE8D043463A46A7
:104170003146CDE90045C84710F1860FDFD003B0C6
:10418000BDE8F0831B69FFDEC40D022030B585B0A9
:10419000DDE90845009313460A4601460348CDE988
:1041A000024532F0E2FB05B030BD00BFC40D022075
:1041B00030B585B0DDE90845009313460A4601464F
:1041C0000348CDE9024532F0D0FB05B030BD00BF59
:1041D000A80D0220A02208B5034B02FB003047F0D7
:1041E000CCFD002008BD00BF785002200828024BFB
:1041F00028BF0020185C7047BE59050810B588B06C
:104200000F4C204647F07CFD4FF0FF324FF0FF335C
:104210000C4904F118000094CDE906230023CDE9F0
:104220000323CDE901334FF4C062074B2EF0E2F9CE
:1042300020B108B0BDE8104047F016BF08B010BD6F
:1042400078500220C0AA0220316C0308014608B54C
:1042500058B1084BBFF35B8F1B68BFF35B8F33B163
:10426000054847F08AFD002008BD0120FCE7022038
:10427000FAE700BFBC5D0220D00E022002460B46CA
:1042800001482DF0E1BD00BFE00D022001482DF0F6
:104290004DBE00BFE00D02204022002110B50446B3
:1042A00048F0AAFD4FF0FF304FF0FF31FFF7E6FF77
:1042B000054B1A6822605A681C6002B95C60BDE850
:1042C0001040FFF7E3BF00BFC85D02202DE9F04FAB
:1042D00085B01D4682469146BDF84030119CBDF820
:1042E0003C60019100934CB394F99800FFF7E6F815
:1042F0000746204631F086FF83464FF0FF304FF0EF
:10430000FF31FFF7BBFF614B1B6833B1009AD3F855
:10431000008051BA8AB202929BB9FFF7B7FF4FF003
:10432000FF304FF0FF31FFF7A9FF594B1F68002FF7
:104330004ED16FF00108FFF7A9FF36E02746A346EC
:10434000DBE7198F514518D193F83B10494514D13B
:104350000E9A92B993F83C1048070ED4588B029AE3
:1043600090420AD14DB9890707D4BBF1000F0CD197
:1043700071BAD88889B2884211D0B8F1000F25D01F
:10438000D8F8001043468846C6E7186B0028EFD0DF
:10439000039331F037FF039B0028E9D0EDE71B6B57
:1043A0003BB96FF06F08FFF771FF404605B0BDE8FD
:1043B000F08F002FF5D0B3F896100A05F1D593F9D8
:1043C0009800FFF77BF88742D7D1EAE74146D9E763
:1043D00059683A688F421A6008BF5A6000233B60F0
:1043E000FFF754FF2DB10E9B1BB12A881B889A4200
:1043F00045D1129B3846009AFB62139B0E997B6352
:10440000019BA7F838A087F83A3087F83B903C63C7
:1044100032F01FFC804690BB8DBB97F83C304EB30A
:1044200023F0220376BA43F00803FE8087F83C307D
:10443000149B03B11F6097F83C304FF0FF304FF0F2
:10444000FF3143F0010387F83C30FFF717FF0F4BB4
:104450001A683A605A681F6002B95F60FFF716FF7A
:10446000204631F0D1FE97F83D3060F3000387F825
:104470003D309AE723F02A0387F83C30D8E73846E6
:104480006FF01508FFF708FF8FE700BFC05D02203F
:10449000C85D02201B4B984210B504462CD303F58F
:1044A0002073984228D890F83C30DB0727D54FF08E
:1044B000FF314FF0FF30FFF7E1FE134B00211A6888
:1044C00052B1944215D1226869B959681A608C4278
:1044D00000D15A6000232360FFF7D8FE2046FFF783
:1044E000DBFE002010BD0A605A68944208BF596084
:1044F000F0E711461268E3E76FF01500F2E76FF09E
:104500000100EFE7D05D0220C05D0220F8B5184E33
:1045100004461F46BDF81850B04202D26FF0150095
:10452000F8BD06F52076B042F8D890F83C30DB07AD
:104530001BD5C16242630799BDF8202032F089FB88
:104540000028EBD1002FE9D194F83C3045B123F09D
:1045500022036DBA43F00803E58084F83C30DFE7BE
:1045600023F02A0384F83C30DAE76FF00100D7E744
:10457000D05D02202DE9F34B90F832300546894694
:104580009046C3F30213032B50D14FF0FF304FF08E
:10459000FF31FFF773FE274B1C6824B902B0BDE85A
:1045A000F04BFFF773BE2946206B32F07BFB60B304
:1045B00094F83B30032B28D194F83A30434524D16A
:1045C000238F13B34B4504D0032B02D0B8F1030F54
:1045D0001BD194F83C305B070FD42846D5E903B7CC
:1045E00032F0ACF94FF47A720023284632F0E1FA47
:1045F000064660B9C5E903B707E0E669002EECD0CE
:10460000A869FFF70DF88642E7D02468C5E7636B19
:104610000146204600930023D4F82CC01A46E047F8
:104620000228E7D1304632F024F9E3E702B0BDE8D2
:10463000F08B00BFC05D02200A4A002310B5C2E91A
:104640000033094A184611461446013340320860C7
:104650000A2B02D008461146F7E7044B044AC3E987
:10466000002410BDC05D0220D05D0220C85D022084
:104670001060022007498B4208BF022A08B507D103
:1046800005482DF035FD0548BDE808402DF0D0BCAB
:1046900008BD00BF000010D0880E0220B80E022016
:1046A0002DE9F84F0A2690461F46054693FBF6F67D
:1046B00020B9FEF729FF054600287CD003212846B3
:1046C00032F015FB18B16FF07200BDE8F88F002FC3
:1046D0003FDB41D13C463A4902223A4B08464B6007
:1046E000394BC1E90223FFF7E3F90021284632F0F4
:1046F000FEFA98B30821284632F0F9FA70B3304830
:10470000FFF7FEF931482DF0F3FC31482DF090FC15
:10471000002F01DD002CD6DB26EAE6760A23DFF83F
:10472000B4A0A6FB0365BFF35B8FDAF80030BFF3DC
:104730005B8F38EA030304D0002C04F1FF3933DC2B
:104740004C4601343AD1002FCCBF6FF073000020EB
:10475000BBE74FF0FF34BEE70A24BCE74FF0FF325F
:1047600001211A4847F026FB26EAE6730A22DFF801
:104770005CB0A3FB0259002C04F1FF3A02DDDBF828
:10478000083023B90E485446FFF7BAF9C0E710487D
:104790002A464B462DF086FC08B95446EBE7DBF879
:1047A0000830002BF9D1EDE7094832462B464C463C
:1047B0002DF078FCB7E76FF0010086E7002084E772
:1047C0001851022075460008000010D0880E022003
:1047D000B80E022050600220002313B50C4601934E
:1047E00068B901A90948FEF731FF019828B147F2DD
:1047F000305300222146FFF753FF02B010BDFEF7F1
:104800006FFE01900028F0D1EBE700BF076D0308B1
:104810000349002008B5FFF7DFFF002008BD00BFF7
:10482000E6EC040807B5084A92E80300CDE9000168
:1048300006488268126822B16946904703B05DF865
:1048400004FB6FF05700F9E7A4DA040834D4040835
:104850001F2809D8012303FA00F0044B5B69984331
:104860000CBF01200020704700207047003C014031
:1048700000F01F0201231F2803FA02F303D8034AA2
:104880000020536170476FF015007047003C0140F5
:10489000044B18440023013300F8012B8B42FADB50
:1048A000704700BF0C0D02202DE9F041054600269F
:1048B0000F4F4FF00108F4B26B78A34201D8BDE866
:1048C000F0812B781C442046FFF7C2FF68B12046D8
:1048D000FFF7CEFF57F834303BB107EBC40204F0CA
:1048E0001F04516808FA04F098470136E3E700BF57
:1048F00054600220034660B1B0FA80F2C2F11F0298
:10490000D2B205498856054A11680B431360FCF77B
:1049100043BBFF22F5E700BF0C0D0220003C014025
:10492000024A136823EA000313607047003C014009
:10493000032921D8DFE801F0020C10190F4B9A6807
:1049400022EA00029A60DA6822EA0002DA6070471E
:104950000A4B9A680243F5E7084BDA680243DA60CB
:104960009A6822EA00029A607047044B9A680243F0
:104970009A60DA681043D860704700BF003C01407D
:1049800030B5B0B1B0FA80F3C3F11F03DBB20B480E
:1049900050F833408C4204D100EBC3056D6895425A
:1049A00005D044B940F8331000EBC300426000204A
:1049B00030BDFF23EBE76FF00F00F9E754600220F2
:1049C00060B1B0FA80F3C3F11F03DBB2044A0021E7
:1049D00042F8331002EBC30251607047FF23F5E742
:1049E0005460022000F003020F230432920093402F
:1049F000074A43EA9000C3B2023352F82320030C63
:104A000093FAA3F302EA1040B3FA83F3D840704755
:104A10000038014038B52A4B14460D4618680B88FB
:104A20008208C3F30B03142B17D8EBB1013B132BF4
:104A30001AD8DFE803F00B0A0A0A3C242E191919C8
:104A400019191919191919223A0B002020602B681D
:104A5000B3F5805F2DD2002038BD382BF6D006D8B4
:104A600023F00403302BF1D06FF08500F4E7442BE2
:104A70000DD0A82BEAD0402BF6D11046E6E700F087
:104A8000CBF81923B0FBF3F04FF4D8735843400828
:104A9000DCE700F0C1F81923B0FBF3F04FF4D87352
:104AA00058430923B0FBF3F0D0E75000CEE70548A8
:104AB000CCE7C3F313330133B0FBF3F02060CAE754
:104AC000B00C022040787D01142808D8054BC34063
:104AD00013F0010F0CBF6FF08500002070476FF0DE
:104AE00085007047E2001C0070B5464C00F0C8F825
:104AF000454D204632F0F3F92CF03AFBAB68434ABF
:104B0000C3F30313D35C20FA03F613781C41A642C7
:104B100002D220462CF0C6FE2B6823F480232B60A3
:104B20002B6843F480332B60374B1A689203FCD513
:104B30009A6802F00C02082A17D11A68950707D460
:104B40001A6842F001021A602F4A13689807FCD5D0
:104B50002D4B9A6822F003029A609A6812F00C0FAB
:104B6000FBD19A6822F0F0029A60274D2B6823F05F
:104B700080732B602B689901FCD4254AD2F8043845
:104B800023F44033C2F80438D2F8043823F07063B9
:104B900043F01063C2F8043800F042F82B6843F089
:104BA00080732B60184B1A689201FCD59A6822F02A
:104BB000F0029A609A6822F0030242F002029A60C0
:104BC0009A6802F00C02082AFAD1A64202D32046C3
:104BD0002CF068FE0F4B00200A4A1A600A4B9A68B4
:104BE00022F4E05242F4A0529A609A6822F46042A1
:104BF00042F400429A60D3F88C2022F08072C3F80D
:104C00008C2070BD00E6DF0C00380240BD5D050859
:104C100000300240B00C02200048704740787D010F
:104C2000114B12495A681140114A0A4311495A60FE
:104C30005A681140104A0A435A601A6842F080725A
:104C40001A60A3F5E4331A6842F480321A605A6895
:104C5000D203FCD51A6842F400321A60074A53683E
:104C60009B03FCD5704700BF003802400080BCFFAA
:104C7000196C40000080BFF0196C400900700040C2
:104C8000064B82B01A6C42F080521A641B6C03F01F
:104C900080530193019B02B0704700BF003802406F
:104CA00008B5074846F0E1FE38B10648FCF700FCBD
:104CB0000448FBF729FE002008BD6FF01200FBE757
:104CC000D8D50408C94C00080A2838B50446074D51
:104CD00004D1AB680D2128465B689847AB68E1B208
:104CE00002485B689847204638BD00BFD8D5040805
:104CF00037B5456804691348291D83681B68EBB103
:104D00009847002818DB01AA0021286832F019FD15
:104D1000002811DB019B00221979186832F023FD6D
:104D2000002809DB04F118002CF05AFD012220466E
:104D3000114647F03FF8002003B030BD6FF0570038
:104D4000FAE700BF34D40408014B1868704700BF6D
:104D500044090220F0B5044689B0002841D0036818
:104D6000002B3ED01E68062203233569776829464A
:104D700041F8040B31F052F82046FEF7C7F905F16F
:104D80000C0032F05FF92046174C31F099F820689A
:104D900046F06BFE30B1206883689B6813B13246E1
:104DA000124998473B6805F5E864984700220023BC
:104DB00005F5807120460096CDE9062300236FF0AB
:104DC0000D02CDE90133CDE90323094B4FF4C06255
:104DD0002DF010FC0749204609B0BDE8F04047F02F
:104DE0008DB800231B69FFDE44090220616F0308B0
:104DF000B36F03082BED04082DE9FF410646056952
:104E000044680027DFF8CC80237ABB422DD801AA62
:104E10000021E06832F095FC002832DB019B002283
:104E20001979186832F09FFC00282ADB237C2F1D9B
:104E3000002B36D148F20203AB80E123AB710C2189
:104E400001A800F09BFA0C2101A830F026FC00908C
:104E5000BDF800209DF80230A5F807206B7230469F
:104E60002F6100F06DF960B109E0627A6168BA42C1
:104E7000D8F8083001EBC7010DD19B6923B96FF059
:104E8000040004B0BDE8F0810022404698470028A5
:104E9000F5D10137B8E71B68002BF0D040469847A2
:104EA000F5E7E27D04F11101384647F07EFF237CEF
:104EB000012B0CD1E07DC0F106013844FCF75AFD0E
:104EC0002B7923F0010343F002032B71C7E7032B77
:104ED000C5D0AFE734D4040808B5094B00201A4602
:104EE000197B31B1013010330428F9D12DF07CFD4C
:104EF000F3E702EB0012012380B2137308BD00BF79
:104F00001061022000230C4A10B512F83310DC00A7
:104F100069B90A4A42F83310224491800121917103
:104F20004FF4BF61064A01FB0323036010BD013348
:104F3000042BEAD10023F8E75661022050610220D9
:104F40002019002010B5084C121B084CD2106243E7
:104F5000074C04EBC2029380036813B902600A6035
:104F600010BD0B681A60FAE7201900203F6F93EE1E
:104F7000506102208288054B03EB021300221A7352
:104F80009B68002BFBD18371704700BF106102202A
:104F90002DE9F74F0C4605698B684FF00008002B90
:104FA0005DD1B8F5BF5F54D8404E0023DA000192BE
:104FB00016F83320002A56D1DA003D4F3D4EC14647
:104FC00007EB020A012247F833408AF80620FFF770
:104FD00083FF06EB001BAAF80400B9F5BF6FDBF8EE
:104FE000001046D84A46204631F002FD002854D130
:104FF000019B05F10C04D4351F44BB88CBE901901B
:1050000006EB0316DFF8B090C9F80480C9F834A0A5
:10501000C9F8086028462DF06BF84946204646F04E
:1050200018FB00283FD1C822284600232DF03AF86B
:10503000054650B120466FF0040546F0EAFC2046D4
:1050400046F0EAFC204646F0EAFC204646F0A6FB85
:1050500008B16FF00405284603B0BDE8F08F1A8A46
:105060005B6890449BE70133042B9FD12DF0BCFC7F
:105070009BE74FF4BF62204631F0BAFC68B9FFF7F6
:105080002BFF4FF4BF6306EB0010A9F5BF69CBF807
:105090000430CBF8080083469FE76FF06805504660
:1050A000FFF768FFD7E76FF00405F8E7F660022026
:1050B000F060022010610220706102202DE9FF41A2
:1050C0000569002403A905F10C00039446F0F2FAE7
:1050D000014618BB039B2BBB28684FF47A7400254C
:1050E0001A46CDE90045FFF763F8044690B1039DE9
:1050F0004FF4BF67104EDFF8448065B1A91BAA8842
:105100002046C91007FB018131F076FD70B12046C1
:1051100031F0AFFB0024039B00224BB9204604B0C2
:10512000BDE8F0819A881B681144D4E72D68E4E754
:105130009A711B68F1E700BF50610220201900201E
:1051400070B51A4B0569AB6105F10C06184B30467A
:10515000EB614FF4BF632B622CF0C4F9044610BB23
:1051600030462CF03DFB4FF0FF32214605F1BC00EC
:1051700046F020FE0122214605F1D40046F01AFE39
:105180000C4B212220461A600B4AC3E904440B4B06
:1051900003F5BF61136003F53F631161136203F50B
:1051A000BF63136370BD6FF01500FBE700000020C4
:1051B000A000002070610220106102204001002048
:1051C000F0B500234768056985B004466B737978AC
:1051D00009BB4FF40042406832F06FF8002808DA4B
:1051E0006FF0040003E0013E04D16FF0730005B0DE
:1051F000F0BD0C2600214FF4FA7046F01CFF0DF1B3
:105200000E020021606832F06DF80028E8DBBDF97D
:105210000E30002BE7DB0DF10E020221606832F048
:1052200061F80028636810DB0DF10E0203211846B7
:10523000BDF80E6032F056F800284FEA064604DB4F
:10524000BDF80E30334301333DD003AA012160681D
:1052500032F048F80028C3DBBDF80C30DB050CD574
:105260000DF10E020F21606832F03CF80028B7DB28
:10527000BDF80E3003F440531BBB002305F1280694
:10528000124985F85830304646F015FE0022B978AC
:10529000204631F032FF78300CD1012349F64042EC
:1052A000684685F85930002346F081FFDDE9002388
:1052B000C5E918230022002330462DF0BDF8002058
:1052C00095E70123DAE76FF0150090E7777403089C
:1052D0002DE9F843D0F80490904607460D46D9F8DA
:1052E00008001E4631F063FDB8F5001F044616D1D4
:1052F000D9F808402846FFF775FB84420CD12946AF
:1053000031F055FD0446FFF70BFB2046FFF758FB35
:1053100000212046FFF70CFB0020BDE8F883B8F51C
:10532000800F20D0B6F1806F19D0B6F1C06F18D0C1
:10533000B6F1007F1AD102263A460F492046FFF700
:105340001FFBB0B9D9F80810284631F035FD2046CA
:105350003146FFF7EDFA2046FFF7CCFADCE70126ED
:10536000EAE70326E8E76FF08500D6E76FF015005F
:10537000D3E76FF00F00D0E7177703081FB50C4B8A
:105380000C29D3F8282428BF0C2112BA0C4601920C
:10539000D3F8242412BA02920A46D3F8203401A981
:1053A0001BBA039347F001FD204604B010BD00BFB7
:1053B00000F0F01FF8B50C46036941681D682379B9
:1053C000012B18D0A3F1020EDEF1000646EB0E060B
:1053D000B6026279022A96BF474F4FF4005737F85A
:1053E0001270A279022A09D0042A30D0003B18BFDB
:1053F00001231B0306E04FF4C066EAE7B3FA83F328
:105400005B091B07E2790968012A0CBF4FF4407C55
:105410004FF0000CA5421DD10A6822F0805222F400
:10542000B05232431A430A604B6823F440533B4363
:105430004B6043681A68936823F4407343EA0C0393
:10544000936029684068BDE8F84032F047BA4FF4ED
:105450008053D7E7D1F800E00EF4C06E764506D051
:10546000D1F800E02EF4C06E4EEA06060E604168E8
:105470000E68716801F440518F4204D0716821F4C4
:1054800040513943716041680E68316801F0102164
:105490008B4204D0316821F010210B433360436804
:1054A00019688B6803F440739C4505D08B6823F41E
:1054B000407343EA0C038B604368D71E1B687E422F
:1054C00099687E41C1F380318E4207D0032A9A68E1
:1054D0000CBF42F4804222F480429A6021682B681B
:1054E000994206D0406832F0F9F908B923682B6078
:1054F000F8BD0020FCE700BF14E50408F7B54468D8
:1055000006466068216983681B68002B00F095805F
:105510009847002830DB01AA0021606A32F011F9B7
:10552000002829DB019B00221979186832F01BF949
:10553000002821DB756833692C681F68236823F015
:1055400001032360A86846F090FA002878D0D5E9D6
:1055500002018368DB6803B1984754E8003F43F0D9
:105560000C0344E80032002AF7D139463046FFF7F1
:1055700021FF18B16FF0150003B0F0BD2B7E1BB1F9
:10558000A36843F00803A3606B7E1BB1636843F418
:1055900000436360AB7E1BB1636843F48033636098
:1055A000EB7E1BB1636843F4003363602B7F002BF9
:1055B00038D0254B9C421BD0A3F54C439C4217D0BE
:1055C00003F580639C4213D003F580639C420FD0A7
:1055D00003F580639C420BD003F544439C4207D003
:1055E000A3F51C439C4203D003F580639C42C1D1C8
:1055F00073681A68936843F48043936023686A7FF2
:1056000023F0787343EA425323602368AA7F23F48C
:10561000F81343EA02432360EB7F1BB1A36843F412
:105620000043A360236843F001032360E3699A0207
:10563000FCD5E3695B02FCD59EE76FF057009BE762
:105640006FF0120098E700BF001001402DE9F04113
:10565000436802460D461C6803691E680B79012BDE
:1056600017D0981E41424141890295F805E0AF7973
:10567000BEF1020F96BF3A484FF4005C30F81EC0EE
:10568000022F09D0042F01D0002B60D04FF480509E
:1056900005E04FF4C061E8E7002B55D00020A3F1EE
:1056A0000308B8F1010F04D86FF085031846BDE870
:1056B000F0810BB1042FF7D0BCF5805F49D0BCF569
:1056C000405F48D0BCF1000F0CBF012303239E456F
:1056D000EAD132F0C1F88742E6D1EB7903B3012B6E
:1056E0003BD1204B9C421BD0A3F54C439C4217D08E
:1056F00003F580639C4213D003F580639C420FD076
:1057000003F580639C420BD003F544439C4207D0D1
:10571000A3F51C439C4203D003F580639C42C3D194
:1057200023682946104623F001032360FFF742FE59
:1057300003460028B8D1226842F00102226095E8B1
:10574000030086E80300B1E74FF08050B4E7184645
:10575000B2E70023BBE70223B9E7032BC1D0A3E7DD
:1057600014E50408001001404FF0E0230D4A996948
:10577000126818699B69002908BF1146002B08BFF1
:10578000134610F4803F084801D1994205D20168C0
:10579000114401604FF0E021096900681044C01A0B
:1057A000704700BFAC610220A8610220094B1022A3
:1057B000002083F8232045F26042074B1A6045F22F
:1057C0005F42064B18604FF0E0235A610722986150
:1057D0001A61704700ED00E0AC610220A861022070
:1057E000684620F007018D4619B5FFF7BDFF114946
:1057F000114B0868D3E90042001942F10002C3E9E5
:1058000000020E4A00230B6045F26043D2E90041DA
:10581000001BB0FBF3F043431B1941F10001C2E947
:1058200000312DF06BFBFBF755FCBDE819408546B8
:10583000704700BFA8610220305102202851022089
:105840002DE9F041374E89B1421C0AD14FF0E022D8
:10585000136923F0010313614FF07F433360BDE808
:10586000F0813568012806DC00240AE0431C356815
:10587000F8D140F20730B0F5427FA8BF4FF4427034
:10588000441EEFF31187102383F31288BFF36F8F49
:10589000FFF76AFF4FF0E0232349D3F818C0D1E99E
:1058A000002380184FF0000243F10003C1E9000318
:1058B0001E4B1A601E4B1A68831A2DD445F2604E97
:1058C00045F25F4814FB0E841C44131A40F2465202
:1058D000B4FBFEF40EFB0433934238BF1346154A63
:1058E000934228BF13464FF0E0223360013B946996
:1058F00053610023A445ACEB04009361D1E900326D
:105900000DD20544EB1842F10002C1E9003287F3E1
:105910001188BFF36F8FA2E740F24653E3E7C31845
:10592000F1E700BFAC61022030510220A8610220E3
:1059300028510220A06EFF0038B5EFF31185102327
:1059400083F31288BFF36F8F084B1C68084B1B68EA
:10595000E41AFFF709FF85F31188BFF36F8F45F253
:1059600060432044B0FBF3F038BD00BF305102204B
:105970002851022038B5EFF31185102383F31288E4
:10598000BFF36F8F044B1C68FFF7EEFE85F31188A1
:10599000BFF36F8F204438BD30510220024B1B688B
:1059A00003B11847704700BFE8630220EFF311818D
:1059B000102383F31288BFF36F8F044B1A680AB960
:1059C000034A11601A6801321A607047EC630220C2
:1059D000F0630220074B1A68002A0ADD1A68013AB0
:1059E0001A601B682BB9044B1B6883F31188BFF343
:1059F0006F8F7047EC630220F0630220014B186048
:105A0000704700BFE863022007B598B132236422D3
:105A10000021584300236330FAF782FC02460B460C
:105A200000210020CDE9000104482DF05FFB03B008
:105A30005DF804FB00221346F2E700BF700D022060
:105A400008B5054846F091FB6423584332233130B2
:105A5000B0FBF3F080B208BD700D022001482CF0BD
:105A6000E7BA00BFA00E0220F8B5184CFFF79EFF62
:105A7000074694F8185145B194F8343223B1002404
:105A8000FFF7A8FF2046F8BD01254FF48E760123CD
:105A900006FB05466D4205F48E7586F81831FFF752
:105AA00099FF2C44204646F0DBFC802239462046F4
:105AB0002DF024FD0028E5D0204646F0D6FCFFF767
:105AC00075FF002386F81831D9E700BFB0610220C6
:105AD00008B54FF0FF324FF0FF3308482CF0B4F90F
:105AE00045F05DFC05482CF021FA4FF0FF324FF0F5
:105AF000FF3303482CF0D6FAEBE700BF1C0E022060
:105B0000A00E0220014846F0AFBA00BF3851022073
:105B1000034B00201A680A609B888B80704700BF87
:105B2000549402200A4B00201A7882F002020A7074
:105B30005A784A709A788A70FF22CA70FE220A71D7
:105B4000DA784A711A795B798A71CB71704700BF34
:105B500054940220F0B589B014270D46002103AEFD
:105B60003A461F4C304647F047F9EB6804F10E0007
:105B70001A6822609B88A3801A4B1A689B88C4F815
:105B8000062063812B8A1A0A637322732A88696844
:105B900047F00BF90323ADF80C30FDF7B5FCFDF72A
:105BA0003FFD062304908DF81730EB682A881868AB
:105BB0000E3206909B88ADF81C300B4B1868002302
:105BC0002146CDE90067FBF793FF002806DA074B73
:105BD000FBF7F4FA195806482FF016FC09B0F0BD8F
:105BE0006A8E022054940220600902200C000000FA
:105BF00090ED04082DE9F04FDFF8B090ADF2146D90
:105C0000DFF8AC80D9F80000002805DA4FF47A708C
:105C1000002146F010FAF5E7002709AE40F2EA52FB
:105C20003B463146CDE90077FBF798FF041E08DAC2
:105C3000204BFBF7C3FA19581F482FF0E5FB6420EF
:105C4000E6E70D2CDEDD0DF12A0B06221B49584636
:105C500047F0E1F80028D5D0D8F80CA0BAF1000F31
:105C6000D0D0394616220DF10E0003AD47F0C4F82E
:105C7000B38930680E3C5BBAB288CDF81A00294669
:105C8000ADF820300DF13203DDF82A00ADF81E200A
:105C90000493FF23BDF82E2005904046ADF8182050
:105CA000ADF80C408DF82230D047ABE760090220F8
:105CB000F46302200C000000AEED040854940220AE
:105CC000F0B58FB029F056F863482FF09DFBFDF733
:105CD0001BFC064638B961482FF096FB4FF0FF35A4
:105CE00028460FB0F0BD182200215D4847F084F827
:105CF0005B495C4A5C4C41F8082C5C4A41F80C2C2E
:105D00005B4A41F8042C5B4A8A605B4A4A605B4A02
:105D10000A6101224A753568002D00F09680D5F899
:105D20001230E87D2360EB8AEA7CA3802378A97C8B
:105D300043F0020323702B7D0290A87D0190687DC3
:105D400000904F482FF060FB63794E48029323790F
:105D50000193E3780093A378627821782FF054FBC5
:105D600003214FF44072484F0846FBF763FE0028BA
:105D7000386007DA454BFBF721FA195844482FF0F1
:105D800043FBABE7102200210AA847F035F8414B4E
:105D900030460993FDF744FC0A903868142209A99B
:105DA000FBF77AFE002806DA3B482FF02DFB386817
:105DB0002FF07EFC92E7304630F096F8002802DAA9
:105DC00036482FF021FB3046FDF752FC3449354868
:105DD00028F0ACFF0546014633482FF015FB002D97
:105DE00031DB28461EF0D6FD0646A0B1002300F1A7
:105DF000DE0180F81C312368C0F82031A388A0F8A8
:105E000024312848FFF78EFED6F8DE30C6F8E6309B
:105E10004B68C6F8EA3000220121284644F0D7FA40
:105E2000284644F0AFFA1022002105A846F0E4FF0E
:105E30008023002205A800934FF0FF3311460195FF
:105E400044F083FA4CE71948AFE702231A6822604E
:105E50009B88A380FFDE00BFC3ED0408F8ED0408B3
:105E600000640220555B0008549402206B7A0308FA
:105E7000777A0308115B0008677A0308255B00083E
:105E80002CEE040862EE0408600902200C000000F9
:105E900098EE040803000003D7EE0408FFEE0408A0
:105EA00036EF0408F46302203BEF040856EF0408C1
:105EB000F8B5064617460D4649B140B131F031FFFD
:105EC000044638B9174A0220174944F06EFC0024F2
:105ED0002046F8BD012F14D147802B69002BF7D045
:105EE0002A7830462270296931F0FCFF20610028B1
:105EF000EED102200D4A0C4944F057FC336920468C
:105F00000DE0EB782BB920238770C3702B890381B8
:105F1000E3E7102B02D1C3708770DEE7336998473F
:105F2000D5E700BFA8EF0408DDEF0408E2EF04089E
:105F30002DE9F74F804670B1C378302B00F0878190
:105F400003690BB30078431E072B08D95C4A5D49EF
:105F5000022044F02AFC002003B0BDE8F08F071DAA
:105F6000D8F814603EB10B223146B8F80A0031F07F
:105F700022FE58B10744D8F80450691C0CD0B5F57E
:105F8000803F05D3504AE2E70427E9E74F4ADEE7BE
:105F9000284631F071FD0744D8F81C40002C00F071
:105FA000B4802069421C07D0B0F5803F01D3484A35
:105FB000CDE731F061FD074460693C2802D031F043
:105FC0005BFD0744236B2BB1A3885A1E0B2A21D8F3
:105FD000781C1F18616B29B10422207831F0EBFD89
:105FE00040B30744A36B2BB1E3885A1E0B2A23D876
:105FF000781C1F18E16B29B10822208931F0DBFDE4
:1060000010B30744206A431C23D0B0F5803F1DD352
:10601000304A9CE7A3F10D02B2F5807F01D8B81C8D
:10602000D7E7A3F58772B2F53F7F01D8F81CD0E718
:10603000294A8CE7294A8AE7A3F10D02F22A01D8FE
:10604000B81CD6E7264A82E7264A80E731F014FDDD
:106050000744216C29B11422608931F0ACFDD0B124
:106060000744606A411C06D0B0F1807FBFF473AF73
:1060700031F002FD0744616C29B10F22A08931F093
:106080009AFD50B10744A06A421C0BD0B0F1807F4A
:1060900005D3154A5BE7154A59E7154A57E731F02A
:1060A000EBFC074463781BB1A06931F0E5FC0744C1
:1060B000E06A431C23D0B0F1807F1DD30D4A46E730
:1060C00015F00408DDEF04089EF0040857F00408FA
:1060D000E9F0040842F204082CF1040872F1040803
:1060E000B3F10408F8F1040816F3040887F2040871
:1060F000D2F2040859F3040831F0BEFC0744A37837
:106100001BB1E06931F0B8FC0744B8F80C30D8197D
:1061100003B10130002C00F09880636CD4F830B0EB
:106120000193019F216CD4F828A094F801E0E26A61
:10613000A378D4E904C887B979B90CEA0A071740EB
:1061400001370AD1BBF1000F07D1B8F13C0F04D1E0
:10615000BEF1000F01D1002B69D0A76B002F676B38
:1061600014BF4FF003094FF00009002F676A18BFF2
:106170004FF004090137276A18BF4FF00609E46B96
:10618000013718BF4FF00709002C18BF4FF008095E
:10619000002E18BF4FF00B09013518BF4FF00C0946
:1061A000B8F13C0F49D0C9F10E044FF00E090C2C88
:1061B000D4BF00240124019D3DB1C9F10F09B9F1FB
:1061C0000C0F4FF00F09C8BF0134BCF1FF3F07D0DF
:1061D000C9F11109B9F10C0F4FF01109C8BF013411
:1061E00039B1C9F11409B9F10C0F4FF01409C8BF46
:1061F0000134013207D0C9F11709B9F10C0F4FF082
:106200001709C8BF0134BAF1FF3F07D0C9F11B0914
:10621000B9F10C0F4FF01B09C8BF01347BB1C9F1B4
:106220001C09B9F10C0FC8BF01340EEB040318446C
:10623000B0F5803F0CD3074A89E60024BBE7BBF1E9
:10624000000FF2D0C9F12309EBE72346EFE7042062
:1062500080B281E69CF304082DE9F0430D4685B039
:1062600011468146002800F0F280002D00F0EF80FA
:106270002846FFF75DFE804648B9764A02207649F7
:1062800044F093FA4FF0FF3005B0BDE8F0834021B1
:10629000284600F0EBF830B1704A02206E4944F015
:1062A00084FA6F4AEAE7EB7809F104042E78302B80
:1062B00043EA060242F0400289F80020AA7889F8F1
:1062C00001202A894FEA122189F8032089F8021057
:1062D0001AD06A69FAB92A69EAB96A6801321AD128
:1062E000EA69C2B923B15F4A02205B4944F05DFA12
:1062F000AE894EB1A96939B1FF23324604F8013B9A
:106300002046344446F051FDA4EB0904444540F3D3
:106310009C80554AB2E72EB1296919B13246204610
:1063200046F043FDA0190023EE690DF10E07ADF80C
:106330000E3026B3F18803230097B26B31F0BFFB18
:10634000327804230097716B31F07CFC716A04464B
:106350004B1C04D03B46062231F0FCFB0446316A5C
:106360004A1C05D020463B46072231F0F3FB044689
:106370003289082300972046F16B31F063FC0097C7
:106380000B2369696A8931F05DFC696804464B1C1E
:1063900004D03B460C2231F0DDFB0446002EA7D092
:1063A00071693C2905D020463B460E2231F0D2FBD4
:1063B0000446B2890F2320460097716C31F042FCED
:1063C000EB6904461B69013305D03B461122316954
:1063D00031F0C0FB04467289142320460097316CCB
:1063E00031F030FCEB690446DB6A013305D03B46F3
:1063F0001722F16A31F0AEFB0446EB699B6A013368
:1064000006D020463B461B22B16A31F0A3FB04466E
:10641000EB699B7833B120463B461C22F16931F091
:1064200099FB0446B188232320460097326B31F054
:1064300046FB73780446002B3FF45AAF3B463C22A0
:10644000B16931F087FB044652E720B21CE76FF0D8
:10645000010019E7EEF30408DDEF04081EF4040858
:1064600052F404087EF40408B0F40408402908B586
:1064700019D1C378202B03D00ED813F0EF0F0DD114
:106480008378A52B19D8872B10D85F2B02D01AD868
:10649000042B14D8002008E0302BF1D00C4A0D4911
:1064A000022044F082F94FF0FF3008BD78330A4AE9
:1064B000DBB222FA03F3DB07ECD4084AEFE7413BF7
:1064C000042BE7D9F9E783F08003062BF9E700BF37
:1064D000DEF40408DDEF0408B100003F14F5040801
:1064E000F8B50546069E084611462C681A460D2C3E
:1064F00016D17BB103685C1CA1420BD88F18BC423B
:1065000008D81C7801230D3431F0FDFB30600020E9
:106510002C601CE0144A1549022044F046F914E0AE
:106520000E2C1DD14FF6FE731A42F3D003689C1C4B
:10653000A142EFD811FA82F7BC42EBD81C884FF683
:10654000F26364BAA4B29C4202D94FF0FF30F8BDA6
:1065500004F20D14A4B2B4F5867FF6D90223D3E772
:106560000F2CD4D1024AD6E74AF50408DDEF04081F
:1065700087F504082DE9F04F89B098460F46154677
:10658000149B04469DF84CA0002600EB02090390E2
:106590000590CDE90632079BBBB907950EB1013EC8
:1065A0004FD10026129BAAF1040AD8F800701E8071
:1065B0005FFA8AFB0123D8F80020B91AB14202DA47
:1065C000079900294AD103982DE0BAF1080F069BDC
:1065D0002CD1FF2B26D89D4224D3059A1A449442ED
:1065E00020D84A451ED85A1C214605A816442A46DA
:1065F00031F089FB07900028CFD0059B1B78190943
:10660000CBD12146069305A8012331F07CFB07ABD3
:1066100007902246009305A92B4606A8FFF760FFC6
:106620000028B8D0002009B0BDE8F08FBAF10B0FF8
:10663000CFD0BAF10F0FCCD0BAF1140FC9D0082BBC
:10664000C8E7FB68B0B29847C8F800000028A9D195
:10665000284A0220284944F0A8F8E3E74BB901236F
:10666000264903FA0BF30B423ED113F0900F3ED1B3
:106670000137DDF85090BA1A4A44B242D2D8A9453F
:10668000D0D8039901EB09039C42CBD862199342FD
:10669000C8D84A46384646F088FB4B462A4621462B
:1066A00003A84F4431F02FFB034607900398002BBB
:1066B000B9D003785FEA1319B5D10DF1480A214624
:1066C00003A84AF8083F012331F01DFB07AB0790F0
:1066D0002246009303A92B465046FFF701FF4B4685
:1066E00000283FF468AF9DE726233B70C0E72F23C7
:1066F000FBE700BFC1F50408DDEF04080128010035
:1067000010B5044630B9074A0220074944F04DF855
:10671000204610BD2022002146F06EFB4FF0FF33D3
:106720006360F5E70DF60408DDEF040810B50C46CC
:1067300060B159B1CB6953B9482131F0E2FB03464E
:1067400038B9084A0220084944F02FF800231846B7
:1067500010BD4FF0FF32E061C0E908220261C0E9DC
:106760000A22F4E739F60408DDEF04082DE9F04FBA
:1067700081468BB00F461D4616465AB1032909D9EA
:1067800040B131F0CEFA044648B99E4A02209E49F3
:1067900044F00BF8002420460BB0BDE8F08F3278AF
:1067A000314622F03F0302F030022B707378C27042
:1067B0003A46837073885BBA0381331D06A806933B
:1067C000002331F0A0FA3278079002F00F02227015
:1067D0000AB3082A01D823692BB18C4A8A490220BE
:1067E00043F0E3FF1CE297420DD306998B189E42BB
:1067F00009D8F019834206D8484631F073FB20616E
:1068000018B9834AEAE7834AE8E723783A463146EB
:1068100006A831F078FA069B0025DFF8FCA19A1B48
:10682000BA1A0792002A00F0F8811A78FF2A11D1CB
:106830009A1BBA420CDA1A78FF2A40F0F48101332D
:106840009E1BBF1BBFB2A781002F00F0E981A3618F
:106850000023E6E102F00F0312090DF11C0B314693
:10686000089306A8012309923A4631F04CFA3B46B8
:106870000790324606A909A8CDF800B0FFF730FE10
:10688000002840F0CD81099B03EB05081FFA88F82A
:10689000434500F2C581454500F2C2813B46324680
:1068A00006A908A8CDF800B0CDF82480FFF718FE9F
:1068B000002840F0B581B8F11C0F0CD8B8F1020FD8
:1068C00003D92AFA08F3DB070BD4DDE90725AA422E
:1068D0000FD2524A82E7B8F1230F02D0B8F13C0F31
:1068E000F3D121464846FFF721FF0028EDD14C4A5D
:1068F00074E7B8F1230F29D8B8F1020F2AD9A8F10B
:106900000303202B26D8DFE813F09B00640025004A
:106910000C01CF00BA0025002500F6002700250055
:106920003C001D012500510125002500E000250047
:1069300025002F01250025002500400175012500B7
:10694000250025002500250025004900B8F13C0F51
:1069500000F03D81334A41E7022D02D863680133DC
:1069600001D0314A3AE7294606A831F0BEF9606005
:10697000069B9A1B9742C0F05381BA1A454607926C
:1069800050E7042D01D9294A28E7D4F81CB029463C
:1069900006A831F0AAF9CBF81400E9E76A1E40F224
:1069A00009439A4204D8D4F81CB0DBF830300BB15C
:1069B0001F4A13E72A4606994846ABF8045031F0BF
:1069C00091FAE369CBF830001B6B002B50D1194AC8
:1069D00004E7E369596B09B1174AFFE60421343330
:1069E000069801910DF11601029500914946FFF7B5
:1069F000C1FD069008B9114AF0E6E369BDF816201A
:106A00001A70B5E779F60408DDEF0408A6F6040865
:106A100011F70408D6F60408D8C1921885F70408BF
:106A20004AF7040851FD0408DAF704081FF80408BF
:106A30005DF804089DF80408E5F804081DF9040849
:106A40006B1EFE2B04D8D4F81CB0DBF838300BB129
:106A5000764AC3E62A4606994846ABF8065031F016
:106A600041FAE369CBF838009B6B0BB9704AB5E685
:106A70002B463A46314606A831F045F978E7E369F6
:106A8000D96B09B16B4AA9E60821069802950191D4
:106A900059183C3300914946FFF76CFD06900028D9
:106AA0007FF466AF644A99E6022D05D8D4F81CB08D
:106AB000DBF82030013301D0604A8FE6294606A872
:106AC00031F013F9CBF8200052E7E369196C09B1F2
:106AD0005B4A83E6142106980295019103F10A01AD
:106AE000403300914946FFF745FD069000287FF4AA
:106AF0003FAF544A72E663690BB1534A6EE60B230B
:106B000049460698019304F10A030295009304F1A3
:106B10001403FFF72FFD069000287FF429AF4B4A9E
:106B20005CE6022D05D8D4F81CB0DBF82430013324
:106B300001D0474A52E6294606A831F0D6F8CBF8EC
:106B4000240015E7E3690F210698019103F10C0178
:106B50000295443300914946FFF70CFD069000284A
:106B60007FF406AF3B4A39E6032D05D8D4F81CB0B4
:106B7000DBF82C30013301D0374A2FE6294606A82E
:106B800031F0B3F8CBF82C00F2E6032D05D8D4F899
:106B90001CB0DBF82830013301D0304A1EE629460C
:106BA00006A831F0A2F8CBF82800E1E6022D05D8BE
:106BB000D4F81CB0DBF81030013301D0284A0DE6C0
:106BC000294606A831F091F8CBF81000D0E6042D44
:106BD00004D8D4F81CB09BF801300BB1214AFDE574
:106BE0000123294606A88BF8013031F07EF8CBF856
:106BF0001800BDE6042D04D8D4F81CB09BF8023070
:106C00000BB1194AEAE50123294606A88BF80230A0
:106C100031F06BF8CBF81C00AAE6002B7FF408AE2D
:106C200001236370B7E5114AD8E500BF58F904089D
:106C300097F90408DEF904081FFA040863FA040847
:106C4000A2FA0408E4FA040829FB040865FB040816
:106C5000A4FB0408E2FB040822FC04085FFC04080F
:106C60009CFC0408D9FC040815FD040880FD0408F8
:106C70002DE9F0410F46164698460546F8B101B396
:106C80000AB32C20A8470446B0B1292200210330C2
:106C900046F0B2F801230022E560237104F11C03E1
:106CA000C4F81880236240F2023323800A23A370C1
:106CB000064BC4E904761A802046BDE8F0810446FC
:106CC000FAE70C46F8E71446F6E700BF388E0220D4
:106CD000F7B50E4611461A46FF230546089F8DF864
:106CE000073076B1736863B15AB150B10DF1070343
:106CF000FFF73CFD044640B9364A3749022043F0CD
:106D000054FD0024204603B0F0BD4378012B0BD185
:106D1000324601893B46284631F0D4F821462846C0
:106D200031F009F82D4AE8E79DF80710FFF79EFBC0
:106D3000A8B1A278C2235209D340DB070AD5284A5A
:106D40000220254943F031FD3B4632462189284641
:106D500031F0B8F82146284630F0EDFFD1E7E3786E
:106D600013B9A278002AEFD0E2696AB1916A0131C1
:106D700002D1D26A013207D005231A4A16490220ED
:106D8000637043F012FDBDE703F0EF03202BB9D190
:106D90002B89002BB6D02289EF69002FB2D0BB68B7
:106DA0005B885BBA9BB2934211D171887B8A99420E
:106DB0000DD105F11C003A46202128F07DFC2B89DD
:106DC00039462846013B2B8130F0D4FF9AE73F6AD1
:106DD000E3E700BFEEFD0408DDEF040822FE04082F
:106DE0005EFE04088FFE04082DE9F04F044685B0CE
:106DF00091461D468846002900F0B480002A00F024
:106E0000B180002B00F0AE80002800F0AB804B6812
:106E1000002B00F0A780EB7803F0EF03202B12D0BB
:106E20002B8983B9514E32883AB930F0F1FD0221F5
:106E300003A8FAF79FFDBDF80C20013292B292B17F
:106E4000134633802A81E28829464846FFF704FA30
:106E5000071E0BDA464A0220464943F0A6FC384694
:106E600005B0BDE8F08F01231A46EAE7EB78002B66
:106E7000F5D1636A94F802B00193042103A8FAF7EC
:106E800079FD039E731CF8D0237813B9A26A002AF7
:106E9000E5D06278002AE2D053B122899A4207D322
:106EA000354A344902206FF0030743F07EFCD6E7F1
:106EB000A16A59B1E269002322B93B44994205D243
:106EC0002E4AEEE79089126A0344F5E7282120460E
:106ED00031F017F8054690B11FFA87FAE36850467B
:106EE0009847A860204698F8001031F00AF86861C9
:106EF00008B1A86828B92946204630F03BFF204A4F
:106F0000CFE700236421019A2B604FF00533A5F8E9
:106F10000CA0B6FBF3F364339BB20BFB03F3B3FBA0
:106F2000F1F3134449463A466B6004232B7645F04F
:106F30003CFFB8F8003098F80020D8F804102B82F5
:106F4000686945F032FFB8F802302A4620216B828A
:106F500004F11C000E9BEB6143F08CFD238901338F
:106F600023817CE76FF0010779E700BF388E0220AC
:106F7000D3FE0408DDEF040805FF040846FF0408FB
:106F800090FF0408054A0346106800B9704790F95D
:106F900000209A42FAD0C06EF7E700BF64090220D1
:106FA00010B50446806D98B10E4B1B681B1A312B2F
:106FB00016D9636C1BB193F85C30032B10D0E16BD6
:106FC00039B9606E08B14369984700230120A36571
:106FD00010BD4B6993F85C30032B01D0C969EFE712
:106FE0000020F5E7646602202DE9F0418EB00C46E2
:106FF00007460021154605A82422984645F0FCFEC8
:1070000094F86020D4F80B00C2F3C001C2F300135F
:1070100043EA4103217F8DF8293001F00301237AEF
:107020009B0003F00C030B43D4F80F108DF81430C1
:1070300006AB03C3510740F1A280384631F059FE38
:1070400094F83E30ADF816008DF8283094F87A3078
:1070500013F0010622D1384631F057FE9DF82C205E
:1070600060F30202D3B28DF82C20520716D094F8A8
:107070006120012A00F08980022A00F083806AB929
:10708000384631F03EFE8DF82D00384631F047FE8F
:107090009DF82C3060F3C4038DF82C306B7CDE0738
:1070A00040F18B80AE692A7C099642B1696930460D
:1070B000AB898C31194445F078FE2B7C1E446B7CE7
:1070C0006A8898076CD542F44042130A7270337094
:1070D0002A88130AF270B370331D6869EA89B0F820
:1070E00040108C310144184645F05FFEEA890346A2
:1070F000099913445B1AADF820309DF8293099079F
:107100000DD52989688802EBC102C3F38001824250
:10711000B8BF41F0010161F382038DF8293094F882
:1071200060309A060CD5D7F8782194F8621092F85E
:1071300034508D424CD0384631F0CCFF84F8625048
:1071400094F85C30D8F86400013BDBB2032B96BFA7
:10715000294A0023D35C00283FD094F87B209DF877
:107160002910C2F3001262F34511B8F868208DF8B7
:10717000291005A90468A0470EB0BDE8F081B4F855
:107180006A005DE766F3C40386E70B9B03F0E70341
:1071900063F0EF030B934FF6FF73ADF830307DE7EC
:1071A00042F46042130A727033702B881A0AF3702B
:1071B000731DB2702A8932718FE7B4F84030B4F889
:1071C0004220D21A8C332344ADF820200993A6E73D
:1071D00023F0200384F86030B2E7D7F8744102AAA4
:1071E000029005A9C2E90100CDE900300346A56976
:1071F0002046A847C0E700BFD459050813B50C4680
:10720000B1F84C1041F0F5FD1920B4F84C101DF008
:107210005FFDB4F84E20B4F84C3002F114018B42FB
:1072200002D0143A934209D1B4F850200820A4F8AF
:107230004E3003490092034A43F0B7FA02B010BD42
:1072400015000508DAFF04082DE9F8438B6D0746A1
:107250000C469BBB486E10B143690121984794F8D6
:107260005C305BBBE36B4BB3256C04F13C081C3D0D
:1072700025B3E36B214638469D426B6914BF2E6AE5
:10728000002693F83E2018BF1C3E30F047FE98B110
:107290002A461C214046D5F8149028F00DFAB4F87F
:1072A00050302846013BA4F8503028F083FA4A4673
:1072B0002146384630F07AFF3546D9E7034B1B6844
:1072C000012B38BF0123A365BDE8F8836466022063
:1072D0002DE9F04F89B0054616460591FFF752FE9D
:1072E000044628461DF056FB8246002C60D000283C
:1072F0005ED04FF00008626C454608F1010192BB78
:10730000B4F84C30092B2AD942F20F739D4226D98A
:10731000AA1B00279A42BB4604F14403B94698BF12
:10732000A5F51C56069398BF103E3946204630F00E
:107330005EFF0246F0B9059B9F4203D20137FFB2C0
:107340004E45F2D81FFA88F31B4A1C4908200093C7
:107350002B46CDF80490CDE902B643F026FA002082
:1073600009B0BDE8F08FB2F844308C351268884619
:107370001D44C2E7B0F8441009F18C090BF1010378
:1073800007908944069800211FFA83FB28F094F99E
:10739000B4F84C100139A4F84C102146DAF83C013D
:1073A000FFF72CFF079A502110463CF08DFDC7E7F0
:1073B0004FF0FF30D4E700BF1A000508150005089C
:1073C00038B50E4B05461C6804B938BDA16D25B112
:1073D00069B144F62062022103E059B940F6B8329F
:1073E000294694F90000FFF773FFE46EECE742F2E0
:1073F0001072F6E742F21072EDE700BF6409022056
:107400002DE9F04F804685B00E46002900F023811B
:10741000002800F03E81D0F87431002B00F0398153
:107420005B69002B00F0358190F90D00FFF7AAFD94
:107430000446002800F02D8191F87C309B082E2B0B
:1074400040F0F780032386F85C30BE4B316D1B683B
:1074500096F85C20002940F0F580002B08BF4FF023
:10746000FF33032A336540F0018121464046FFF790
:10747000EBFE3146404631F05CFE0546606E20B1C1
:107480008368B4F8681098470544B6F842702946F6
:10749000B6F840304046FF1A01F06EFE00B2874257
:1074A00040F3F980236983B9A38A73B9D8F874319A
:1074B000B3F8560028F06EF92061002800F0E4804F
:1074C000D8F87431B3F85630A3824FF0010A314630
:1074D000204630F0E6FD8146002800F0DF8096F877
:1074E0006070E36BC7F30015C7F3C007009394F80F
:1074F00004B000990BF101025846227130F01DFED4
:107500000028F4D1E26A1AB192F83E205A45EED032
:10751000A168584630F011FE0028E8D196F87A307C
:1075200086F83EB09A0700F1F680002F40F01481F3
:10753000002D00F00381002030F064FD0546002896
:1075400000F0A78002461C2104F13C0043F092FAAF
:10755000B4F850300133A4F850302369AB612846A9
:1075600030F0F6FC6B7C6E6167F382036B74BAF1EA
:10757000000F00F02E81B6F84030AB8100232B7451
:10758000B6F84030F21803F18C0A92F88C00B2443D
:1075900000F0C002802A08D132F067F8B6F8403017
:1075A0008244184483B2A6F840309AF800200DF1C6
:1075B0000E013046502A02BF02339BB2A6F840307B
:1075C000AA899B1A2B7401F0DBFA6881B6F8402077
:1075D0003146B6F842309B1ABDF80E209BB2AB8004
:1075E0001344181A6880404631F0A3FD8246606E4D
:1075F00020B18368B4F868109847824451464046E9
:1076000001F0BAFD6B88E880B3F5006FC0F0A98087
:107610004D4A4E49022043F0C8F84D4A4B490220DA
:1076200043F0C3F8002F00F0CD80A86928F0C2F81D
:10763000A4E1302B01D1022305E7002B3FF405AF75
:10764000012300E75B1A5AB9B3F59B7F0ED3502193
:1076500030463CF039FC4FF0FF3005B0BDE8F08F0C
:10766000012A07D140F261229342F0D82046FFF769
:1076700097FCFEE6022AF5D0032AF7D140F2B94280
:1076800093427FF6F2AEE2E7324A02202F4943F0FE
:107690008CF8A021DCE74FF0000A18E7D8F83C018D
:1076A00024F004FAB8B14946204630F0A0FD054662
:1076B00088B1024604F1440027F0FEFFB4F84C30D4
:1076C00050212846013BA4F84C303CF0FDFB012141
:1076D0001A201DF0FDFA616C29B9324604F144000C
:1076E00043F0C8F90BE091F85C2096F85C309A42C0
:1076F00001D30968F0E73246002043F0B3F9B4F84B
:107700004C3021460133A4F84C30D8F83C01FFF747
:1077100075FD0020A1E7BAF1000F00F0378160F39A
:10772000000386F87A30002F3FF402AFA08A30F0D1
:1077300069FC054600287FF412AFAAE704F118059A
:107740000BE700BF64660220AB00050815000508C2
:10775000DF00050883000508BAF1000FE6D100201C
:10776000E5E7BDF80E3080B22A7CDB0804322B81BD
:107770006B899918EB81814205DD864A49E72989A1
:10778000EB81013129819918083307319BB2884276
:10779000F5DC6B7C43F001036B7463885A1C6280D8
:1077A0002B808FB1D8F8783106F10B01327AD3F8FB
:1077B000AC0040F0C3FB824670B9D8F87831B3F81A
:1077C0009C300DE06F6164E7012384F85C302F4644
:1077D000C9E0002FE6D1FAE703694FF47A72534308
:1077E0007366B6F84020B6F84230A7689B1AB4F822
:1077F0005220934264DCB4F85630002B3AD00FB1DB
:10780000E7681C3F00239B46A2689FB3BA42796990
:10781000D8F8780114BF3A6A002201F10B01D0F8C0
:10782000AC0018BF1C3ACDE9002311F8032C40F03E
:1078300085FB8245019B3FD17869B0F84010B0F8D4
:107840004220521AB4F852108A4235DC019330F0CB
:10785000F6FB019B0BF10102B4F85610002808BF9B
:107860003B468A422AD303BB686930F0E8FBD8B9AB
:107870004FF000092946A06830F04CFC18B16B7C31
:1078800043F008036B74B9F1000F73D02A461C2132
:1078900004F1080043F0EEF8A768002F54D07B7C79
:1078A000180749D4FF69F8E73B461A462146404687
:1078B00030F093FB00238344009FA5E79346FBE74A
:1078C000B4F85430002BD5D00FB1E7681C3F00222C
:1078D0009246A368002FCDD0BB42786914BF3B6AA3
:1078E0004FF0000BB0F8401018BFA3F11C0BB0F81C
:1078F00042305B1AB4F852108B4219DD009230F01E
:107900009EFB009A0AF10103B4F85410002808BF46
:107910003A468B420ED32AB9686930F090FB0028B2
:10792000A6D03A462146404630F057FB002282441A
:107930005F46CEE79A46FBE7796968690931093005
:107940003BF0F0FF0028ADD06B7C1907C3F3C002F9
:107950003FF5DFAEB7B143F008036B747B7C7E6903
:1079600062F3C3037B7423463A4631464046FFF731
:107970003BFBCEE6A86900287FF458AE284627F0E6
:1079800019FF86E61B077FF522AFC2E6002F7FF4C2
:10799000E6AECDE5BA00050808B51CF0FBFF30B92E
:1079A0000B4A02200B49BDE8084042F0FEBED0F869
:1079B00060313BB1002290F90D001146BDE808404E
:1079C00004F0DCBD01460920BDE808401DF092B876
:1079D000F20005081501050810B5C38D0446B3F57E
:1079E000337F03D0438BB3F5337F10D1637AFE2B03
:1079F00031D094F87A305A072DD50420174A184907
:107A000042F0D3FE2046BDE8104019F091BA44F68A
:107A10004C5293421FD090F87A305B071BD5416BD4
:107A20001D3019F0D5FA0228E7D8A36B5BB904F131
:107A30000801012304F11C0211201AF08BFA0146FF
:107A400020463BF05DFEA36B002BD6D09B6993F9DB
:107A50003530002BD1D1204610BD00BF18010508DC
:107A60001501050873B50C4606461546124906224F
:107A7000204645F0D0F9D6F8AC6060B90222A11DCD
:107A8000304640F05BFA20B1037D8DB143F0C00376
:107A9000037502B070BD61686B462068032203C3A2
:107AA0009DF80030694683F002038DF80030E7E767
:107AB00065F38713ECE700BF395D050808B53FF0B3
:107AC0002BF91DF015FB034B1860BDE8084039F099
:107AD000F0B900BF1C64022070B5D0F878310546BB
:107AE00016460322D3F8AC0040F028FA0446C0B191
:107AF00006220E49304645F08EF910B9F3885BBA7C
:107B00006381237D9A070FD41B0701D4012070BD28
:107B1000D5F8783121462269D3F8AC0040F0F2F96B
:107B2000F4E74FF0FF30F2E70020F0E7395D050899
:107B300013B50C46694631F033FAF8B1114A0328FF
:107B400013682360536804F1080263609DF80030F5
:107B50000AD183F002038DF800306B4603CBA0609E
:107B60005160002002B010BD074908688988A060F4
:107B70009180A3739DF80130E373F2E74FF0FF307B
:107B8000F0E700BF3F5D0508395D050837B50446DD
:107B9000007B02F023FB0546A8B34FF4202383614A
:107BA00094F83030990730D5214604201CF0C8FCE9
:107BB00008201CF085FC94F8303043F0010384F871
:107BC000303094F83030DA063FD5204619F0B8FE50
:107BD000244920463BF0E7FE94F8F930691C204622
:107BE00043F0020384F8F93016F07CF90023AB82ED
:107BF0004FF4967394F93020002A2FDAAA8B12B929
:107C0000AB830423AB7703B030BD08201CF058FCD5
:107C1000204630F051FF94F8303003F0D003802B31
:107C2000CFD16946204631F0BBF9D4F8783102460D
:107C30006946D3F8AC0040F081F90028C1D0C36890
:107C40000C2B84BF0D23C360BBE75B0604D5204625
:107C500001F070F91423CDE79B23CBE70023AB831E
:107C6000D1E700BFCC5C050870B50D4616461CF088
:107C700091FE80B1284640F042FD0446284640F07F
:107C8000D9FE054648B134B12378FF2B03D001213A
:107C9000204621F0F5FC002070BD5EB1002CFAD02A
:107CA0002378FF2BF7D004490420044A42F07DFDDD
:107CB0002946EDE70120EFE7430105082B01050800
:107CC0001B4B10B58AB01C680CB90AB010BD217BE3
:107CD00059B994F83400012809D821461CF030FC29
:107CE000144A1549022042F060FD646AECE7242240
:107CF00001A845F081F8D4F83431D4F87401DB8957
:107D0000ADF80430D4F8783193F834308DF806307B
:107D1000BDF80C306FEA53236FEA4323ADF80C3003
:107D20000028E2D001AA03690B219847034AD8E74B
:107D3000000B022047010508430105085B01050807
:107D400038B5D1F868210C46CAB391F82851012DF5
:107D500035D1012821D0022832D080BB91F83030B3
:107D600013F0020307D01A201CF0EAFB0820BDE83C
:107D700038401CF0A5BB91F83420222A1FD14B8635
:107D80001A2391F90D0081F8343030F01CFE294699
:107D90002046BDE8384030F0E9BB91F8305015F08E
:107DA00002050CD10B4A02200B4942F0FEFC294689
:107DB000204630F0DBFB2223658684F8343038BD62
:107DC0000549064A42F0F1FC21460820BDE838404A
:107DD0001CF090BE670105084301050880010508F5
:107DE0002DE9F04F4FF6FF7389B00446ADF814301B
:107DF000002800F08480D0F87831022205A9D3F859
:107E0000AC0040F09BF800287CD020463CF019FCE8
:107E1000C0B2052828BF052000EB800149002F31A2
:107E20000423002294F90D0040F0C8FB804600288E
:107E300000F0BD8000235F490693ADF81C3040F090
:107E400060FC06A9404640F024FD404640F01AFC84
:107E500021463CF013FC054694F8300030F0DDFB81
:107E6000014628463CF086FDD4F878310746C61C0A
:107E7000D3F8AC304FF6FF72019306230370012351
:107E80004370D4F87831D3F8AC301B68002B42D162
:107E90004FF0010B8123BB7020463CF0D2FBBBF1BD
:107EA000000FC0B24FF000090CBF05231023CA46D3
:107EB000984228BF1846019B1D684B460290A5B109
:107EC000297D08075AD54A0758D49D420DD00AF19A
:107ED000010A029A002B08BF2B465FFA8AFA9245E4
:107EE00025D9BB7803F07F03BB70B9F1000F54D1E3
:107EF0003146404640F0D8FB404623F0BFF909B078
:107F0000BDE8F08F20463CF09CFBC1B2102928BF91
:107F10001021890083E7197D0D0702D55989914207
:107F200001D09B69B2E74FF0000B8723B3E701F064
:107F3000C0010393C0290CBFE021C0213170297812
:107F400094F90D003FF0BBFC039BC0087070BBF1BF
:107F5000000F15D069890436080A06F8011C06F8D6
:107F6000020C79780431C9B27970A969002908BF77
:107F700049F00109297D41F004012975AD699EE7A9
:107F8000D5F801100A3646F8081CD5F8051046F851
:107F9000041C79780A31C9B2E6E7019B1B68002B03
:107FA000A6D01A7D22F004021A759B69F7E74FF0FC
:107FB000FF30A4E7EC5C05082DE9F04F894687B057
:107FC000064630B3D0F87831002590F90DB0D3F8DB
:107FD000AC80AA46D8F8007000240FB1BA451BD176
:107FE000002C39D1D8F800309BB1D8F804400027D4
:107FF000DFF8ECB0183C64B1D8F8003001379C428F
:10800000FFB216BFE3694FF0000AA3F1180AAF42AE
:108010003AD907B0BDE8F08F44B1227D3B7D91098C
:10802000B1EB931F03D353403F2B02D93C46BF69AA
:10803000D3E73978584621F0AFFC217801905846B3
:1080400021F0AAFC019B002BF0D00028EED01A886A
:1080500003889A42EAD8EAE722461821404627F0E8
:108060002BFB2246BAF1000F09D05146182042F0EE
:10807000F9FC0135EDB2032DB4D0A246AAE71821D0
:10808000404642F0F7FCF4E7B9F1000F03D194F950
:108090001430002BBDDBDBF8000002ABDBF8041072
:1080A000002203C3D4F80100D4F8051003C39DF8DF
:1080B000103002A996F90D0083F002038DF81030FC
:1080C00040F06FFCD6F8783121465446D3F8AC0026
:1080D0003FF00FFF002102A821F0D2FA8BE700BF8A
:1080E0003F5D050838B50D4D044691F8300030F07D
:1080F00094FA2B687BB1030706D52B685988204674
:10810000BDE838403CF03EBC084630F0AEFC0146CD
:108110000028F2D0F3E7204638BD00BF20640220DB
:108120002DE9F04F85B006460F469146984601224C
:108130000023402190F90D009DF838B09DF83C4097
:1081400040F03CFA0546002869D096F90D0040F051
:1081500001FC8246284640F095FA44B3B6F89C10DC
:108160003CF0F0FB044696F8300030F056FA014639
:1081700020463CF0FFFB0446BAF1000F03D0314625
:108180003CF091FA044696F830305B0604D5204660
:108190003146FFF7A7FF04466FB92349284640F050
:1081A000B0FABBF1000F24D10122022323E03146B3
:1081B0003CF064FAD6E7B8F1000F11D0B86802AB12
:1081C000F96802AA03C39DF808302046414683F0AF
:1081D00002038DF80830002300933CF01BFC04469A
:1081E0003946284640F08DFABBF1000FDCD003225F
:1081F000DBE702220423ADF8083004232146284699
:108200008DF80C20ADF80A308DF80D9040F04CFA46
:1082100002A9284640F03DFB284623F02FF82846C7
:1082200005B0BDE8F08F00BFEC5C050830B587B045
:108230000C46054602A9FFF77BFC034618B14FF038
:10824000FF3007B030BD012202A90194009202461E
:108250002846FFF765FF0028F1D0C4F10F04034959
:1082600085F8344040F049FAEBE700BF0388030883
:1082700010B586B0044602A9FFF75AFC034618B1B0
:108280004FF0FF3006B010BD0122019002A900920C
:1082900002462046FFF744FF0028F1D00D23034992
:1082A00084F8343040F029FAECE700BF0388030873
:1082B00013B50024CDE9003413460A22FFF730FF3E
:1082C00028B1054902B0BDE8104040F016BA4FF0A1
:1082D000FF3002B010BD00BF697C000810B500235C
:1082E00090F8D520044680F8D430D0F834317AB9EB
:1082F0001BB1BDE8104014F02FB917490420174AEC
:1083000042F053FA21460420BDE810401CF0F2BBB5
:108310009BB10021204614F09BFC1CF0BBFB94F8A1
:10832000D530013B84F8D530D4F8343153B994F8C2
:108330003030DB060CD4282105E001F087F8002856
:10834000E7D010BD3221192030F043F96086F8E7FC
:1083500046213C20F8E700BF43010508AA010508B3
:1083600010B590F830300446990713D55A0719D53F
:10837000D90610D5D0F87831D88E3EF0D2FD88B924
:10838000114A1249042042F010FA1A2384F83430BA
:108390000223638610BD1A0610D5FFF721FD08B130
:1083A0000B4AEEE794F83030DB0607D594F90D0060
:1083B00030F009FB0121204630F0D8F8214600209A
:1083C000BDE810401CF096BBB70105084301050845
:1083D000C4010508F8B591F8303004460D4603F0A5
:1083E0008103812B5AD1838B1BB1934202D99B1AF3
:1083F000A383F8BD0846FFF7F3FC30BB95F8303097
:108400005B0609D5A083A37F13B3013BA3770120AB
:10841000BDE8F84021F0B2B99B23A383204B1B6831
:10842000002BF0D01B8840F6032247F233319342F1
:1084300048F6CD4294BF9B084FF4207303EB8303AF
:10844000580080B230F0E0F8DCE70223A383DAE7DB
:10845000134F3B68002BDAD01B89002BD7D028465E
:108460003CF0EFF83B6806461B89023B834203DC85
:1084700001212846FFF7A0FD3B68DB88023B9E42B6
:1084800003DB00212846FFF797FD4FF440424FF4ED
:108490000041042030F0B8F8A077B8E70023A7E740
:1084A0002064022030B590F83010002389B00446D3
:1084B00011F0100280F8D4303CD00122194601930B
:1084C00000921A46FFF72CFE58BB214608201CF0EC
:1084D00011FB2D4D286878B100213CF0E4FD01220C
:1084E000296820461CF036FE0023019400931A46AA
:1084F000264928683CF046FDD4F868317BB104ADCC
:1085000020462946FFF714FB034640B90246009077
:108510002146CDE90105D4F868011DF093F809B0B2
:1085200030BD11231A4984F8343040F0E6F80028B1
:10853000CFD0CAE790F82C30022B0AD090F82D301B
:10854000A3B91A2380F8343009B0BDE83040FFF7F2
:1085500007BF41F0400180F83010522100F06EFD5D
:10856000204600F009FD204630F09BFA002120460D
:10857000FFF75CFE0028D2D02146082009B0BDE8F4
:1085800030401CF0B7BA00BF1C640220417D0008D7
:108590000388030810B5D0F878310446D88E3EF031
:1085A000C0FC48B9054A0420054942F0FEF81223F0
:1085B00084F834300223638610BD00BFB70105087C
:1085C000430105082DE9F0418AB00D46044600211B
:1085D000904601A824221F4644F00EFC2A4620465D
:1085E00012F8041B01F0030130F090FCD4F878314C
:1085F0002A7B83F83420D4F878316988D986D4F876
:10860000800178B103699847D4F8703181680646D3
:10861000996194F90D0040F06BF9716894F90D00BF
:1086200030F02EFE6B883946AA7B2046ADF8043028
:108630002B7B8DF8063000238DF80730130943EAB1
:1086400002138DF80C3030F0C3FC064660B9104AB6
:108650000220104942F0A9F81E2021461BF070FFAD
:1086600030460AB0BDE8F0813A46414644F09DFBF1
:10867000204630F0F6FCD4F8740101AA0B210369FE
:1086800098472046698830F0EFFA0120E9E700BFFB
:10869000E30105084301050870B5044686B00021D2
:1086A00041F0A4FD01225221204600F0C7FC94F8BD
:1086B0003030204623F0400384F8303000F05CFC7A
:1086C0004FF6FF71204630F0E7FA022384F8D530E8
:1086D000D4F870311D7F012D0BD1D4F878312046AC
:1086E000197801F0070130F0E4FC2946204630F00B
:1086F00012FB94F8303013F0040569D002A920462B
:10870000FFF716FAD4F8303123B9112027F042F8D8
:10871000C4F83001D4F870311A68002A52D0526877
:1087200001921B681B78012B36D0022B36D013B96F
:1087300001238DF80030D4F878316A4602A9D4F8C4
:108740003001DB8EADF8023020F058FC0546C8B38E
:1087500001F08CFE0923014684F83430002363863F
:1087600088B105F1A80605F1A00000F077FE062209
:108770002049304644F04FFB90B905F1AE0202218A
:10878000204630F0C3FB4FF43373C5F88C40A5F896
:108790009630012006B070BD0223CAE70323C8E764
:1087A00095F8A83032460321204683F0020385F86D
:1087B000A83030F0ABFB95F8A83083F0020385F8C1
:1087C000A830E0E70B2384F8343001236386E0E728
:1087D0001B060AD52046FFF74BFD0028D9D01E20E6
:1087E00021461BF0ADFE2846D4E7214602201BF0AF
:1087F000A7FECEE7395D050870B590F8343090B02B
:1088000004461E2B00F21F81DFE813F01F001F003B
:108810004F001D01EC00F100F6001D011D011D01BE
:108820006B0054001D014D001D011D011D011D01A6
:10883000180100011D011D011D011D011D011D016A
:10884000FB000301060112011501D0F8785105F172
:10885000600610350FCD0FC60FCD0FC62B68012057
:10886000336002ABD4F8781191F88420103130F0E5
:108870009FF9D4F87431B3B1774B01226360D4F817
:10888000783183F8902094F82C30032B05D147F2EF
:108890003052724904201CF0F7FAD4F8740102AA8D
:1088A00008210369984710B070BD10B0BDE8704052
:1088B000FFF714BDD0F8785104206949694A41F0A6
:1088C00074FFD5F88C0030F0ADF9C5F88C00204667
:1088D0002FF02DFE2146072010B0BDE870401CF09F
:1088E00009B990F830309A0745D5D0F878015C3056
:1088F00030F0A6F994F8301011F0040137D0D4F814
:10890000300120F069FB054658B3D4F8302101232B
:1089100000F110012046127C30F006FA05212046B5
:1089200030F0C7FB0121204630F0F5F9D4F8702172
:108930004D4B052100930023926994F90D003FF0FF
:10894000BDFFD4F8302101232946127C94F90D0093
:1089500040F013F8D4F8703194F90D0099693FF0A4
:10896000C7FF204610B0BDE87040FFF781BC20462D
:1089700030F09FFBF5E730F09FF894F83030DB06DD
:1089800029D41A23204684F83430FFF7E9FCD4F8C0
:10899000300120F021FB0546002884D0D4F8302196
:1089A00000F1100101232046127C30F0BDF9D4F80B
:1089B000302101232946127C94F90D003FF0DDFFA0
:1089C000D4F8800100283FF46EAF4369012110B054
:1089D000BDE8704018471223204684F83430FFF772
:1089E000D9FDD4E710B0BDE87040FFF75BBD10B013
:1089F000BDE870402FF058BE10B0BDE870402FF0B9
:108A00006DBE10B0BDE87040FFF7AABC014609205A
:108A100062E7014608205FE7014604201CF06AF87F
:108A2000124A0F49082010B0BDE8704041F0BDBEA9
:108A30000146052050E7014603204DE710B0BDE890
:108A40007040FFF7A7BD0A4A0220054910B0BDE8F3
:108A5000704041F0AABE00BF3B870308C17C0008FC
:108A60004301050800020508BD8503080E0205083C
:108A70001602050810B504464FF6FF7130F00CF9E8
:108A800020462FF0D6FD034A03490820BDE81040D8
:108A900041F08BBE26020508430105081FB50A46B2
:108AA0000A4904466B46086852BA4968ADF80E2078
:108AB00003C3074B694618689B8802902046ADF8AF
:108AC0000C303AF0D7FF04B010BD00BF3F5D050881
:108AD000395D050810B50A4688B01049044604AB54
:108AE00052BA08684968ADF81E204FF0FF3203C340
:108AF0000B4B04A9009218689B8806902046ADF89D
:108B00001C300023CDE90123402218F03FFEB0FACB
:108B100080F04009404208B010BD00BF3F5D05082D
:108B2000395D0508064B1A6842B1537B1844C0B240
:108B3000032801D85073704703235373704700BF55
:108B400020640220F8B50D4B06461D6805B9F8BD36
:108B50006C6884B1238867699E4208D3012106208E
:108B60001CF0B6F8214628462FF09CFE01E09B1B26
:108B700023803C46EDE7AD69E8E700BF6C090220C1
:108B80002DE9F843B0F840300025B0F842800746A0
:108B900003F18C04894608F18C080D80044480445C
:108BA000444505D2034493F88C30412B00F0B38048
:108BB0004FF0010C40F2551EA21C28359045ADB275
:108BC00007D2564A0420564941F0EFFD0020BDE887
:108BD000F883217801F0E003602B01D0514AF1E7DE
:108BE00094F901306678002B01F01803B8BFE21C3D
:108BF000082B1FD0102B1FD003B9043211F004032F
:108C000008BF0132890706F0300108BF0132102980
:108C100014D0202914D011B9740600D410323007B2
:108C200036D506F00706042E30D8DFE806F0390BFB
:108C30002B2D0B000332E1E70132DFE70832EEE7CC
:108C40000232ECE706329B08002B54D04245B8D2E2
:108C5000144614F8013B03F0F001E0293BD103F086
:108C6000FE0000F12001C9B20CFA01F111EA0E0F69
:108C70001CD1EE28A0D02C4A0420294941F095FDB2
:108C8000224638E00432DEE70132DCE7274A99E782
:108C900006F00306012E05D0022E05D0002ED2D1FB
:108CA0001032D0E70832CEE70232CCE713F00103EE
:108CB00008BF941C444584D2E42803D10835E21D42
:108CC000ADB2C1E721784A1C093121F007012244E5
:108CD00029448DB2B8E703F0F801F029CBD1590748
:108CE00005F1080558BFD41C13F00303ADB20ED034
:108CF000032B0ED0E21C42453FF663AFA9F80050AB
:108D0000B7F840308C331F44D01B80B25FE7221D80
:108D1000F1E7621CEFE7012059E700BF6F02050889
:108D20004E02050880020508B402050896020508EF
:108D30002DE9F04701F00F0A0D4681461E465146C7
:108D400090462FF0C3FD089F044600283FD00246FE
:108D50001821484626F0B0FCB8F1000F04D1204697
:108D600026F028FD002041E0D9F8001029B922465C
:108D70001821484641F07EFE06E00B79BB4224D81C
:108D80002246182041F06EFEC5F300109DF82430F5
:108D9000277110224AEA0010002140EA831063790B
:108DA00000F07F0023F07F0318434FF4167303FB9A
:108DB00008F3607144F8063B204644F01DF83A463B
:108DC0003146204641F0B4FDCCE78969CEE7002A60
:108DD000C8D0202026F0DEFC04460028C4D10220A2
:108DE000034A044941F0E1FC6FF00100BDE8F0875F
:108DF000C9020508E902050870B58378012B50D136
:108E000090F903001BF0C6FD0546002849D0D0F8B4
:108E10008441002C45D004F1180130F0C1F8237DC5
:108E200060F301039A0723753BD000232846236291
:108E30006362A3622FF05DFFE08228462FF065FF9A
:108E400094F8203060F3020384F820305B070DD0E3
:108E500028462FF056FF84F8210028462FF05FFFA8
:108E600094F8203060F3C40384F82030D5F87431CE
:108E700083B11B6973B194F82C3004F114020E21F4
:108E800043F0010384F82C30D5F87401BDE870403C
:108E900003691847034A02200349BDE8704041F0C6
:108EA00084BC70BDEE0205080E0305087FB50546BB
:108EB0000C4639B31B4E607B96F9001028F00EF972
:108EC00005B394F830305B061CD5132D607B96F902
:108ED000002019D800238DF8030068468DF8002083
:108EE00003938DF80120CDE9013301238DF8023081
:108EF0008DF8083042F034FA20B10B4A02200B49B9
:108F000041F053FC04B070BD2B46012128F0B8F8A5
:108F10000028F7D0064A0220044904B0BDE870409A
:108F200041F043BC1C0D0220130305080E03050885
:108F30002F030508E0B1D0F88421CAB190F8303091
:108F4000590615D5537C9BB1013BDBB253747BB9F9
:108F500092F82C30DB070BD413681BB101460120BB
:108F6000FFF7A4BF034B407B93F9001028F0B6B87D
:108F7000704700BF1C0D022070B50546002842D086
:108F800090F83030D0F88441D9060DD52CB1204668
:108F900026F010FC0023C5F8843128460122522116
:108FA000BDE8704000F04AB81CBB1F4E96F9003077
:108FB000002B0DDA21461D4827F072FD0028307085
:108FC00006DA1B4A02201B49BDE8704041F0EDBBA8
:108FD000342026F0DFFB0446A8B1002390F82C20B3
:108FE00063F300020382C0E9023380F82C20C5F845
:108FF0008401114B2363D5F878311E7B16F00406EB
:1090000002D00223237170BD01232946C820637456
:10901000FFF74CFF2023032226712674C4E90223A4
:109020004FF496732360EEE71C0D0220F98D0008C3
:10903000450305080E0305089979000810B55D2958
:1090400086B08DF8072033D84C2908D842297CD027
:10905000432971D0412957D04FF0FF3031E0A1F1C1
:109060004D03102BF8D801A252F823F0F990000814
:10907000599000085990000859900008E99000089C
:10908000D99000085990000859900008599000089C
:10909000199100085990000859900008599000084B
:1090A000599000085990000829910008C7900008BD
:1090B000FF29D1D1D0F8740110B10369002B4CD134
:1090C000002006B010BDD0F878319DF807401A7B1B
:1090D00064F341021A73EDE7D0F878319DF8074048
:1090E0001A7B64F38202F5E7D0F878319DF80740E7
:1090F0001A7B64F3C302EDE7D0F878319DF807409E
:109100001A7B64F30412E5E7D0F878319DF8074044
:109110001A7B64F34512DDE7D0F878319DF80740FB
:109120001A7B64F38612D5E7D0F878319DF80740B2
:109130001A7B64F3C712CDE7D0F878319DF8074069
:109140005A7B64F300025A73B4E7D0F878319DF883
:1091500007405A7B64F34102F5E700228DF80C10BA
:109160000A218DF80D200DF10702049201228DF8DD
:10917000142003AA9847A3E70C4B024689B21B8828
:109180001BB9D0F87431B3F856305B1A98B2D2F8E4
:1091900078315B7B5B0708D5662806D9D2F8743135
:1091A000B3F856307F2B08BF662070473A8E0220F6
:1091B000054A0346106800B9704790F900209A42AA
:1091C000FAD0C068F7E700BF7409022080F0010000
:1091D000014B1870704700BF1D0D022038B590F884
:1091E000783004460BB1002038BD1C21B0F8405047
:1091F00039F00DFC0028F6D0254495F89830FF2B67
:10920000F1D01022054904F11D0043F004FE0028AE
:10921000E9D0607FFF3818BF0120E5E7805C0508D2
:10922000F0B59778054687B00C461646A030002F5B
:109230003AD11388002B37D00123CB7413883C22FA
:1092400053430322CB613FF019FF202380212046A6
:109250000493E3690197023BCDE902730523009370
:10926000234695F90D2023F051FB95F8A30004F156
:109270003001D5F8783103220144D3F8AC003EF038
:109280005DFE40B1037D990705D4174B2146E26985
:1092900018683BF08BFD04F10802F11C284607B06A
:1092A000BDE8F040FEF718BC022321460322E37418
:1092B000E3613FF0E3FE0423202280212046CDE934
:1092C00003320023CDE9013305230093234695F9AA
:1092D0000D2023F01BFB044B2146186807B0BDE8A6
:1092E000F0403BF085BD00BF1C6402202DE9F34136
:1092F000B0F840300F46B0F84250002603F18C041D
:10930000ED1A0444ADB2AE4202D302B0BDE8F08122
:109310006378227806EBC3064FEAC308B6B2002B87
:10932000F3D0B542F1D3222A14D1B8F1100FA378AB
:1093300012D1402B15D8E2880120E17852BA01F011
:109340001F0192B2CDE9003004F1080307F13C009F
:10935000FFF7EEFC4444D6E7B8F1180F01D1802B9B
:10936000E8E7034A0420034941F01FFAF2E700BF8F
:1093700065030508760305082DE9F04186B005462A
:109380009DF838409DF834600294012401940C9CAF
:10939000009413F0B9FB0446002840D0214B4362EF
:1093A0002EB10023C361002006B0BDE8F0811E4F3E
:1093B0007B88012B10D04FF0FF36B6FBF3F606FB8F
:1093C00003F8042105A8F8F7D5FA059B9845F8D9C4
:1093D000B3FBF6F301339BB22D33E36195F8913083
:1093E0007BB97B7804F1100285F89030012385F871
:1093F000913005F17C0354F8041B944243F8041B9C
:10940000F9D195F830309B07CDD595F83430022B43
:10941000C9D1032385F8343000236B86C3E74FF0AE
:10942000FF30C1E7F5A100087C090220024606488A
:1094300010B5046824B9542141F0FBFA204610BD50
:109440004FF0FF30FBE700BFA0090220024B186875
:10945000003818BF01207047A00902200F4A136886
:1094600010B50360536800F10802436091F844307E
:10947000022B0BD10A4B1C689B888460938091F867
:109480004530837391F84630C37310BDD1F8453031
:109490008360D1F849305360F7E700BF3F5D0508AE
:1094A000395D05082DE9F8430D46466B4FF0050878
:1094B0000EB9BDE8F88373785B0601D4F669F7E767
:1094C000AC6B06F10C09002CF8D094F82270012F37
:1094D0000AD108224946204643F09DFC20B995F860
:1094E00091301BB1C4F81C80E46AECE7192305F144
:1094F0007C0204F11001E361234685F8917053F872
:10950000040B8B4242F8040BF9D1024B5B7885F8CF
:109510009030E9E77C0902200E4B0246C0E9153382
:109520000023838280F8443042F8343F826302464D
:1095300042F83C3F0264084A036512684374A2F58E
:10954000803280F830304362C26280F82830C0E94F
:1095500006337047EFBEADDE64660220F8B51E4BE1
:1095600005460F4600261C686CB94EB95C2026F0F3
:1095700011F90446B8B9194A0220194941F015F900
:1095800000242046F8BDA37D012BF9D02378BB42EF
:1095900006D110222946601C43F03DFC0028F0D083
:1095A0000136646DE0E786750646294606F8017BBC
:1095B000FFF7B2FF05F1100351F8042B994246F86A
:1095C000042BF9D1002322465421034884F8283083
:1095D00041F050FAD5E700BFA00902207B0305083F
:1095E0007603050870B5074D2C6854B12246666DA8
:1095F0005421284626F060F8204630F0F6F834462C
:10960000F3E770BDA0090220F8B505460F461646DF
:10961000446B0CB9204631E0A3685A1E033208D8C7
:10962000B34210D8164A0420164941F0BEF8002370
:10963000A36063685A1E033203D8B34205D99B1B4B
:109640006360E469E5E79B1BF2E7AB7D012BF8D093
:1096500063785B06F5D50C4C691C384614F0AAFCFF
:109660002A465421204626F027F8284630F0BDF837
:10967000236813B938462EF0DCFF0120F8BD00BF87
:109680009903050876030508A0090220F8B50B78B0
:1096900004460D46461C042B17D101F1090706228A
:1096A0000E49384643F0B7FB30B902232370B5F8B2
:1096B0000F30A4F80130F8BD03232370D5F809302A
:1096C000C4F801307B687360F5E70370D1F80330AC
:1096D000C0F80130D1F80730F5E700BF395D050863
:1096E00070B50A7805460C46042A1AD101F109061C
:1096F00006221149304643F08EFB2A7850B9022ADF
:109700000AD104F10F01681C43F085FB003818BF33
:10971000012002E0032A01D0012070BD0822314659
:10972000F1E7034603F8012BD1F80320C0F801202C
:10973000D1F807205A60EFE7395D050873B5044694
:10974000284B0846E67F1D78B318AB4202DAE37770
:1097500002B070BD531B16FA83F39BB2B3FBF5F254
:1097600005FB1233658BE377002DF1D0531C9BB2C0
:10977000AB4202D2ED1A6583EAE7A37D9A1E012A65
:10978000E6D894F82020F2B1022B0CBF204600202E
:1097900030F05EF8A0B1144DAB88638302210DF167
:1097A0000600F8F7E7F86A88BDF806301340628BC8
:1097B0001344638394F82030013B84F82030C7E7DA
:1097C00002236383C4E7022B07D1074B1B7884F87D
:1097D00020300323A3750123F3E702B0BDE87040F6
:1097E000FFF748B91E0D02207C090220F0B591F860
:1097F00030308BB006460C46DB06154639D5D1F81D
:109800006831B3B31D4A013091F90D1022F03EFFCB
:1098100068B300F110020DF1180C00F1200310687C
:10982000083252F8041C67469A4203C7BC46F6D178
:10983000718A3C2201230020B1FBF2F1D4F82021EF
:1098400019448DF80E00CDF80F20D4F82421ADF87E
:109850000C1006A9CDF8132003AA8DF81730CDE916
:1098600000022A46204613F04FFA1BF013F90BB002
:10987000F0BD314606A8FFF7F1FDD9E7A196030830
:109880002DE9F04F8DB0054618460F4690461E460E
:10989000169C3AF010F8814630BBD5F8B83107AACB
:1098A000414628469847F8B1FB88A04631462846ED
:1098B0005BBA28F8033BBB68C4F80330FB68C8F800
:1098C000043018F05FF918B90123E372A3700BE0BC
:1098D000D5F864315BB122884146284611F0AEFECE
:1098E000A07020B10123E3724FF0010926E005F1D9
:1098F000A00A3146504622F041FC074618B9012320
:10990000E3720223E2E795F8A330817C059300F12E
:109910003003059A03EB020BC27C69B3012A11D014
:10992000022A2BD108224146584643F074FA28B344
:1099300008224A49584643F06EFAF8B148460DB03D
:10994000BDE8F08F08224146584643F064FA0028EB
:10995000BAD10DF11D039DF81C20394650463FF049
:10996000AFFB0322394650463FF088FBD5F86431FF
:109970009BB10023A37041E0012AEAD0022207F143
:1099800030030599FA741422FA61D4F803205A506E
:10999000D8F80420CBF80420DBE795F82C30032B13
:1099A0000FD0DFF8BCA09AF80A303BB32D4B95F8E6
:1099B0000CB01F68002F97D03B785B452DD07F6D92
:1099C000F8E7A21C4146304622F0A2F9F0B1A37894
:1099D000A3B9034606F1100256F8041B964243F859
:1099E000041BF9D1D4F803304361D8F80430836103
:1099F00095F90D3003774CF2503303610123224671
:109A000039462846E372FFF70BFC6DE7164A04203F
:109A1000164940F0CAFE0223ACE74022314607F166
:109A2000340039F021F80028C9D0238800219D2274
:109A3000284603937B1CCDF80080CDE9016138F006
:109A400062FF00283FF47AAF1BF024F83B8B002B19
:109A50007FF474AFBAF820303B836FE7805C050871
:109A60007C090220A0090220A70305087603050847
:109A70002DE9F04F8DB004460E46B0F84070FFF768
:109A8000ADFB28B920460DB0BDE8F04F17F050BA35
:109A9000364B04F11D081D686DB11022691C40464B
:109AA00043F0B9F9C8BB2B8B2BB128830420304A73
:109AB000304940F07AFE07F18C05274406F1A000FA
:109AC000254497F88C308DF8163005F10C076B881B
:109AD00039465BBAADF814306B68CDF81730AB6817
:109AE000CDF81B303FF043FA824670B1C37C63B1BE
:109AF00096F8A330303008220DF1170118440DF10B
:109B0000140943F088F9834648B1204617F010FA4B
:109B1000054628460DB0BDE8F08F6D6DBCE7514697
:109B20000DF1200A4A463046FFF77AFB5A46514665
:109B3000304617F0DDFF0028E7D13B4642461C3592
:109B400053F8041BAB4242F8041BF9D10122002355
:109B50003046CDF800A01146CDE9019813F0CAF9BE
:109B60000546204617F0E4F9D3E700BFA00902201C
:109B7000C1030508760305082DE9F04F0546104698
:109B800087B00E4650F8067B9A46D5F83481BDF86A
:109B900040B07FBAB8F1000F33D0102208EB0201B9
:109BA00043F039F9064618B1002007B0BDE8F08F40
:109BB00098F820300BB90120F7E7D8F8283038465C
:109BC0005C68214640F068FE60B188F8206007F5C7
:109BD0008037D5F834319B6A5F60D5F834315B6AE1
:109BE0005F62E8E7BC42E6D188F8200004F58034E3
:109BF000D5F834319B6A5C60D5F834315B6A5C62BD
:109C0000D9E74B6B197BFFF7A9FC04460028D2D09B
:109C1000804606F11C0918F8443F002B40D1494604
:109C200080F811A04046FFF731FD96F874302A46BF
:109C3000214684F84D3030462FF0E2FD2146304673
:109C4000FFF754FB95F83030DB0615D494F8443018
:109C500004AA022B1DD194F845308DF8163094F8E3
:109C600046308DF81730794B18689B8804909380A4
:109C7000002128462EF055FB0023A3750523BBFBCE
:109C8000F3F39B00A3820A2363836762A4F812B0F4
:109C900091E71346D4F84500D4F8491003C3E7E729
:109CA00049464046FFF71CFD616A03903846A1EB28
:109CB000070CDCF1000343EB0C03CDE9013140F06C
:109CC000EBFD039A00284FD00299019004F1340073
:109CD000791AB1F5803F24BF012284F8282038F09A
:109CE0000BFF04F13C002EF00CFE2A4621463046C4
:109CF0002FF086FD00222146304684F82820FFF709
:109D0000F5FA611C284614F0EDF8A27D019B023A99
:109D1000012A00F297804946404684F811A0FFF7D7
:109D2000B5FC96F8743030462A4684F84D3021460A
:109D30002FF066FD30462146454EFFF7D7FAA37D4A
:109D4000032B79D195F83030DB0654BF0123B3885B
:109D50006383737884F820300023A3750523BBFB4D
:109D6000F3F39B00A38290E794F84D1096F87430BB
:109D7000994239D2F2B1216D09BB0A20029125F036
:109D800009FD0299206595F83030DA0604D406F111
:109D9000250228462EF0C5FA236D3BB1626C1A608D
:109DA000D8F804205A60B8F808201A81494640467D
:109DB000FFF76CFC96F8743084F84D30A5E795F801
:109DC00030204B1CD00602D40A78022A01D0194652
:109DD000D9E74A78CA718A780A721C4A1068928850
:109DE000C1F801009A80F2E7002A8ED0236D3BB9BA
:109DF0000A20029325F0CEFC206508B1029B437235
:109E0000206D002881D0427A96F874309A42BFF4CF
:109E10007CAF4946FFF73AFC236D96F874205A72DE
:109E200095F8301011F010017FF46FAF06F12502A4
:109E300028462EF076FA68E7012328466383FFF769
:109E400079F886E7002B3FF4AFAE1EE7395D0508D1
:109E50007C0902207B4B2DE9F04F884685B01646E1
:109E60001D68029015B905B0BDE8F08F6F1C02990E
:109E7000384639F057FD08B396F83030DB071DD56A
:109E800028462FF024FCC8B16B6B0020C3B94001F9
:109E9000D5F83CA03C3080B2BAF1000F13D139F0B4
:109EA000E8FB044650B100F11D09524630464946D0
:109EB00017F01EFE90B1204617F03AF86D6DD1E70D
:109EC0000130DB69E2E79AF80430DAF818A0402B99
:109ED0008CBF18231023184480B2DDE704232377B6
:109EE000B4F8403096F8002103F18C01234421445A
:109EF00083F88C206B7C043101F8033C6B8A1A0ACE
:109F000001F8013C01F8022CD6F8040140F070FC85
:109F10000146D6F8080140F06BFC232303700323AD
:109F200043706B6AC3F30722C3708270EA8C80F8B7
:109F300006A0130A427107F1100280F807A003710E
:109F400000F1080357F8041B974243F8041BF9D1AA
:109F500000F118013346002205F1340038F021FCED
:109F60004FF0000A0146EF6B4FF4167B9FBBB6F82B
:109F70000C0110B138F066FC014601233046CDF8E3
:109F800000901A4638F003FC04F10903B8F1000F01
:109F90004DD0424608F1100152F8047B8A4243F842
:109FA000047BF9D104F18C03C01AA4F842002046C6
:109FB00016F0D8FE042331462046237244236663FC
:109FC000A38748F2FF63A4F87630002384F8783042
:109FD0003AF0FCFD72E74FF022030B703B79402B07
:109FE0008CBF032302234B703B798B707B7981F804
:109FF00004A003F01F0381F805A0CB703B6803F2B7
:10A000005723B3FBFBF2C2F30723CA718B7101F133
:10A0100008033A79B91D1846402A8CBF102208223D
:10A02000039242F0C2FE039ABF6981189EE7064A76
:10A0300002F1100152F8047B8A4243F8047BF9D103
:10A04000B0E700BFA0090220FC5C05080D4B70B50D
:10A0500006460D461C6804B970BD22782B7B9A42D7
:10A060000AD120462FF033FB20B1621C314628462E
:10A0700013F070FE646DEEE7034A0220034940F0DE
:10A0800094FBF7E7A0090220CE0305087603050834
:10A0900038B5074B05461C682CB1611C284639F0C1
:10A0A00041FC10B12C34204638BD646DF4E700BF8C
:10A0B000A0090220464B70B505460E461C6884B1C7
:10A0C000297B2278636D914201D01C46F7E7324626
:10A0D00029462046FEF77EF9A37D012B02D1638B32
:10A0E0000BBB70BD238B1BB19E4206D29B1B2383EF
:10A0F000A37D012BF3D9324655E00023207823833A
:10A100001AF03CFC01460028F2D0A38A0A2B82BF39
:10A1100001236383A38290F89130002BE8D120467D
:10A12000FFF7C0F9E4E79E4202D29B1B6383D8E7A6
:10A13000F31A0A229BB2DBB1B3FBF2F102FB11333B
:10A140004E1CD31AB6B29AB26283294632462046D2
:10A15000FFF75AFA0028C4D1314620462FF02BFBD6
:10A16000A38A002BBDD09E4204D29B1BA382B8E7DA
:10A170000126E9E7A37DE3B9164B08201B7884F894
:10A1800020300223A3751AF093F901236383124B45
:10A190001B78013BE37795F830305B0602D5284603
:10A1A0002EF07FFC012229462046BDE87040FFF7D3
:10A1B000C5BA2078012112F0A9F8638A611C2846EB
:10A1C0009B0803EB4303A382BDE8704013F08ABEF3
:10A1D000A00902207C0902201E0D0220044A034629
:10A1E000106800B9704702789A42FBD0406DF8E7DA
:10A1F000A0090220F0B50D46174687B00446062296
:10A20000904905F1080042F006FE0646032F00F2D1
:10A210008880DFE817F00400E700CD00440004F177
:10A220007C072946384639F07DFB002879D038462E
:10A2300025F036F984490346844A082040F0B5FAEF
:10A24000002384F8913094F89E3043F0010384F8A1
:10A250009E3094F8303099071BD5A6B994F82D306C
:10A26000022B10D129462046CDE90166AB69009347
:10A270006B692A7CFFF780F8002852D0744A0420CA
:10A28000714940F092FA204607B0BDE8F0402EF048
:10A29000E7B9204607B0BDE8F040FEF74BBE94F8A2
:10A2A0009130002B3FD0102204F17C01284642F06F
:10A2B000B2FD002833D1207BFFF790FF064680B324
:10A2C00094F89070002F47D03046624E2A462146BF
:10A2D000FFF78CFAF3887278EB6194F89010521AB9
:10A2E000318901FB0233EB6102210DF11600F7F712
:10A2F00041FB7388BDF816201A40EB691344EB61EB
:10A3000094F89030013B84F8903094F830305A063D
:10A3100007D5204607B0BDE8F0402EF0C2BB0523AC
:10A32000EB6107B0F0BD207BFFF758FF0646002821
:10A33000F7D0484B04F17C0205F110015B7884F8FA
:10A340009030012384F891302B4653F8040B8B4254
:10A3500042F8040BF9D1B3E73F4A02203A4940F0F2
:10A3600024FA96F8442006F1450120462EF092F892
:10A37000336DABB1394A0420334940F016FA306DE1
:10A38000036873644368B3640389A6F84C3025F00E
:10A3900011FA304B37655B7884F890300123BFE7C2
:10A3A000204684F8913007B0BDE8F0402EF01DBA89
:10A3B00000232B4A0220244984F8903040F0F5F91C
:10A3C000207BFFF70BFF05460028AAD020462EF081
:10A3D00090FC6A8A014604F5A87007B0BDE8F04019
:10A3E0003EF090BC30BB1F4A0420174940F0DDF915
:10A3F000EF891D4A04207FBA134940F0D6F9204660
:10A40000BFB23946FEF74AFB94F89E309B0711D540
:10A4100020462EF051F8042384F891602946204606
:10A42000CDE90163AB6900936B692A7CFEF7A4FF59
:10A430000028B3D021461D2007B0BDE8F0401AF037
:10A440007FB800BF395D050876030508E2030508FB
:10A45000F50305087C090220150405081D040508FC
:10A46000310405085F0405087D040508014B1868E0
:10A47000704700BFA0090220054A0346106800B9D2
:10A48000704790F92F209A42FAD0806BF7E700BF0F
:10A49000A8090220074A0346106800B9704790F9DE
:10A4A00030209A42FAD090F932209A42F6D0806B4E
:10A4B000F3E700BFA8090220F0B58DB01E46FFF7F4
:10A4C000E9FF0446A0B16B463022B189B06933F090
:10A4D000C8F9054601AB3122B189B06933F0C1F941
:10A4E0000DB1102808D0264A2649022040F05DF917
:10A4F0004FF0FF300DB0F0BD009F00220DF10901BB
:10A5000094F92F007E8808F0E1FE002801DA1E4A47
:10A51000EAE7002394F934009842ADF81A308DF838
:10A52000083001DA194ADFE702A924F087FC031E8C
:10A5300004DA174A0220134940F037F9002376BAAB
:10A540000DF11D028DF81C30019BADF82E6003F15A
:10A55000100153F8040B8B4242F8040BF9D12B1F66
:10A560003A1D07A994F934009BB240F0EAF8031EA3
:10A57000BEDA084A0220034940F017F9B8E700BFE5
:10A580008A040508A5040508AA040508CA040508E4
:10A59000E5040508030505082DE9F04303788FB0AD
:10A5A00004461BBB808808B325F0F4F8054638B98B
:10A5B000374A022037490FB0BDE8F04340F0F5B804
:10A5C0000246A38809A994F9010040F0A6F8071EE5
:10A5D00009DD314A94F90130146854B92F4A2D49E4
:10A5E000022040F0E2F8284625F0E4F80FB0BDE87C
:10A5F000F08394F934209A4201D0A46BEDE71FFA5E
:10A6000087F808F11A091FFA89F9484625F0C2F8B7
:10A61000064608B9224AE2E70DF12503102231214E
:10A6200008F1040833F0ABF8302280F803800830DA
:10A6300000F8082CFF2200F8072CC8F3072200F8C6
:10A64000062CBDF83620110A00F8032CF02200F881
:10A65000041C294600F8022CBF2200F8012C3A46BF
:10A6600042F0A3FB2A22638D002194F932000227D5
:10A6700003920C4A049602921022CDE90591CDE98D
:10A680000027224626F074F9304625F093F8AAE711
:10A6900024050508A5040508A80902203D050508AC
:10A6A000540505086D05050838B500250446428D9A
:10A6B0000146058590F9320040F0C2FD054994F944
:10A6C000300040F0E8FD94F8353065F3C30384F8BA
:10A6D000353038BD9405050838B504460E4A0F4993
:10A6E000082004F1100540F060F8402294F92F0092
:10A6F000294630F05EF90122294694F92F0039F0FD
:10A7000017FE002394F83520236163F30002636190
:10A7100084F8352038BD00BF99050508A504050853
:10A7200010B5FFF7A9FE044630B9074A02200749D1
:10A73000BDE8104040F039B890F934003FF09AFE7F
:10A74000FF2384F8343010BDBF050508A5040508B3
:10A7500010B590F8353004465B070FD5084A08203D
:10A76000084940F022F8002194F92F003FF0ECFC5A
:10A7700094F8353023F0040384F8353010BD00BF61
:10A78000DA050508A504050830B5054687B0FFF7CA
:10A7900073FE044628461AF0FDF804B138B9234A7E
:10A7A0000220234940F001F84FF0FF3431E0D0F8A7
:10A7B000602194F9343092F8FC21D20708D4013397
:10A7C00002D02846FFF7ACFF0024204607B030BD7A
:10A7D0000133F9D100220DF1050194F92F0008F0A1
:10A7E00075FD031E05DA134A022011493FF0DDFF13
:10A7F000DAE7114A002111203FF00CFE002884F80E
:10A8000034000ADA6FF001040C4A094902203FF0D3
:10A81000CCFF2846FFF784FFD7E7094B01220949FF
:10A8200094F9320026F050F8CEE700BFEE05050897
:10A83000A50405080A06050899A500082D060508BF
:10A84000B9A40008470605082DE9F04F89B00E4667
:10A850000190FFF711FE0446002800F08D81038D62
:10A860001BB18B4225D95B1A038594F93330002B39
:10A870002DDB94F92F001AF08DF840B3D0F8603139
:10A880002BB3B3F84822B2F5A06F0BD093F878320F
:10A8900013F008021BD1636AA3B19E4236BF9B1B13
:10A8A00062626362E369DBB19E4217D29B1BE36184
:10A8B0000DE0B34A0820B3493FF077FF2046FFF789
:10A8C000F3FED2E703210CF0DDFA78236362314610
:10A8D000019809B0BDE8F04F01F0D2B80023E36160
:10A8E00004AD002194F933002A4624F0D3F994F8FA
:10A8F0003530002818BF0025DF0716D535B10822EE
:10A90000294604F1100042F086FA70B19E4A0820F0
:10A910009C493FF04AFF2046FFF7DEFE2046FFF746
:10A9200017FF94F92F0003F06FFA94F92F001AF033
:10A9300031F880460028CAD04FF000092EF0D1F936
:10A94000834684F82E90002D00F0A480D8F8602172
:10A950004FF6FE77D2F894A0BAF1000F72D1ABEBAC
:10A9600007014F424F4194F8353069F34103DA074C
:10A9700084F8353028D43DB394F82EA0BAF1000FF6
:10A9800022D1824A08207F4904F110093FF00DFFCF
:10A990007F4A7C490820CDF80CA03FF006FF4FF419
:10A9A000616306AA294694F92F00C4F810A0C4F8E0
:10A9B00014A004F06FFA00286FD0764A0420714981
:10A9C0003FF0F3FE1423E36194F835309B0740F128
:10A9D000958040464FF6FE792EF083F9D8F8603125
:10A9E000D3F89430002B75D1194681F001018DF810
:10A9F0000C1003A998F90D002EF0F1FF9DF80C1032
:10AA000094F92F003FF0A0FB94F8353058070AD492
:10AA1000614A08205B493FF0C8FE94F8353043F0A6
:10AA2000040384F8353094F82E20012A02D10DB1A8
:10AA300000232362236A002B6DD09E4262D29B1BAF
:10AA4000236244E79AF81120402A09D108220AF12A
:10AA50000101284642F0DFF910B9DAF8242012B9D2
:10AA6000DAF82CA078E711884FF6FE7399420FD0E0
:10AA7000907840060CD58F4228BF0F4694F82E10D0
:10AA8000013184F82E101188594508BF49F0010999
:10AA90005268E4E72F46A94665E72B46402203CBE0
:10AAA0002061C9F804104946BDF80C3043F49A639C
:10AAB000ADF80C3003AB94F92F002FF030FF94F970
:10AAC0002F0003F0A1F994F8353043F0010384F826
:10AAD000353079E75A6A0AB9DB6A83E7B2F800C011
:10AAE000CC4509D092F802E01EF0400FCEF3801161
:10AAF00002D060457FF479AF5268ECE72046FFF75B
:10AB000027FE90E72046FFF7E7FD94F92F0003F0BA
:10AB10007BF9002394E794F83530990722D5012A70
:10AB200020D99FB1042103A8F6F724FF039B13F15A
:10AB3000260FF7D8194AB3FBF2F314339BB2184A25
:10AB40002362104908203FF030FEC0E6042103A82C
:10AB5000F6F710FF039B5A1DF8D8124AB3FBF2F325
:10AB60000533EBE7DB077FF5B2AE002D7FF4AFAE28
:10AB700014230D4A2362E4E709B0BDE8F08F00BF5B
:10AB80004C060508A504050868060508960605088C
:10AB9000B4060508D9060508F006050863703E06E8
:10ABA00003070508AAAAAA2A2B07050830B585B00D
:10ABB0000D4619F0EFFE90B190F8F8305B060ED517
:10ABC000084B00240293012321461A46CDE9005484
:10ABD00012F090F919F05EFF204605B030BD4FF03D
:10ABE000FF30FAE7805C05082DE9F04186B00746A2
:10ABF0000E4690461946FFF73FFC054610B390F904
:10AC00003330002B1EDB002413233A4630460093DA
:10AC10002346CDE90114CDE9038480213EF078FB81
:10AC200048B90220094A0A493FF0BFFD6FF0010010
:10AC300006B0BDE8F081314695F93300FFF7B6FF65
:10AC40002046F5E74FF0FF30F2E700BF6107050847
:10AC5000A50405082DE9F04F084687B0164619F0FF
:10AC600099FE054648B902202B4A2C493FF09DFD2C
:10AC70004FF0FF3007B0BDE8F08FD0F860414FF0E3
:10AC8000FF3BD0F878314FF0110894F84802B3F840
:10AC900038A030F00DF9D4F8944005900CB9204656
:10ACA000E8E704F11C01504633F0B6FF50B1002331
:10ACB00095F90D20617C601CCDF80080CDE901B3D1
:10ACC0003EF03CFB04F12401504633F0A5FF676AD7
:10ACD00081460FB9E46AE1E7384633F096FF88B160
:10ACE000059B7BB1BB78DB060CD5B9F1000F09D011
:10ACF000617C601C95F90D2036B10023CDF80080F1
:10AD00003EF03FFB7F68E4E73346CDF80080CDE9B5
:10AD100001B63EF013FBF5E776070508A504050824
:10AD2000054A0346106800B9704790F94F209A42CF
:10AD3000FAD0806DF7E700BFB8090220094A034640
:10AD4000106800B9704790F950209A42FAD090F9F3
:10AD500053209A42F6D090F951209A42F2D0806D59
:10AD6000EFE700BFB8090220044A0820044908B5EB
:10AD70003FF01BFD4FF0FF3008BD00BF8307050803
:10AD80009F070508F0B590F953308FB00F46044681
:10AD90000093164690F952300820154A08AD15491F
:10ADA0003FF003FD0FB33B4610220021284632F04E
:10ADB000E6FC1EB13288022132F015FD431B002152
:10ADC00002229BB20691CDE904532A2303930A4B36
:10ADD00002931023CDE900322246B4F8483094F9AA
:10ADE000530025F0C5FD0FB0F0BD2846E1E700BFD8
:10ADF000A40705089F070508D107050870B588B0A6
:10AE00001E46FFF79BFF0546104A082010493FF0F9
:10AE1000CCFCC5B10024B5F84A3095F953000221A5
:10AE20000694B2890592B26904922A220392094AD1
:10AE300002921022CDE90021AA18214625F098FDA2
:10AE4000204608B070BD4FF0FF30FAE7D60705087E
:10AE50009F070508EE0705082DE9F0438DB017465A
:10AE60001E468846FFF76AFFBDF85090044600284A
:10AE700046D0002E44D009F1160080B224F08AFC9E
:10AE8000054600283FD008A994F94F0008F0F6F9CC
:10AE9000B4F84C304A4611215BBA2846ADF82E3042
:10AEA000334632F06CFC08F108030822132132F01B
:10AEB00066FC3A46122132F096FCB4F84C2014217C
:10AEC00032F091FC034694F9500002225B1B0024EF
:10AED0009BB221460694CDE904532A2303930B4BDE
:10AEE00002931023CDE900324FF2BF0308AA25F0E8
:10AEF0003FFD284624F05EFC20460DB0BDE8F083FF
:10AF00004FF0FF30F9E76FF00200F6E70708050899
:10AF100070B58EB01D46FFF711FF06461D4A08208A
:10AF20001D493FF042FC5EB10AA996F94F0008F0B6
:10AF3000A5F9044648B1194A042017493FF035FCE9
:10AF40004FF0FF3420460EB070BD0DF126031422E1
:10AF5000A989A86932F06EFD0128ECD9BDF8263028
:10AF6000022296F9500021465BBA0694ADF83630BD
:10AF7000AB890593AB6904932A230393084B02938F
:10AF80001023CDE900324FF2BF030AAA25F0F0FCEE
:10AF9000D8E700BF0D0805089F0705082D0805081C
:10AFA0008C0905082DE9F04F89B00746914698466F
:10AFB0000C46FFF7C3FE8246002853D0B8F1000FBD
:10AFC00050D090F94F0019F0E5FC834698B1002568
:10AFD0009AF84F002B462A462946009531F075FD18
:10AFE0000D3080B224F0DEFB064648B91E4A02202E
:10AFF0001E493FF0DAFB4FF0FF3009B0BDE8F08F9B
:10B000000122102132F0E8FB2B4601462A469AF82D
:10B010004F00CDE9005531F06CFD0146584603F074
:10B02000C9FC04AB054604F1100C2068083454F840
:10B03000041C1A46644503C21346F6D1AD1B2A23ED
:10B0400042460021ADB2009338464423CDE9016564
:10B0500025F0AEFC304624F0ADFB4A4604A9384644
:10B0600040F0EEF80020C8E7650705089F070508CF
:10B0700038B51D46FFF762FE10B94FF0FF3038BDFE
:10B0800090F94F0031F0B4FC04460028F5D0017F60
:10B09000806924F059FA074A0346074908203FF01F
:10B0A00084FB227F049B28461A70A16941F07DFE33
:10B0B0000020E4E7460805089F07050870B58AB038
:10B0C0001C46FFF73BFE002348F2FE020546CDE991
:10B0D0000623CDE9083368B164B105AB1122A1891B
:10B0E000A06932F0BEFB064640B91B4A04201B494A
:10B0F0003FF05BFB4FF0FF300AB070BD04AB132292
:10B10000A189A06932F0ADFB0728EED903AB12226A
:10B11000A189A06932F08EFC0128E6D90DF10E0359
:10B120001422A189A06932F085FC0128DDD9049A96
:10B1300008AB10685168BDF80C2003C3BDF80E3091
:10B1400006A995F95100A5F84C30059B009640F0F2
:10B1500084F80120D0E700BF6D0805089F070508A7
:10B1600010B5044602463021034824F0A5FA2046D3
:10B17000BDE8104024F01EBBB00902202DE9F047C5
:10B1800088B0054640200E4692469846DDE9119764
:10B1900024F000FB044648B90220274A27493FF023
:10B1A00004FB4FF0FF3008B0BDE8F0875346102293
:10B1B000002132F0E4FA43460822032132F0DFFA9C
:10B1C000109A062132F019FB1022804600214846D1
:10B1D000F5F706F870B3A0EB09024B4692B20C21CA
:10B1E000404632F0CCFA034627B13A88022132F0C9
:10B1F000FAFA03461B1B00279BB206973946CDE996
:10B2000004432A2303930E4B0293022301933378C2
:10B21000A3F1FF025342534132461B010093B5F89C
:10B22000483095F9530025F0A3FB204624F0C2FADC
:10B230003846B8E71022D0E78D0805089F070508B3
:10B24000A60805082DE9F043044687B03A4A0820CD
:10B250000E463A4998463FF0A8FA2046FFF76EFDA1
:10B26000044618B390F94F0031F03EFA074694F9BE
:10B270004F0019F08FFB054694F9520019F08AFB34
:10B28000A7B19DB190B1314616F07CFC70B105AB11
:10B290000022B8F80C10D8F8180032F0E2FA0F28A3
:10B2A00009D8274A042025493FF07FFA4FF0FF30A4
:10B2B00007B0BDE8F083234D94F94F102A78A2B16E
:10B2C000084631F095FB03460028EFD01E4A11686E
:10B2D0002A78013A2A700022009120463146CDE9B1
:10B2E0000172059AFFF74AFFE2E7059821F0CEF9CF
:10B2F00005460028DAD090F90030002BD6DA4378E2
:10B30000DB07D3D50379142BD0D1C368002BCDD064
:10B310000DF112090222B8F80C104B46D8F81800AB
:10B3200032F088FBEB6808490128986809688CBFEF
:10B330004A460022091ACFE7AB0805089F0705080F
:10B34000CA0805088A94022064660220F0B5054602
:10B3500091B01F460C46F9B1F2B109AE13460E2169
:10B360001022304632F00BFA3A460B2132F045FA01
:10B37000831B022200219BB228460691CDE904637B
:10B380002A230393054B02931023CDE900324FF299
:10B39000BF03224625F0ECFA11B0F0BDE508050820
:10B3A00037B5044601224AF6AA7301A990F94F0065
:10B3B000FF258DF804202FF06AFB402204F13001B4
:10B3C00094F94F002FF0F5FA20463EF0F4FE0521E7
:10B3D00094F94F003EF0ACFE002294F95200152182
:10B3E00021F084FB0E4994F950003FF054FF0D49C1
:10B3F00094F950003FF04FFF94F9530025F026FADE
:10B4000094F9510084F8535025F020FA94F8543000
:10B4100084F8515023F0010384F8543003B030BD58
:10B4200001080508EB080508F0B5044689B090F955
:10B430004F0019F0AFFA0646002800F0FE80D0F861
:10B440006031002B00F0F98094F84E300122013376
:10B450008DF81020DBB284F84E308DF81830E36B95
:10B46000C3F307218DF81A30A36B8DF81910190E4C
:10B470008DF81E3003928DF81B10190C8DF81C10DE
:10B48000190A07238DF81D1004A9029306AB019336
:10B490004AF6AA730093002394F94F002FF0ADFAF7
:10B4A00040B3674A674902203FF07FF994F94F00A3
:10B4B00002F0AAFC94F85450236C15F00105636463
:10B4C00040F0BB8000952B460822B4F8481094F950
:10B4D000520025F02DF9002884F8530021DA5A4A49
:10B4E000022058493FF061F9204609B0BDE8F0401C
:10B4F000FFF756BF04F1300508225449284641F0B1
:10B500008AFC0028D2D04FF4D0634022294694F917
:10B510004F00059305AB2FF002FA0028C6D04C4A25
:10B52000C0E7102194F94F003EF002FE294694F93D
:10B5300052003EF0FDFD0D222946A01C41F05CFCAE
:10B5400043F2FF23434A0820238040233D49E37010
:10B55000236B414F6360636BA3600323E3733FF08E
:10B5600024F92946204623F0F1F994F8543043F0A9
:10B57000010384F8543010223449384641F04BFC22
:10B5800070B14FF0FF32394694F94F003EF0C0FDE4
:10B590004FF0FF333A46214694F95300FFF7D6FEA9
:10B5A00001351037032DE6D12C4B04222C4994F998
:10B5B000530025F089F92B4B04222B4994F95300B1
:10B5C00025F082F9294B0422294994F9530025F0EA
:10B5D0007BF9284B0422284994F9530025F074F98B
:10B5E000264B0422264994F9500025F06DF9254B8D
:10B5F0000422254994F9500025F066F900232A46D3
:10B600004FF2BF010093214B94F94F0025F090F8C1
:10B61000014684F8510030462FF0C2FB1C4B042237
:10B620001C4994F9510025F04FF91B4994F9510038
:10B6300009B0BDE8F0403FF024BE09B0F0BD00BF46
:10B64000F10805089F0705082A090508805C050818
:10B650000D0905084F0905085A94022045B2000853
:10B66000D10705089DB60008A608050811AF000817
:10B670007909050869AD0008E5080508FDAD000871
:10B6800001080508BDB00008EB08050871B0000806
:10B69000A5AF00089209050859AE00082DE9F04F42
:10B6A0009DB0074610220D4610A800211C4641F00F
:10B6B000A3FBB34A0820B3493FF077F83846FFF7B9
:10B6C0003DFB804620B94FF0FF301DB0BDE8F08F44
:10B6D00090F94F0031F008F8814698F94F0019F0C1
:10B6E00059F9064698F9520019F054F9B9F1000FCA
:10B6F000E9D0002EE7D00028E5D0294616F042FA1E
:10B700000028E0D00CAB0022A189A06932F0A9F892
:10B710000DAB82460322A189A06932F0A2F80EABDC
:10B720000622A1898146A06932F093F90FAB054644
:10B730000C22A189A06932F094F8BAF10F0F04D954
:10B74000B9F1070F01D9032D12D88E4902208E4A74
:10B750003FF02BF8E17809B10020B6E72A23224612
:10B76000384600938623CDE9011125F021F9F3E74E
:10B77000E17841B92A232246384600934423CDE993
:10B78000011125F015F93846DDE90C530893FFF750
:10B79000D5FA824650B190F94F0019F0FBF87B4A78
:10B7A00081469AF94F301768002F3FD1A1890DF1DA
:10B7B0002E03A069022232F03DF9022804466AD025
:10B7C00096F90D00FFF7ACFA07460028C4D0142103
:10B7D000002390F94F2000918021DDF83890DDE9B9
:10B7E0000C58CDE90133284621F03EF80028B3D0AB
:10B7F000C468002CB0D008224146204641F00BFB23
:10B80000824628BB624BA4681B681C1BA1452FD92C
:10B8100096F90D0030F074FF43462A4639460094ED
:10B82000CDE9010A3846FFF7A9FC95E797F9002012
:10B830009A420BD107F1190B102229460993584659
:10B8400041F0E9FA099B0246002858D03F6BABE76C
:10B8500014A996F90D0031F005FF2068616816AB58
:10B860002A4603C3234614A996F90D000AF0F0FDF9
:10B87000284623F015FE474A0346424908203EF079
:10B8800094FF142396F90D2080210093284600236D
:10B890003DF077FD60E714ADD6F86021BDF82E10BD
:10B8A00010A802F06BFE0C9B10220021284631F0FC
:10B8B00066FFD6F860312146B3F8642231F093FF79
:10B8C0000D9B0822032131F05AFF0E9A062131F018
:10B8D00094FF034698F9500000225B1B2146069214
:10B8E0009BB2009210AACDE904532A2303932A4B5A
:10B8F000CDE901434FF2BF0325F03AF82CE7B9F147
:10B90000000F3FF453AF2846194620F0BFFE05460E
:10B9100000283FF44BAF0378802B7FF447AF437888
:10B92000DB077FF543AF0379142B7FF43FAF082289
:10B9300007F11101089841F06EFA00283FF40CAFAE
:10B9400009F1A009089B5A46791C9AF94F000AF0A0
:10B950007FFD594648463DF00AFB014610B1484676
:10B9600020F0ECFB284614239AF94F2010F8301BE6
:10B97000009300233DF005FD3846FFF7F1FBEBE6B1
:10B98000980905089F070508B6090508B0090220AF
:10B9900064660220C6090508E5090508124B73B55F
:10B9A0001B780E46ADF80620022B03D8002528464A
:10B9B00002B070BD90F90D00FFF7B2F904460028FF
:10B9C000F4D090F85430DB07F0D5402230303EF010
:10B9D00091FF05460028E9D00DF1060231462046C8
:10B9E000FFF7D0F9E3E700BF1F0D0220F0B50023F9
:10B9F0008BB006461A4606A9009330F032F804468A
:10BA0000A8BB06A9304637F0ABFF80B396F90D000E
:10BA1000FFF786F9054650B305F130072246152198
:10BA200090F9520021F062F808221249384641F09C
:10BA3000F2F9E0B14FF0FF3395F95220402138463A
:10BA400004940194CDE902431523009323463DF06D
:10BA50005FFC094A094908203EF0A7FE1123402156
:10BA600038460093234696F90D203DF08AFC0BB032
:10BA7000F0BD00BF805C0508EA0905089F070508BE
:10BA80002DE9FF47FFF74CF988460446002800F0EF
:10BA9000A7805A4B1B78022B40F2A28090F95230BB
:10BAA000002BC0F29D8090F94F0018F073FF0646FE
:10BAB000002800F0958094F85430DB072ED42FF046
:10BAC0005AFB0346002840F08B8002460146009056
:10BAD00030462FF0C6FF002800F08280D6F8603193
:10BAE000002B7DD0B3F84832B3F5A06F78D1204653
:10BAF000FFF79AFC424B1D68002D6AD095F9002093
:10BB000096F90D30D5F830909A4205D16B8D984555
:10BB100037D2A3EB08036B854D46EDE72DF0E1F836
:10BB2000D6F8603101460027D3F89C304AF6AA7E49
:10BB30004FF6FF7953B98842DCD0324A08203249A7
:10BB40003EF033FE2046FFF72BFCD3E75A687245E0
:10BB500007D11A7B1AB99A681278012A01D11A6999
:10BB60000AB99B69E6E7B2F800C0CC4507D0157A60
:10BB70002DB155682D78BD4284BF2F466146D268ED
:10BB8000EEE795F82C7005F1190A013FFFB285F830
:10BB90002C703FB101230022514620466B85FFF7F0
:10BBA000F1F8B9E796F90D0030F0AAFD05F111039F
:10BBB000524621460097CDE901072046FFF7DEFAFD
:10BBC000514694F95200FEF7F1FF2846FFF7C8FAF4
:10BBD000A2E7636C23B1434505D9A3EB0803636473
:10BBE00004B0BDE8F087094A082007493EF0DDFDB2
:10BBF000204604B0BDE8F047FFF716BC1F0D022039
:10BC0000B0090220060A05089F070508160A05085C
:10BC1000F7B506460C461546ABB9104623F040FC76
:10BC20000746204623F03CFC3B4600900420074A90
:10BC300007493EF0BAFD2A462146304603B0BDE82A
:10BC4000F04038F09CBC03B0F0BD00BF390A0508D5
:10BC5000570A05082DE9F043054687B090F90D0015
:10BC60000E4630F0C5FE804660B9404A0220404989
:10BC70003EF09BFD3F4A4049082007B0BDE8F04335
:10BC80003EF093BD314628462FF058F834680746F9
:10BC9000002845D1002C4ED0B4F84E70D4F8509006
:10BCA000C7F304177B1E0F2B27D81022002102A8F0
:10BCB00041F0A2F840236A46082140461DF0C8FB27
:10BCC0009DF800306A46394643F002038DF8003093
:10BCD00008230DEB03002DF0A0FE02A904F12502BC
:10BCE00011F8010B134612F801CF30EA0C001DD0F9
:10BCF000224A082020493EF058FD30462246502175
:10BD000023F0DAFC204623F055FD4C46C2E73046CE
:10BD10002246502123F0D0FC204623F04BFD444620
:10BD20004CB1A742D4F85080F1D1F8E7243B1B1B5B
:10BD3000BB42D5DBE9E73368002263B972B90D4A2B
:10BD400008200D493EF031FD95F90D0007B0BDE822
:10BD5000F0432DF03CBF01321B6DEEE785F8343027
:10BD600001236B8607B0BDE8F08300BF5C0A0508BD
:10BD7000570A05087E0A05089C0A0508A10A050855
:10BD80002DE9F8430646D0F8600189461546D0F8FB
:10BD90002C429846002C43D094F84770B8F1000F1D
:10BDA00017D0D8F80400A0B1B8F802308BB185B133
:10BDB000D6F860312968D3F81822914209D1E9797F
:10BDC00093F81D22914204D1027893F81C329A42D2
:10BDD00032D030462FF032FE50B1D6F8603193F8B1
:10BDE00048222AB9EA7993F877329A4224D315D8AF
:10BDF000B9F1000F24D1012F07D1D6F8603123B15A
:10BE0000B3F84832B3F5A06F08D0EA79E3799A42E3
:10BE100004D811D32A6823689A420DD902200DE074
:10BE2000D0F8284234F081FAC7B2002CB6D1084AC3
:10BE3000042008493EF0B9FC6FF00100BDE8F8832A
:10BE4000B9F1010F01D0012FDEE7012FF4D8DCE7B3
:10BE5000BF0A0508570A05081FB5D0F86011044647
:10BE6000022291F8483201F50071002B0C4B18BFEB
:10BE70000023C0F8AC3168462DF01CFF694620460F
:10BE800037F091FDD4F860110322684601F5007186
:10BE90002DF010FF6946204637F085FD04B010BD37
:10BEA00049F7030830B5154B85B0044690F90D00ED
:10BEB000029330F019FC0546F0B140303EF0A1FC91
:10BEC000B5F854204FF000436946D34001220343A4
:10BED00094F90D000293D4F87831DB8EADF80C3074
:10BEE0000023CDE90023064A03F04AF920B10021DE
:10BEF00094F90D002DF04EFF05B030BDE0FF1F009E
:10BF0000719E0308F8B50646044656F8385F85B1B9
:10BF1000082212492846EF6A40F07DFF38B93046C2
:10BF20002A462C2123F0C8FB284623F043FC3D463B
:10BF3000EDE7D4F8203129462046C4F8DE30D4F8A5
:10BF40002431C4F8E23094F8DE3083F0020384F840
:10BF5000DE30BDE8F84037F06EBE00BF3F5D05083B
:10BF600008B5034990F90D003CF00EFB002008BD18
:10BF7000FD3E01082DE9FF4106460F46154698464D
:10BF800000220F23802190F90D003CF017FB04469E
:10BF9000002846D024493CF0B4FB01A996F90D00D5
:10BFA00031F045FB019B0222052120463CF07EFB3F
:10BFB000012120463CF016FD20463CF063FB162193
:10BFC000DDE90A2331F023FC4246152131F00BFC58
:10BFD00003222B0A14218DF8025000258DF8013020
:10BFE0006B468DF8007031F0CAFB014620463CF0EC
:10BFF0005BFB9DF8301020463CF0F2FC02A9204685
:10C000000295ADF80C503CF044FC4FF6FF71204611
:10C010003CF08EFB20461FF031F9284604B0BDE805
:10C02000F0814FF0FF30F9E7FC5C05082DE9F8439B
:10C03000D0F860811F4604460E46D8F83C321546BB
:10C04000BDF82090A3B32B46204A214908203EF09A
:10C05000ACFBD4F8603100220020D3F83C32002140
:10C060001D82D4F86031D3F83C32A3F81690D4F88E
:10C070006031D3F83C321E75D4F86031D3F83C32CD
:10C080005F75D4F86031D3F83C321A60D4F860316F
:10C09000D3F83C321A76D4F86031D3F83C32C3E995
:10C0A00002010A2094F90E10BDE8F8432DF062BF9A
:10C0B000202023F06FFBC8F83C02D4F86031D3F89D
:10C0C0003C32002BBFD1BDE8F88300BFDF0A050872
:10C0D000570A05082DE9F041D0F8603104460D46B5
:10C0E0001646D3F828323BB32FF096FB50B93046B2
:10C0F0002FF070FB334601462A462046BDE8F0414A
:10C10000FFF73EBED4F860612879D6F828723979F5
:10C110003EF0B1FB20B9797968793EF0ACFB68B1AB
:10C12000D6F8203263B10220064A07493EF03DFBB3
:10C1300094F90D002DF04EFF4FF0FF30BDE8F08177
:10C140000120FBE7F90A0508570A05082DE9F84F11
:10C15000044690F90D008A4617461E46DDE90A8915
:10C1600030F0C2FA054630B9304A02203049BDE805
:10C17000F84F3EF01ABBD4F860B1DBF83C3223B97B
:10C18000202023F007FBCBF83C02D4F86031D3F831
:10C190003C32002B48D0B5F854204FF0010B44F648
:10C1A000206124481A82D4F8603195F84820D3F8E9
:10C1B0003C321A75D4F86031B5F85020D3F83C32CF
:10C1C0005A824FF47A72D4F86031D3F83C3283F853
:10C1D00015B0D4F86031D3F83C32DA822246D4F874
:10C1E0006031D3F83C32C3E90289D4F86031D3F826
:10C1F0003C823FF008F92946C8F80000D4F86031C5
:10C20000D3F83C3283F818B085F848A0A5F85470EC
:10C21000A5F8506094F90D0030F02AFC94F90D0057
:10C22000BDE8F84F2DF0D6BEBDE8F88F1E0B05080F
:10C23000570A05089D9F03081A2337B580F8343044
:10C24000044690F83030D0F8601143F0020390F8C3
:10C250009E2080F8303091F84932052B90F8F83064
:10C2600056D122F0100280F89E2043F0800384F81B
:10C27000F83094F8F850204633F04CFE304AED097F
:10C280000090304908202B463EF08FFA94F9F830A0
:10C29000002B4CDBD4F8603193F84832012B03D1EA
:10C2A0002949204637F07FFBD4F8603193F84822C3
:10C2B000AAB993F84932042B02D120460BF054F866
:10C2C000D4F8781120460123CA8E91F834102DF04D
:10C2D000EFFD1E4A1E4994F90D001FF0B7FAD4F87D
:10C2E0006031D3F8203213B1204630F0DBFD204618
:10C2F00002F044FC20B1D4F860310122A3F86A2294
:10C3000000232046638603B0BDE83040FCF712BE30
:10C3100023F0800342F0100280F8F83080F89E206D
:10C3200091F84832002BA4D190F8F8309DE72046D0
:10C3300015F006FB94F9F830002BB1DBAAE700BF3B
:10C34000350B0508570A0508CC5C050855AC0008F4
:10C35000939A03082DE9F047002304460E460F6820
:10C36000002F52D1002B00F08F803020584323F053
:10C3700011FA8046002800F08780034635680320C4
:10C380004FF0020C6A49002D42D1D4F86031D3F845
:10C39000343223B14246F9B294F90D009847404631
:10C3A00023F008FAD4F86031D3F83032002B6BD088
:10C3B0003568002D66D095F84E30D5F8508003F0E2
:10C3C0000F03022B17D1D4F86031B5F84620D3F80B
:10C3D00030723B8D9A420ED1102205F1160138467B
:10C3E00040F019FD38B9082205F1360107F12000A7
:10C3F00040F011FD38B130462A46502123F05CF957
:10C40000284623F0D7F94546D3E701333F6DA7E728
:10C41000B5F846209E4683F82C0005F126091A85BA
:10C4200083F82DC095F84C2083F82E2005F11602D4
:10C4300052F804AB4A454EF804ABF9D1D5F8362092
:10C440000137303343F8102CD5F83A2043F80C2C40
:10C450000A6843F8202C4A6843F81C2CD5F83E2083
:10C4600043F8182CD5F8422043F8142C13F8182C54
:10C4700082F0020203F8182CB5F84A2023F8062CA3
:10C480002D6D80E7376847B994F90D00BDE8F04796
:10C490002DF09DBB23F08EF997B1B8465021304660
:10C4A0003F6D424623F008F945B195F94D204046CD
:10C4B00098F94D309A42EDDA23F07CF94546EBE7E6
:10C4C000D4F860312946B5F84A202046A3F8622204
:10C4D0002DF0F3FA284623F06DF9D4F860310422E8
:10C4E000082083F84922162384F8343094F8303039
:10C4F00023F0100343F0010384F83030D4F86031A6
:10C5000093F8782267F3C30283F87822D4F8603175
:10C5100093F8782267F3861283F878220A236386D9
:10C5200017F0CEFF2046BDE8F047FFF785BE00BFFD
:10C530003F5D05081FB5D0F8602104466B46D2F870
:10C540000002D2F8041203C30B4B18689B880290B8
:10C550002046ADF80C302CF0C4FB40BA6946ADF86B
:10C560000E00204637F086FA4FF6FF7120462CF079
:10C5700093FB04B010BD00BF395D050838B5054612
:10C58000082900F29C80DFE801F0059AB39A05B90A
:10C59000B7090500BDE838402DF01CBD18F0FAF9C8
:10C5A0000446002800F08B80D0F86031002B00F0AA
:10C5B000868090F90D0030F00EF9002838D194F9FA
:10C5C0000D0030F0D4F8002839D1D4F86021D2F829
:10C5D0003C32002B53D01968002950D01B7E002B11
:10C5E0004DD094F90D0030F07FF80146002840D07E
:10C5F000D4F86031D3F83C321B8AA0F85430D4F818
:10C600006031D3F83C321B7D80F84830D4F860317B
:10C61000D3F83C325B8AA0F8503094F90D0030F02A
:10C6200027FAD4F860310021D3F83C3219761BE0A8
:10C6300094F90D0030F0A4F80028C0D0C5E794F9B3
:10C640000D0030F040F9034694F90D0073B130F05D
:10C650004FF994F90D0030F03FF944F6206194F958
:10C660000D0004F04BF90021284633E004F064F992
:10C67000F9E7234A022023493EF097F8D1E792F8E0
:10C680004832204643B933F003FA014640B994F9E1
:10C690000D0002F0A9FC2046BDE83840FFF702BCBF
:10C6A000D4F8603193F84912012909D194F90D00A9
:10C6B0002DF070FBD4F86031022283F8492238BD96
:10C6C00002290BD10F4904200F4A3EF06EF80421D5
:10C6D00094F90D00BDE838402DF05CBB29B9214626
:10C6E0001F20BDE8384017F02BBF21462020F8E777
:10C6F000BDE838402DF06BBA0321B5E70121B3E75F
:10C700001E0B0508570A0508590B050810B588B017
:10C7100004462CF0E6FA4FF6FF720346904223D00F
:10C72000D4F8601104AA5BBAD1F80002D1F804125F
:10C73000ADF81E304FF0FF3303C20C4A04A900933A
:10C740001068928806902046ADF81C200122CDE9A1
:10C7500001320023402215F019F828B194F89E30D8
:10C7600043F0010384F89E3008B010BD395D050820
:10C770001FB5044610220021684640F03DFBD4F866
:10C7800060216B46D2F80002D2F80412702203C373
:10C79000064B694618689B8802902046ADF80C301D
:10C7A000002337F07EF904B010BD00BF395D0508E5
:10C7B0001FB50446D0F8600190F8483294F90D2076
:10C7C000012B1ED894F830304FF0FF3100F5007087
:10C7D00043F0100384F830300023CDE90113112118
:10C7E000009140213CF0AAFD20B90A4A02200A49E2
:10C7F0003DF0DBFF94F90D0004B0BDE8104008F0F7
:10C8000053BB104608F044FB204604B0BDE810407E
:10C8100003F0F2BB670B0508570A05082DE9FF4135
:10C8200004460E461746984618F0B4F805462EF012
:10C8300021FF00F1340107232046002289B23BF09A
:10C84000BDFE0446002D44D000283FD03BF01AFF27
:10C850009DF82820414638F0BCF829462EF015FFF7
:10C860000146284602F0A6F8014628462EF0EDFEC5
:10C87000014620463BF018FF174B002F2846029335
:10C880004FF003038DF80C300CBF00230A238DF802
:10C890000D302CF006F9114920463BF02EFF3146B1
:10C8A00020463BF02EFF02A920463BF0F2FF01A9F3
:10C8B00095F90D0030F0BBFE019B022205212046B8
:10C8C0003BF0F4FE20461EF0D9FC012004B0BDE888
:10C8D000F0812846FAE700BF0100030011A0030819
:10C8E0001FB50A460C4903466C460868496803C4EC
:10C8F000D3F86011D1F824120868496803C49DF880
:10C900000810184681F002018DF8081069462EF0D3
:10C910007DFC04B010BD00BF3F5D0508F0B590F888
:10C92000D5308FB0D0F878510446013305F1600658
:10C93000103580F8D5300FCD0FC60FCD0FC62B6840
:10C940003360D4F86031D3F83432DBB1BDF82C3029
:10C95000514A03F0FE0343F48073ADF82C30D4F851
:10C9600078310AA920465B6E0A9300230C938DF858
:10C970002E3002F053FB70B3484A022048493DF084
:10C9800014FF28E094F90D002FF0C0FB05460028A5
:10C9900067D094F90D0030F02BF8424A074606ABF9
:10C9A0001068516803C3D5F83E00D5F8421003C3A0
:10C9B0009DF8203083F002038DF820306FB92846AF
:10C9C00022F0F8FE0820384A38493DF0EEFE94F98E
:10C9D0000D002DF0FCF80FB0F0BD06A81CF024FEF1
:10C9E00006460028EBD104AA4023082138461CF053
:10C9F0002FFD9DF8103004A9204643F002038DF866
:10CA000010302CF088FB2046FFF77CFA29462046A0
:10CA10002DF053F8264A254908203DF0C6FE0AA904
:10CA20002046FBF785F86686224E2A460AA920464C
:10CA3000334601F047FC00280FDAB5F84630B5F868
:10CA40004820029695F84C10019105F136010091AD
:10CA50000AA994F90D0004F089FA284622F0AAFEEA
:10CA6000B9E7154A082011493DF09FFE032306222D
:10CA70004FF41671CDE9003208460F233C221CF01A
:10CA8000C1FDBDF82C300D4A03F0FE0343F0010355
:10CA9000ADF82C3063E700BF55C30008A70B0508AD
:10CAA000570A05083F5D05087E0A05089C0A050827
:10CAB000790B0508F99B0308900B050855BC000885
:10CAC00030B590F8343087B00446202B05D8132BAE
:10CAD0000BD85BB3022B00F0BC806F4A04206F4977
:10CAE00007B0BDE830403DF060BE143B0C2BF4D8DD
:10CAF00001A252F823F000BF17CC000817CC0008A1
:10CB000017CC0008DBCA0008DBCA000817CC0008F5
:10CB100063CC0008DBCA0008DBCA0008DBCA0008D7
:10CB200075CC000883CC000893CC000890F90D0068
:10CB300003F09CFF94F90D002FF0D6FD054628B9AF
:10CB4000204607B0BDE83040FFF7E8BE544A082051
:10CB500052493DF02AFE94F90D0003F047FD0822EA
:10CB60000346214600924F4A94F90D001EF0BAFA8E
:10CB700080B14D4A022049493DF017FE4B4A022040
:10CB800046493DF012FE21461E2007B0BDE8304068
:10CB900017F0D6BC01201EF00FFC01201EF018FC7F
:10CBA000294620462DF0A2FB0028E7D1D4F86021C9
:10CBB00092F8793299070FD560F341030DF10E0118
:10CBC00004A882F8793209F0ABF9034650B1384A2B
:10CBD000042032493DF0E9FD204607B0BDE8304071
:10CBE0002DF019BC09F0CAF9034620B1314A0420DE
:10CBF0002A493DF0DAFDBDF80E30D4F8600123F487
:10CC00007C4252B9A0F8643294F90D0032F0C1FBB5
:10CC100020460AF087F907B030BD2EF0A4F928B9F4
:10CC2000254A08201D493DF0C0FDD5E7D4F8603104
:10CC30004FF6FE72D3F824321A81D4F86031D3F85B
:10CC4000242204AB03CB10602046516003F096FA17
:10CC5000E1E7002380F8D53007B0BDE8304003F0AD
:10CC600003BA164A08200D493DF09FFD002384F8C1
:10CC7000D530D0E70146032007B0BDE8304017F0BB
:10CC800039BF002194F90D0007B0BDE8304004F031
:10CC9000FFBA0121F6E700BF940C0508570A050802
:10CCA000C10B050851F70008DD0B0508F30B05085B
:10CCB0000F0C05083A0C0508670C05087B0C0508E5
:10CCC0002DE9F04F9FB0D0F86031054690F90D0086
:10CCD0000C4603F19407029205932FF005FD0028FE
:10CCE00040F07B824FF0FF301FB0BDE8F08F94F82A
:10CCF00001A00023A04602990AF101020B938DF8CE
:10CD00003030564618F8023B8A4203F00109E9DA4E
:10CD10008A1EA2EB0A0292B20292B9F1000F08D168
:10CD2000D5F8602192F87822900702D408EB0A0423
:10CD300025E003F0FE03022B40F05F81AAF1020A16
:10CD4000A378E078261D1FFA8AFA8DF828308DF82E
:10CD500030000B9631F027F95045C3D8AAEB000AF2
:10CD600006445FFA8AF130461FFA8AFB08F058F948
:10CD7000002840F03F81BBF1020F344604D8029BEB
:10CD8000002BB4D10398AFE7ABF1020314F8022BE8
:10CD900076789BB202F0010802F0FE029E420492F5
:10CDA000EDD89B1B062A1FFA83FB6AD04FEAC813F3
:10CDB0000693002E67D023885BBA99B2ADF8243071
:10CDC000049B042B61D16288384652BAD30AC2F35D
:10CDD000813103F004030B43510A01F008010B43B6
:10CDE000D10901F010010B43510901F020010B435F
:10CDF000D10801F040010B4306990B4302F4807106
:10CE00000B439100120101F4007102F480620B43A4
:10CE10000AA91343BDF82620C3F30A036FF30A02DD
:10CE2000134309AAADF8263031F0BBFF00283ED0ED
:10CE30000434043E39E014F8023B023E0B993846B4
:10CE4000C3F3001203F00F03F6B243EA02139DF896
:10CE5000202022F01F02134308AA8DF8203014F876
:10CE6000013C8DF821309DF8223068F300038DF8E5
:10CE7000223031F07FFA20B908AA0AA9384631F0E9
:10CE800051FD002ED7D1264675E7A2789DF82630B1
:10CE9000920962F3010368F3C7138DF82630049BEF
:10CEA000002B00F09C800334033EF6B281E7059B23
:10CEB00093F8AD31990726D09DF826301A0773D420
:10CEC000012340220B99284636F0EBFD9DF82630D1
:10CED000DB0618D4D5F860210DABD2F80002D2F8E9
:10CEE00004120B9A03C3BE4B0DA918689B880F90C0
:10CEF000ADF84030BDF8243095F90D005BBAADF8BF
:10CF0000423037F03CFBD5F86001D0F82032002BDE
:10CF10008ED000F5D8719DF830300B9A943008F01F
:10CF2000D1FA1028814639D09DF8582000F00F031F
:10CF3000014605F1940022F01F0243F01003134351
:10CF400005F194028DF858309DF85A3007924FF64B
:10CF5000FF7268F300038DF85A309DF830308DF879
:10CF60005930CDE900380B9BFBF7E2FE8246A8B9A9
:10CF7000D5F8600116AA0AA9943031F0D3FC002834
:10CF80003FF456AF9DF830305246494605F19400C3
:10CF90000093CDF804800B9BFBF7CAFE09AA0AA9EF
:10CFA000384631F0F3FB43E7D5F838A0BAF1000F6B
:10CFB0008CD09AF82230DAF82C90012B0DD1402237
:10CFC0000B9950463DF096FC38B19DF8262051460D
:10CFD000284642F3800236F081FDCA46E6E74FF666
:10CFE000FD7399423FF65FAF09AA0AA9384631F0AE
:10CFF00052FE58E706EB0B04C1E6082B40F08D808B
:10D0000051464046B9F1000F02D008F009F88DE60C
:10D0100008F006F800287FF489AED5F8603193F85F
:10D02000FC2169F3000283F8FC21022E44467FF6BE
:10D03000A6AE023E98F801A014F8023BB6B2B24583
:10D040003FF69DAEA6EB0A06092BD5F86091B6B265
:10D0500031D00B2B08D0082B15D00023039A1A438C
:10D06000039204EB0A08E0E7BAF1020FF9D1B8F82D
:10D070000230B9F8F8115BBA9AB29142EDD0A9F832
:10D08000F8310123EAE7BAF1100FEAD899F8FB3139
:10D0900009F5E878534506D15246214640463FF00F
:10D0A000BAFE0028D9D05246214640463FF07DFEC8
:10D0B00089F8FBA1E5E7BAF1020FD2D199F8FC316A
:10D0C0005246214609F5F77043F0010309F5F07B5C
:10D0D00089F8FC313FF09FFE48B9D5F8601108226D
:10D0E000584601F500713FF096FE0028B5D0D5F8FE
:10D0F0006021D2F80032C9F8E031D2F80432CBF81E
:10D100000430374B1A689B88C9F8E821A9F8EC313C
:10D11000B8F80230A9F8EE31B3E70A2B7FF4E2AD9C
:10D12000A278E01C9DF8581053008DF86D9021F006
:10D130001F0103F01E0343EAD213D20943EA01039D
:10D140008DF8583046D1AAF1040A3DF05AFB034647
:10D15000E01D1FFA8AF6023E179310F8013BF61AFB
:10D16000C4188DF86430B6B21890022E7FF607AE60
:10D17000023E94F8018094F80090B6B2B0453FF6B4
:10D18000B1AD122200210DF14600A6EB08063FF0DA
:10D1900033FE19F0010FA8F1020804F1040418BFCE
:10D1A0009DF84D3011AA5FFA88F816A918BF43F010
:10D1B000010338468DF84C80B6B218BF8DF84D305B
:10D1C00034F8023C129444445BBAADF8443031F078
:10D1D0009FFDCAE74AF6AA73BDE700230393CEE595
:10D1E000395D05082DE9F041884617461D4604467D
:10D1F00028B1D0F8603113B109B1FE2D09D94FF033
:10D20000FF36334A334904203DF0CFFA3046BDE8BB
:10D21000F0812DF0B0FF002856D12946384607F09E
:10D22000A7FE064660B12946384622F08DF92A4A03
:10D230000346284904206FF002063DF0B6FAE5E700
:10D24000D4F8603198F80520D3F828325979914202
:10D2500008D05A71D4F8602192F8AD3143F001033F
:10D2600082F8AD31D4F8603198F80420D3F8283230
:10D270001979914208D01A71D4F8602192F8AD3131
:10D2800043F0020382F8AD31D4F86081B8F8A431DC
:10D29000AB4207D12A46394608F1A5003FF0BBFD55
:10D2A0000028B3D098F8AD312A46394643F002033E
:10D2B00088F8AD31D4F86001A5303FF076FDD4F8A0
:10D2C0006031A3F8A451A1E76FF001069EE700BF0B
:10D2D000AC0C0508570A0508C70C050838B5D0F886
:10D2E000603105460C4693F84832023B012B09D9C0
:10D2F00037F07BF9002807DC23460D4A0D4904204E
:10D300003DF053FA002038BDD5F8603193F849322A
:10D31000052B0BD024F47C44002CF3D1284637F0A5
:10D3200090F905288CBF00200120ECE70120EAE7F6
:10D33000DD0C0508570A050838B590F90D000D46B3
:10D3400014463BF039F9042807D904202B46064A35
:10D3500006493DF02AFA002038BD20461CF064F949
:10D3600080F00100C0B2F7E7FD0C0508570A050878
:10D37000054B01221A704FF46162044B1A600022BF
:10D38000034B1A60704700BF8B9402202864022070
:10D39000246402201FB5044690F90D002EF0A4FE6F
:10D3A00020460BF057FB1B2194F90D0015F008FEE9
:10D3B000002394F90D001A46194637F059F894F9EC
:10D3C0000D0005F083FCFFF7D3FF4FF6FF73A4F8C1
:10D3D00056305A23A4F86430012384F85530324B78
:10D3E0001A689B88C4F85E20A4F862302F4B186836
:10D3F0009B88A065A4F85C302D4BC4F89C312D4B64
:10D40000C4F8A8312C4BC4F8B0312C4BC4F8B4315B
:10D4100094F8A03023F00E0343F0020384F8A03008
:10D4200094F8F83023F01C0343F0180384F8F83024
:10D4300094F89E3043F0100384F89E30D4F86031A5
:10D44000B3F864221AB94FF6FE72A3F86422D4F836
:10D450006031D3F82C3273B1B3F84A003BF07AF95B
:10D46000D4F86031D3F82C0222F0A4F9D4F860315A
:10D470000022C3F82C22204617F05AFE00224FF05B
:10D48000FF330F490192204600936FF0FF03CDE96F
:10D49000022216F001FA0B49204636F084FA0523E1
:10D4A00084F8D53004B010BD1AE5040820E504085E
:10D4B000D94E01084DDC0308CDDB0308EFDC03087F
:10D4C000AC5C0508DC5C050870B5D0F8603188B04C
:10D4D00004460D4693F873321646022B21D90022DA
:10D4E0000523114636F0DDFA2868696804AB00228E
:10D4F00003C30123204604A9CDE901324FF0FF33D5
:10D50000324600930FF000FB044660B121F0C8FFE3
:10D51000084A0346084908203DF047F9052384F8E6
:10D52000223008B070BD054A022003493DF03DF9A4
:10D53000F7E700BF1E0D0508570A05083E0D050850
:10D540002DE9F04FD0F860518BB0D0F87831044617
:10D5500095F848A2B3F838B05046924F2DF0A8FC89
:10D5600000220490122194F90D001FF0BFFAD5F8A3
:10D57000945015B90BB0BDE8F08F05F11C01584669
:10D5800031F04AFB98B105F12401584631F044FBD3
:10D5900005F1010881466E6A56BB6E6905F1010905
:10D5A00004F19408002E40F0E880ED6AE1E7BAF15A
:10D5B000010FE8D8EE6905F101084FF0FF39002EA0
:10D5C000E1D0318806A8D4F8602100F0D7FFB37805
:10D5D000697C404643F301035BB2CDE9019312231A
:10D5E000009306AB94F90D203BF0A8FE7668E6E7C1
:10D5F000B378580620D5B9F1000F03D099F802305E
:10D60000590619D4BAF1010F16D8D4F8602106A82A
:10D61000318800F0B3FFB3784FF0FF32002143F3BD
:10D62000010308465BB202931223CDE9003206AB38
:10D6300094F90D203BF082FE40461822697C1FF0D1
:10D640001DFD304631F0E1FA28B3049B1BB3B378DB
:10D65000DB0610D4F378697C13F0040394F90D20F1
:10D6600061D1B07840F3010040B202904FF0FF303A
:10D67000019012205DE0B9F1000FEBD094F90D009C
:10D680001EF0AAF90028E5D0414694F90D001EF0DD
:10D69000DFF90028DED094F82C30B278013BD006B8
:10D6A000DBB25ED5012B49D904F1380140462CF09C
:10D6B000CAFEA0B9D4F860213188059006A800F010
:10D6C0005DFF059B424694F90D00194636F057FF61
:10D6D000354B424606A994F90D0015F01DFEB378AE
:10D6E0005B0710D504F1380140462CF0ACFE50B970
:10D6F0006A7C4FF0FF33029001204146CDE90030B3
:10D7000020460FF001FAF37859070AD504F13801E1
:10D7100040462CF098FE20B9402241462046FFF7B3
:10D72000D3FE766838E74FF0FF300023CDE90103E0
:10D730001420009040463BF001FEACE7D4F8603185
:10D7400093F878329907AFD46A694FF47C41002A84
:10D75000AAD03180137803F00F033B4333809268E3
:10D76000F5E7012BBBD8D4F8603193F878329A07EB
:10D770005CBF4FF6FE733380B1E733784046DA067C
:10D7800003F00F01C3F340134FF6FF7248BF41F09F
:10D79000100101936B7C00934B46FBF7C9FAB66806
:10D7A00000E700BF00FCFFFF11BC0008F0B5002639
:10D7B00087B01D4601962FF0EFFD40B217F0EAF852
:10D7C000044600287AD045B904203E4A3E493CF040
:10D7D000ECFF6FF0010007B0F0BD0DF10303042270
:10D7E000A989A86930F018F960B101AB3246A9895E
:10D7F000A86930F036F80F2806D8344A0420324998
:10D800003CF0D3FF0020E6E70199204636F09AF875
:10D810009DF803500146D0B11DB94FF0FF3383612D
:10D82000F0E7032D0AD194F89F3040220199204659
:10D83000013384F89F30FFF747FEE3E7022D04D160
:10D840000199204636F016F9DCE78661DAE7102206
:10D8500002A83FF0D1FA002DD4D004F1A00701991D
:10D8600038463BF084FB06460028CBD0458ED4F8E2
:10D8700060316DBAB3F86402ADB2294632F02FFBC5
:10D8800020B9314638461EF059FCBBE79DF80330FD
:10D89000023B012B03D8314638461EF04FFCD4F82A
:10D8A0006021294602A800F069FE9DF80330019A24
:10D8B00002A994F90D0005F02FFCA3E74FF0FF300B
:10D8C00089E700BF5D0D0508570A05086D0D0508BD
:10D8D0002DE9F0479946D0F8603196B0044693F8A8
:10D8E00073320F4615469DF878A0022B23D92CF0F1
:10D8F000B6FE00B300230DF127020BA920460093CA
:10D900000AAB2EF0AEF88046A8B9384A082038494C
:10D910003CF04BFF002D5CD0D4F87831032229462F
:10D92000D3F8AC003AF00AFB064638B9314A304920
:10D9300002203CF03AFF16B0BDE8F087D4F8600151
:10D940003178603030F0E6FA054608B92A4AEEE749
:10D95000BAF1000F12D0414610220FA83FF04CFA46
:10D96000D4F8602171890FA800F008FE03233A461D
:10D970000FA994F90D0005F0CFFBDCE7B9F1000F1A
:10D98000D9D00FAE20462CF0D1F83B461022002112
:10D9900030462FF0F4FE2B46082203212FF0EFFE35
:10D9A000054694F90D002FF0C3FE144BAD1B00216A
:10D9B00006932A23ADB20BAA0393114B02930223C1
:10D9C000CDE90465CDE900134FF2BF0322F0D0FF8B
:10D9D000B1E794F90D002EF087FE08B9094AA6E7D1
:10D9E00094F90D0002F018FE0546CAE7960D0508E9
:10D9F000570A0508B80D0508C60D0508ADD700087B
:10DA0000F10D0508DA0D050809B1034B19600AB1DB
:10DA1000024B1A60704700BF286402202464022071
:10DA200030B50446D0F860018BB000224FF6FF718C
:10DA3000943030F0CCFDD4F860112046B1F8A42128
:10DA4000A531FFF73DF90546D4F860016A1C0DD1F8
:10DA5000B0F8A411A53021F077FD334A03463349CD
:10DA600004203CF0A2FE28460BB030BD2246002127
:10DA7000943031F034FA10B120462CF005FD2046E8
:10DA8000FFF75EFD204631F010FF94F90D0006F01F
:10DA900073F994F90D0005F0D3FF94F90D00FCF72C
:10DAA00073FE20462DF0E8FB04AB0DF10F0206A932
:10DAB0000093204605AB2DF0D4FF50B12046002541
:10DAC0002CF005FF20462BF076FF204601F0CAF926
:10DAD000C9E7D4F86031D3F84022002AEED0137E93
:10DAE000DB070BD49DF80F105378994206D1BDF88F
:10DAF0002630128A5BBA9BB29342DFD04FF47A731E
:10DB000004990020B1FBF3F189B22CF045F80546E9
:10DB1000052101202CF040F8691C0246204689B2FC
:10DB2000FFF772FFCAE700BFF60D0508570A0508A0
:10DB300010B5044608B3D0F86031F3B193F8AD31B5
:10DB40009B071AD00D4A08200D493CF02EFE2046B6
:10DB5000FFF766FF204609F03BFCD4F8602192F8FD
:10DB6000AD3123F0010382F8AD31D4F8602192F891
:10DB7000AD3123F0020382F8AD3110BD150E05085A
:10DB8000570A0508674B2DE9F04F1B7889B004460A
:10DB9000884643B3D0F8603193F87332022B22D910
:10DBA0002CF0F0FC38B1D4F86031D3F82432D3B182
:10DBB0005B89022B17D803AB002220460093114645
:10DBC00002AB2DF04EFF054668B9574E33689845B5
:10DBD0000CD2A3EB08033360544D2B68984560D2F8
:10DBE000A3EB08032B6009B0BDE8F08F029F322140
:10DBF0001E202BF0D1FF3F1A2B462A46376004A97E
:10DC0000009520462DF02DFF05460028E4D1DFF8D1
:10DC100020A102239AF8000003EB001021F0C2FDBE
:10DC200006460028D8D081460E2309F8023BCB4691
:10DC30004570676C5FB935B12B46324604A994F93B
:10DC40000D0005F0ABFA304621F0B4FDC4E77B7857
:10DC500013F00C0F23D03749384635F063FEF0B986
:10DC60003B465A4607F1100153F8040B8B4242F829
:10DC7000040BF9D10BF1100BABEB0605EDB2AB1EAB
:10DC800073709AF80030B5EB031F08DD2B46CB46C6
:10DC90000025324604A994F90D0005F07FFABF690A
:10DCA000C8E74FF47A7303990020B1FBF3F189B20E
:10DCB0002BF072FF00F56160286020462BF036FFE4
:10DCC000D4F8CC508DB9A66B002E8CD021463046AE
:10DCD00013F07EF9032806D900233146204600952B
:10DCE0001A46FFF7F5FDF66AEEE7EE7C012E17D136
:10DCF0002146284613F06CF9032811D9D4F878315D
:10DD0000022205F13201D3F8AC003AF017F938B12C
:10DD10000023421C2946204600933346FFF7D8FDD6
:10DD20002D6ACFE78B94022024640220286402200D
:10DD3000270D0220BC5C050830B5D0F8602185B005
:10DD4000054692F87332022B194B03D800221A7041
:10DD500005B030BDD2F82422002AF7D05289022A19
:10DD6000F4D81B78002BF3D103AA194600921A4667
:10DD70002DF077FE20B1052101202BF00DFF03903F
:10DD8000FFF7F6FA4FF47A7303990020B1FBF3F131
:10DD900089B22BF001FF0446052101202BF0FCFE87
:10DDA000611C0246284689B2FFF72EFED0E700BF6D
:10DDB0008B940220054A0346106800B9704790F919
:10DDC0000A209A42FAD0C068F7E700BFC0090220D3
:10DDD00013B5FFF7EFFF044610B1002902DB018104
:10DDE00002B010BD04210DEB0100F3F7C3FD019B50
:10DDF0005A1DF7D8034AB3FBF2F303F59673238158
:10DE0000EEE700BF841042082DE9F041064616F007
:10DE1000C1FD054600286DD0D0F8603123B96FF000
:10DE200001042046BDE8F0812DF0A5F90446002844
:10DE3000F5D128462AF055FF8046D5F86001B0F8A4
:10DE4000C21199B1B0F8C031434508D095F90D0021
:10DE50002FF0ACFA05213046FFF7BAFFE1E790F862
:10DE6000C43143F0020380F8C431DAE700F5D8701A
:10DE700030F0A1FD0446093021F094FC074600284B
:10DE80003BD022460A212FF096FC0146D5F86001CE
:10DE900042464FF6FF7400F5D87030F0B6FDD5F865
:10DEA00060110346B1F8C021A24209D091F8C41113
:10DEB000C90705D5424503D002212FF094FC034643
:10DEC000D5F860213946A2F8C081DA1B95F90D001A
:10DED0000B4B92B204F080FF0446384621F06AFCF6
:10DEE000002C4FF0FF31C2BFD5F86031A3F8C2411A
:10DEF0000024B0E74FF0FF3493E76FF0020490E79F
:10DF0000E5AA030838B50546FFF754FF044628B1D3
:10DF100003891BB18B4202D95B1A038138BD2846A5
:10DF200016F038FD0023238104460028F6D02CF09B
:10DF3000D6FB0028F2D10820044A05493CF035FC04
:10DF400094F90D00BDE83840FFF75EBF5A0E050892
:10DF5000500E0508074B1B6813B94FF0FF30704790
:10DF600093F94820824202D193F949007047DB6C53
:10DF7000F2E700BFC80902200A4B10B51C6814B9AB
:10DF80004FF0FF3010BD94F94830834201D0E46C6B
:10DF9000F5E784F84A20224603483DF034FAA063AE
:10DFA0000020EFE7C809022075AB0308F7B5054666
:10DFB0000E4617461C4600224FF47A71FFF7DCFF2D
:10DFC0003A46314628463DF03BF9ACB1A06998B1DC
:10DFD0000023A18905222FF044FC0346A1890F2BC1
:10DFE000A0690DD8A189A06921F0AEFA1F4A0346A5
:10DFF0001F4902203CF0D9FB4FF0FF3003B0F0BDC9
:10E00000002302222FF02DFC0346A189072BA069D3
:10E01000E8D9002303222FF024FC0346A189A0693C
:10E02000002BDFD000231A462FF01BFC0346A189EA
:10E03000A069002BD6D0002301222FF012FC03464A
:10E04000A189A069002BCDD0002304222FF009FC68
:10E050000F28C7D92846FFF77DFF05230093054BFE
:10E06000A289A1692EF0C6FD0020C7E78B0E050826
:10E07000A40E0508D8590508F8B505460E4607460A
:10E080007B1B3C46B34201DB00240AE023780137C6
:10E09000642BF5D10C22044920463EF0DBFE00281B
:10E0A000EED12046F8BD00BFA90E05082DE9F04FBE
:10E0B00089B090461D460646FFF74CFF0F4616F006
:10E0C00069FC044678B1D0F8603163B12D4A08206C
:10E0D0002D493CF06AFB0DB1A86948B92B4A0220D2
:10E0E00029493CF062FB4FF0FF3009B0BDE8F08FEA
:10E0F000A989FFF7C1FF00283ED0D4F8603100F1B4
:10E100000F05B0F80D90D3F8443299FA99F9586A8E
:10E110001FFA89FA08B121F04DFBD4F8603150465E
:10E12000D3F844B221F036FBCBF82400D4F86031A8
:10E13000D3F84432586A0028D5D0524629463EF0DA
:10E1400034FED4F86031D3F84432A3F84090104B39
:10E1500000243A46082106934FF6EA5330460393CB
:10E160000C4B02930123CDE90444CDE9004343461F
:10E1700022F0FEFB2046B8E7074A022002493CF0A5
:10E1800014FBE4E7B60E0508A40E0508E60E050824
:10E1900045E20008770E0508FA0E050870B5D0F8BC
:10E1A00060610446D6F84452FDB9542021F0F2FAD9
:10E1B000C6F84402D4F86031D3F84402A8B1294625
:10E1C00054223EF019FED4F8603194F90D204C2110
:10E1D000D3F84432054883F84920D4F86031BDE8CB
:10E1E0007040D3F844223CF024BC70BDC809022022
:10E1F00037B50B781446582B0ED14D78941E02314A
:10E20000A4B2AC4213D023460C4A0D490420009519
:10E210003CF0CBFA03B030BD592B06D1B1F8015018
:10E22000D41E03316DBAADB2EAE70025E9E7224614
:10E230002CF0CBFC0130EDD1E5E700BF100F050855
:10E24000A40E0508F0B589B017460546FFF782FE13
:10E250000E4616F09FFB044620B3D0F860310BB396
:10E26000124A082012493CF0A0FA8A22114920469D
:10E270002CF01DFD104B002432460693D7230821B5
:10E28000284605930D4B04934FF6EB5303930C4B29
:10E2900002930223CDE900433B4622F069FB20466E
:10E2A00009B0F0BD4FF0FF30FAE700BF370F0508A7
:10E2B000A40E0508DD5905086BAC0308675A05086C
:10E2C000680F05082DE9F0431E46D0F860310D4671
:10E2D000114693F8732293B0022A5DD9D3F84432E1
:10E2E000002B59D09A6A002A00F081804F8A002FB3
:10E2F0007DD090F90D80404616F04CFB0446002E70
:10E300004AD0002848D0D0F86031394690F90D0045
:10E310008622D3F8449200230093854B22F008FA1A
:10E3200089F84800D4F86031D3F8441241BBD4F8DE
:10E3300060312A4605F11001D3F844325E63D4F807
:10E340006031D3F84432103352F8040B8A4243F858
:10E35000040BF9D1D4F860314046D3F84432A3F825
:10E3600046702EF045FB2EF0DBFB80B221F012FA56
:10E370000646B0B96F4A02206F493CF016FA0BE02E
:10E3800091F84430CA8F91F948000093D1E90A13FB
:10E390003CF0ADFF0028CADA4FF0FF3013B0BDE803
:10E3A000F08340462EF024FB014630462EF0DBFB86
:10E3B0000346D4F8602100249B1B0821D2F8442294
:10E3C0009BB292F948005D4ACDE904632A23069284
:10E3D0002A4603935A4B02930223CDE900433B465E
:10E3E00022F0C6FA304621F0E5F92046D6E71B6A4E
:10E3F000002B00F088800F8A002F00F0848090F9B5
:10E400000D80404616F0C6FA0446002EC4D00028FF
:10E41000C2D0D0F86031862239464046D3F84492C3
:10E42000484B0093424B22F083F989F84800D4F816
:10E430006031D3F8441291F842308A8F91F9480044
:10E4400000930B6B096A3CF052FF0028A4DBD4F860
:10E4500060312A4605F11001D3F844325E63D4F8E6
:10E460006031D3F84432103352F8040B8A4243F837
:10E47000040BF9D1D4F86031D3F84432A3F84670D4
:10E4800046F2A273ADF828302F4B1A68CDF82A2037
:10E490009A889B79ADF82E208DF8303061238DF865
:10E4A000313046F23153ADF83230284B18681B79C1
:10E4B0000D908DF8383048238DF83930082108A8A0
:10E4C000F3F758FA0DF13A02DDE908013CF07AF968
:10E4D000D4F8603100242A46D3F84432082193F955
:10E4E00048001B4B06931A2305930AAB04934FF67F
:10E4F000E8530393174B02930223CDE900433B46B5
:10E5000022F036FA71E7B1F84820002A3FF444AF10
:10E51000029691F84C30019301F136030093B1F863
:10E520004630294690F90D0002F020FD36E700BF85
:10E5300071AB03087C0F0508A40E0508ADDF0008C9
:10E540009209050895C303083C3005089A0F050891
:10E55000ADE00008A00F050810B504462CF092FCB1
:10E5600040B10622044904F108003EF054FCB0FA20
:10E5700080F0400910BD00BF395D050892F80832EF
:10E5800010B573B1084BC1731C689B88846083818C
:10E590000B0A8373D2F800320360D2F8043243606E
:10E5A00010BD1846FCE700BF395D050838B50546C3
:10E5B0001446E9B1B1F84A3032B12BB90E4A042001
:10E5C0000E493CF0F2F801234FF46162D5F8601176
:10E5D0005A43C1F88C204CB9094A53436422B3FB17
:10E5E000F2F3D5F86021C2F8883038BD0023F8E78F
:10E5F000002AE3D11346E7E7D30F0508CE0F05083D
:10E60000D01B05000138C0B202289ABF014B185C2C
:10E61000002070473E5B0508F8B51646D0F8783103
:10E6200007460D4603223146D3F8AC0039F086FC8C
:10E6300038B91F4A02201F493CF0B7F80025284688
:10E64000F8BD037DDB07F9D4294638462CF026FDBA
:10E650000446B0B92CF0CCFC04460028EED0294684
:10E66000034605F1100251F8040B914243F8040BE4
:10E67000F9D1D7F860012246182100F513703CF05B
:10E68000F9F91034314620462CF01AFD05460028D1
:10E69000D5D12CF0BCFC05460028D0D0336802460A
:10E6A000082103607368436020463CF0E3F9C6E745
:10E6B000B80D0508CE0F05082DE9F04FD0F8602100
:10E6C00085B00C46002602F1A503B2F8A471D7B1BB
:10E6D000012F00F0658199465D7819F8022B8DB104
:10E6E000023FD107BFB204D47F1BBFB209EB0503C1
:10E6F000EDE7BD4202F0FE0009D9AA4AAA4902206C
:10E700003CF053F80026304605B0BDE8F08F7F1B83
:10E710000228BFB240F0BB80023DD8782FF043FC06
:10E720008346EDB28542EDD32D1A00F1020A5FFA5D
:10E7300085F81CB3631C524649460193032304F831
:10E74000023B204654443EF030FB043609EB0A03FA
:10E7500041461FFA8AFA1BFA86F6184603932CF0F4
:10E76000EBF9B6B2039B5FFA80F9B8F1020F07D854
:10E77000002CACD0019A82F800A0A8E70194E4E74D
:10E780009B46A8F102085D781BF8022B5FFA88F817
:10E79000D00706D4A8EB05080BEB05035FFA88F851
:10E7A000E3E70AF1020A0236454502F0FE0315FAD4
:10E7B0008AFA15FA86F61FFA8AFAB6B265D8A8EB75
:10E7C0000508042B5FFA88F82AD12CB123460522CC
:10E7D00003F8022B65701C460DB95B46C5E7BBF814
:10E7E0000230043D02990BF1040B5BBAEDB29AB210
:10E7F000C3F3C42363F314510291002CECD00B46F5
:10E80000E2700434D9024BBF4B46FE23FC21FF21AA
:10E8100004F8033C130A04F8041C04F8023CDBE788
:10E8200023BB2CB12346012203F8022B65701C4642
:10E830002B465A46FF21FE204BB905EBC50305EBDD
:10E84000430505EBC505EDB205EB45051BE0033BB4
:10E850000332DBB2002CEFD012F801CC033404F801
:10E86000031C04F8020C04F801CCE5E75CB1234674
:10E8700042F00102594603F8022B2A4665701846F9
:10E880003EF093FA4419AB44A7E7484A36E70A2812
:10E8900072D19B7803F00F02DB0909BF0523012326
:10E8A0000436043D19F803B003F10103019203BFDC
:10E8B000B6B2EDB24FF004084FF0000803EB0B02C4
:10E8C00044B30B2304F1010A4946039204F8023BC6
:10E8D00020463EF06AFA039A144409EB0203043618
:10E8E000023D019A1BFA86F6D844A5EB0B0542F4CB
:10E8F0007C49B6B208F1020805F0FF054FF0FC0BA9
:10E9000049F01009022D07D8002C3FF4E0AE8AF838
:10E910000080DCE6A246E0E719465A78023D11F88D
:10E92000020BEDB2C30703D4AD1AEDB28B18E9E7C1
:10E93000AA423FF6E7AE08F102080236AD1A12FA13
:10E9400088F812FA86F6EDB21FFA88F8B6B2002CF3
:10E95000ECD0234640F00100039203F8020B184666
:10E96000627001913EF021FA039A84F802B084F8B3
:10E97000039084180199D9E7023615FA86F6B6B2E3
:10E98000002C3FF4B3AE234642F00102494603F89F
:10E99000022B2A46657018463EF007FA4419A5E690
:10E9A000034AABE60B100508CE0F050892200508B8
:10E9B0001810050810B590F90D000C462DF094FEC6
:10E9C00058B12246162302F8023B08236370D0E9AF
:10E9D0001601BDE810403BF0F5BE034A0220034992
:10E9E0003BF0E3FE204610BD27100508CE0F0508BA
:10E9F00013B5447B2DF072FE00220090044B20469C
:10EA000011462EF062F8023080B202B010BD00BF95
:10EA1000425B0508F7B50C46457B06460F4F2DF0C7
:10EA20005DFE002200903B46114628462EF04DF830
:10EA300080B12546182305F8023B6070747B2DF0E9
:10EA40004DFE00232946CDE900701A4620462EF0DF
:10EA500050F80446204603B0F0BD00BF425B0508F5
:10EA600013B5044690F90D002DF081FE48B1647B8A
:10EA70002DF036FE00220090034B204611462DF06B
:10EA8000B2FE02B010BD00BF415B0508F7B50646F7
:10EA900090F90D000C462DF06AFEE0B1757B2DF06B
:10EAA0001FFE0E4F0022009028463B4611462DF0D7
:10EAB0009AFE80B12546192305F8023B6070747BED
:10EAC0002DF00EFE00232946CDE900701A4620469F
:10EAD0002DF0B0FE0446204603B0F0BD415B0508B2
:10EAE0002DE9F341089F16461D46BDF824800446D3
:10EAF00010B1D0F860311BB9002002B0BDE8F08140
:10EB0000002FF9D0B8F1000FF6D001AB3422414606
:10EB100038462EF09EFF032805D8154A04201549D3
:10EB20003BF043FEE8E794F90D002DF035FE8642F8
:10EB300075EB010103D294F90D0001F0B5FD4246D9
:10EB4000394694F90D0001F07DFD18B10A4A022002
:10EB50000849E5E732462B4694F90D002DF02CFECE
:10EB6000019994F90D0001F0C9FE0120C5E700BF2D
:10EB700038100508CE0F05085010050870B5D0F8FC
:10EB8000603188B0044693F84832023B012B02D929
:10EB9000002008B070BD856B00F19406D5B9D4F89B
:10EBA00060110322684601F500712BF083F8D4F858
:10EBB0006011022204A801F500712BF07BF8646C4F
:10EBC000002CE5D00D22234920463EF024F908BB55
:10EBD000A469F5E72146284612F0FAF90E2806D175
:10EBE0002946304629F07EFE80B90120D1E7214632
:10EBF000284612F0EDF9032801D0ED6ACEE7214650
:10EC00002846FFF7A9FC0028F7D1E9E743791B075D
:10EC1000F3D0EAE76946204634F084FE0028D7D1D5
:10EC200004A9204634F07EFE0028D1D10A492046AE
:10EC300034F078FE0028CBD10849204634F072FE2B
:10EC40000028C5D10649204634F06CFE0028CCD0FF
:10EC5000BEE700BF2C5D0508AC5C0508DC5C050860
:10EC6000CC5C05082DE9F041D1F8603188B005464B
:10EC70000E4693F848320446023B012B1ED813235C
:10EC800001F1940804F8023B002343708F6BCFB965
:10EC9000D6F860110322684601F500712BF00AF8DE
:10ECA000D6F86011022204A801F500712BF002F8D9
:10ECB000766C6B78002E41D103B9023C204608B037
:10ECC000BDE8F0816B78942B25D83146384612F098
:10ECD0007FF90E2813D13946404629F003FE631C04
:10ECE000D8B93A4607F11001207052F8040B8A4255
:10ECF00043F8040BF9D16B78113411331CE0314621
:10ED0000384612F065F9032805D131463846FFF739
:10ED100023FC0028DFD0FF6AB9E742790934C2F347
:10ED2000030262F07F0204F8092CBA6844F8082C48
:10ED3000FA685A606B7809336B70ECE7942B2ED825
:10ED40000D22184930463EF066F840B36946304619
:10ED500034F0E8FD18BB04A9304634F0E3FDF0B907
:10ED60001149304634F0DEFDC8B91049304634F060
:10ED7000D9FDA0B90E49304634F0D4FD78B9234608
:10ED8000324606F1100103F8010B52F8040B8A42D7
:10ED900043F8040BF9D16B78113411336B70B669F9
:10EDA00087E700BF2C5D0508AC5C0508DC5C050846
:10EDB000CC5C050870B588B005460C4616462CF0AC
:10EDC000DAF900283CD128462BF0DCFB0146C8B319
:10EDD000637813F00E0F33D00D221F4920463EF00A
:10EDE0001AF868B310221D4920463EF014F838B3D3
:10EDF00010221B4920463EF00EF808B3D5F86011EA
:10EE00000322684601F500712AF054FF102269467A
:10EE100020463EF000F898B1D5F86011022204A80F
:10EE200001F500712AF046FF102220460DEB020189
:10EE30003DF0F1FF20B1D5F860310122A3F86A223C
:10EE400008B070BD002EFBD00122284608B0BDE8F6
:10EE50007040FEF7D9BD00BF2C5D0508FC5C0508BD
:10EE6000EC5C050813B5044604210DEB0100F2F734
:10EE700081FD019B5A1DF7D80549D4F86021B3FBE9
:10EE8000F1F303F59673A2F8703202B010BD00BF23
:10EE900084104208F8B51F461B2305460E4613F0A2
:10EEA000F9FE044660B9084A31462846074B35F05A
:10EEB00071FA3A463146284613F0A2FF2046F8BDC3
:10EEC0004FF0FF34FAE700BF91BB03082FBB0308E4
:10EED000054A0346106800B9704790F928209A4205
:10EEE000FAD0C06AF7E700BFD0090220034A3223F4
:10EEF0000121032092F9002022F0C2B8200D022047
:10EF00007FB50B780C460F2B12D1FFF7E1FF0546BA
:10EF100070B1836863B102AB1622898AE0682EF073
:10EF2000A8FD072806D8204A204902203BF03DFCD6
:10EF300004B070BD0DF102031522A18AE0682EF025
:10EF400079FD012801D81A4AEEE701AB1422A18A03
:10EF5000E0682EF086FC022801D8164AE4E7AC6887
:10EF6000DDE90202D4E9041381429341E0D2019B1E
:10EF7000B3F80160E36973B1D3E900418442914180
:10EF8000D6D276BABDF80220DDE902019E721A815E
:10EF9000C3E90001CCE7102020F004FCE061AB687D
:10EFA000DB69002BC4D0ECE76C1005088210050863
:10EFB000871005089910050808B515F0EBFC70B12D
:10EFC000D0F86031D3F8400248B1438A0BB9808A47
:10EFD00028B10420024A03493BF0E7FB012008BDA9
:10EFE000AD1005088210050870B506460D46FFF7FE
:10EFF0006FFF044610B94FF0FF3070BDC369002B9E
:10F00000F9D02CF0EDFD0449304639F0C8FA00285B
:10F01000F1D184F82A50F0E72DBD03082DE9FF4710
:10F02000074690F90D0090460E46FFF751FF054642
:10F0300000286AD0B8F1000F67D0002965D0436876
:10F04000002B40F094800B68002B5ED0887910B1C3
:10F050008B68002B59D01C3020F0A4FB044630B93B
:10F060006FF002046860204604B0BDE8F087837E3C
:10F0700023F0010383760023038033684360837E9B
:10F08000327962F341038376DBB2727962F38203F1
:10F090008376B379C376042102A8F2F76BFC029B56
:10F0A00013F10A0FF7D8334A04F10A0904F1090AE7
:10F0B000B3FBF2F30133238108210DEB0100F2F7DA
:10F0C00059FC0021DDE9023201310AF8013F08292B
:10F0D00004D01B0A43EA0263120AF5E7E27EC4F891
:10F0E000148022B1B16804F11C003DF05EFE0823DB
:10F0F0006C60214A394600934B4697F90D001BF08E
:10F10000F1FF28B128462CF083FD4FF0FF34AAE729
:10F110001A4997F90D0039F042FA04460028F1D156
:10F1200005F120002CF08AFD0521D5E90065304667
:10F1300029F0BFFF2146304629F04AFF3046F9F753
:10F140001BFF30464FF6FF7129F0A6FD05F10A01BD
:10F15000304629F0E0FF3046FCF7D4FE01232B8037
:10F16000AB7E64F30003AB76FFF7C0FE7BE76FF086
:10F17000010478E703000100DDC003082DBD03088A
:10F180002DE9F041804617460D46FFF7A1FE0446E3
:10F1900000B127B94FF0FF352846BDE8F0810029BE
:10F1A000F8D04368002B55D18668002E52D18B6869
:10F1B000002BEFD0282020F0F5FA18B96FF00205E7
:10F1C000A060E9E790F82030068066F30003234949
:10F1D00080F82030AB684360AB894381D5E90023D8
:10F1E000C0E90676C0E90423A060404639F0CCF9B6
:10F1F00018B120462CF015FDCCE71949404639F0EE
:10F20000CEF9054618B120462CF002FDC2E726686B
:10F210000521A468304629F04CFFD6F8603193F8F8
:10F220004832032B03D1002130462AF079FD3046C5
:10F23000F9F7A2FE4FF6FF71304629F02DFD0123AC
:10F24000238094F8203023F0010384F82030FFF766
:10F250004DFEA1E76FF001059EE700BF5DBC03080E
:10F2600001EF00082DE9F04F0C699BB006460D46F2
:10F2700094F90D0091462DF037FA002800F099819D
:10F28000686834F018FB002800F093812B780C2B71
:10F2900040F08F8100220023C7490820CDE90423D4
:10F2A000D4F86031C54AD3F82C723BF07EFA6A6814
:10F2B0000BAB07F1080B9068D168082203C39DF8D7
:10F2C0002C3059460BA883F002038DF82C303DF00A
:10F2D000A2FD002840F06D81D4F8603193F87832B7
:10F2E000DB0602D520462BF0DFF8D4F8602120465B
:10F2F00092F8C43143F0010382F8C4312AF0BFFE12
:10F30000304601F081FFD4F860012DF007FD204662
:10F310002CF06BFA2046FDF70DF9204615F048F861
:10F320000022132194F90D001DF0E0FB00221421AE
:10F3300094F90D001DF0DAFBD4F8600100224FF6BD
:10F34000FF7194302FF043F9D4F860012246002178
:10F3500094302FF0C4FD0122D4F878010DF10B0395
:10F3600084F82E206968D0F8AC001BF0E1F806465E
:10F37000002800F01E81D4F8603190F800A003F15D
:10F38000600895F91B002AF06EFC514602469DF874
:10F390000B3040460DF1240A2EF0BEFDD4F860017A
:10F3A0003178603005F0DAFD5246A98AE8682BF022
:10F3B00085FD002800F0FD8006F10A03AA8AE968AD
:10F3C000002035F033FA002800F0F3800DF10E0331
:10F3D000AA8AE9680A2035F029FA002800F0E980B5
:10F3E0000FABAA8AE968132035F073FA11ABAA8A29
:10F3F0000C20E96835F06DFA0DABAA8A0920E9689E
:10F4000035F067FA13ABAA8A1820E96835F061FA7B
:10F4100006ABAA8A1620E96835F030FA48B114998B
:10F420002046DDE90623CDE90023BDF84E202CF06F
:10F43000C1F813ABAA8AE968192035F04AFA04AB7F
:10F44000AA8A1720E96835F019FA002800F0B88078
:10F45000BDF84E3020460193149B0093DDE9042350
:10F46000FFF73EFBD4F860319AE80300D3F8283266
:10F4700083E80300D4F860012BF075FD8046002876
:10F4800000F097807389022120465ABABB87337DEA
:10F49000ADF80C2003AA63F03703337529F036FD6D
:10F4A000D4F87831D4F860213146D3F8AC00D2F8E2
:10F4B000542238F027FD99F8103097F8412015A90B
:10F4C00020469A424FF000021FBF00233B6399F889
:10F4D000103087F84130738901923A6B0092721CA8
:10F4E00029F0E3FE9DF80B303278214615A80093F1
:10F4F00099F8103029F0FCFED4F860310422BDF8F0
:10F500000E10204683F849222AF031FED4F86021FB
:10F51000B2F8643223F47C431BB14FF6FE73A2F8B9
:10F520006432B7F84A0039F015F9002397F8422001
:10F53000A7F84A3097F83F1097F840002BF04AFDA3
:10F5400088F80D00BB8FA8F808309B0A88F80C30AB
:10F55000BB68C8F80030DBF80430C8F80430B7F8EE
:10F560004830A8F80A309DF844300C2B40D1BDF843
:10F5700046305146129A2046FDF734FE0121686854
:10F580001AF07EF89DF83430092B0FD1BDF8367093
:10F5900067B1DDF8388095F91B002AF064FB41461D
:10F5A0000346FAB22046009607F012FD20462AF0E4
:10F5B000EFFD1BB0BDE8F08FE5100508CE10050883
:10F5C00094F90D002DF0E8F8049B8342059B8B41D4
:10F5D000BFF448AF0E4A08200E493BF0E6F894F914
:10F5E0000D0001F061F894F90D002DF00EFA39E7E5
:10F5F000D4F86031D3F828221379013B1371D4F881
:10F600006031D3F828225379013B5371B6E700BF2C
:10F61000EA100508E5100508F8B507460D46164638
:10F6200015F0B8F9044688B3002E00F08D80D0F8AC
:10F63000603100262846D3F82C32A3F84A6039F00E
:10F640005EF831461AF01CF8D4F8603193F849227C
:10F650003AB12046D3F82C522BF0BAFD013000D03D
:10F66000B5B9002207213846FCF788FF374994F9DD
:10F670000D0038F089FFD4F86031D3F82C0220F067
:10F6800099F8D4F860310022C3F82C220020F8BD8C
:10F69000D4F860312968D3F828321A68914203D12E
:10F6A000EA79DB799A4218D0D4F8783105F108016B
:10F6B0000322D3F8AC0038F041FC054668B101469E
:10F6C00020462AF0E3FAD4F8783106462946D3F8E2
:10F6D000AC0038F00EFC002EC3D1D4F86031D3F862
:10F6E00024221AB10321204629F010FCD4F860210D
:10F6F0004FF6FE71B2F864328B4223D023F47C4380
:10F70000002B14BF0423052382F84932D4F860216A
:10F7100092F8C43123F0010382F8C431D4F8602197
:10F7200092F8783223F0100382F87832D4F860210E
:10F7300092F8783223F0400382F878321A2384F862
:10F74000343093E70423DFE70120A0E7FD3E010802
:10F750002DE9F0478CB048680D4690460E6934F0AC
:10F76000AAF800286ED02B780A2B6BD19F4A08206C
:10F770009F493BF01AF898F8004004F01804102C48
:10F7800060D1A98AE86835F068F900285AD007AF37
:10F79000A98AE8683A462BF091FB002852D00DF177
:10F7A0000703AA8AE968204635F02DF8002849D0D9
:10F7B00009AAA98AE8682BF09BFB002842D002AB7B
:10F7C000AA8AE968002035F031F800283AD00DF116
:10F7D0000A03AA8AE968122035F028F890B303AB2F
:10F7E000AA8AE968052035F035F858B305ABAA8A2E
:10F7F000E968032035F06DF820B304ABAA8AE96804
:10F80000082035F027F808B9039B0493D6F8602147
:10F8100092F84932591E012917D8D2F8283213B369
:10F82000394630462BF0F8FF60B1D6F8603193F8D6
:10F830007822D10617D493F852109DF82B003BF094
:10F840001AF880B90CB0BDE8F087033B022B0AD848
:10F85000D2F82832002B00F09C80394630462BF03D
:10F86000DBFF0028EED1686819F0DEFE04460028B0
:10F87000E8D19DF8071095F91B002AF0FBF9C000AC
:10F880002BF09BFB814640B1C21E96F8D530544206
:10F890005441012B88BF44F0010430462CF0CEF8CF
:10F8A00050B1D6F8603193F848222AB99DF8232048
:10F8B00093F877329A42C5D3002CC3D0D6F860A112
:10F8C000DAF82C42002C6AD14C201FF06BFFCAF8EA
:10F8D0002C02D6F86031D3F82C32002BB2D0A3F82A
:10F8E0004A40D6F86031D3F82C42002CAAD095F9C2
:10F8F0001B002AF0B8F99DF80730BDF8169084F87F
:10F900003F30039B4A4606992363049B84F84000DA
:10F9100004F110006363BDF80830A387BDF80A3016
:10F92000A4F848303DF041FA84F83E906A68936844
:10F93000A360D36894F84020E360237A83F0020345
:10F94000237297E8030084E803009DF82A303046CC
:10F95000A18F84F842309DF8273084F84330BDF8F9
:10F960002830A4F844309DF8263084F846309DF8BD
:10F970002C3084F8473098F8103084F8413094F8EF
:10F980003F3030F0D8FA08F108003AF03AFFA063AF
:10F9900058E7184A022016493AF007FF63E7236840
:10F9A000079A9A4204D19DF82320E3799A4223D002
:10F9B00000233A469DF82C103046FCF7E1F9002868
:10F9C0007FF740AFD6F86031D3F82C42002C3FF4DB
:10F9D00039AFD6F8603193F87332022B87D9BDF86E
:10F9E0000A20B4F848309A4281D22BE70611050864
:10F9F000E51005081611050894F8401094F83F002A
:10FA00002AF02DF9C0002BF0D8FA8145E1D87FF417
:10FA100019AFA38F23F47C4333B9BDF8083023F426
:10FA20007C43002B7FF40EAF9DF9262094F94630DD
:10FA30009A42CEDCFFF606AF94F843209DF82730BB
:10FA40009A423FF6FFAEC4D194F844209DF8283086
:10FA50009A423FF6F7AEBCD194F845209DF8293084
:10FA60009A423FF6EFAEB4E72DE9F04F95B0486803
:10FA70000D4691460C6933F01EFF002800F05281BC
:10FA800095F91B002AF0EFF82B7802900E2B40F02E
:10FA90004981A98AE86834F0E0FF8046002800F038
:10FAA0004181EE680DF11503AF8A11203146D5F87A
:10FAB00004A03A4634F0A7FE834668B19D4A04206C
:10FAC0009D493AF072FE404638F044FE204615B09B
:10FAD000BDE8F04F2AF005BD0DF116033A46314658
:10FAE000012034F090FE0028E8D007AB3A463146BA
:10FAF000584634F09BFE0028E0D00DF11E033A4634
:10FB000031460A2034F092FE0028D7D009AA39469F
:10FB100030462BF0D3F90028D0D008AB3A46314616
:10FB2000052034F097FE0028C8D09DF816309B07BA
:10FB30000BD40BAB3A463146132034F0CAFE0028F2
:10FB4000BCD0BDF82E30002BB8D0BDF81C0030F46E
:10FB50007C430393B2D1BDF81E1030F0C0F90028E9
:10FB6000ACD099F8003003F01803102BA6D194F90B
:10FB70000DB009F108003AF044FE014658462DF058
:10FB800031FD20462BF0E9F9D4F8780151460DF10A
:10FB900017030122D0F8AC001AF0CAFC82460028F4
:10FBA0008CD0D4F860010AF1010B9DF81730029A4D
:10FBB00060309AF800102EF0AFF9D4F860019AF88E
:10FBC0000010603005F0CAF9BDF81C300221204653
:10FBD0005ABAAAF80A309AF81430ADF8182006AAD2
:10FBE00063F037038AF8143029F090F9D4F87831AB
:10FBF000D4F860215146D3F8AC00D2F8542238F042
:10FC000081F9039ABAF80A300FA901922046089A9E
:10FC100000925A4629F049FB9DF817309AF80020C7
:10FC200021460FA8009399F8103029F061FBD4F811
:10FC300060310422BDF81E10204683F849222AF0C4
:10FC400096FAD4F8603131460920D3F82422BDF861
:10FC50001C3013819B0AD4F86021D2F8242213733C
:10FC6000D4F86031D3F82422DAF801301360DAF8DE
:10FC7000053053600DAB3A4634F02BFE40B1029B89
:10FC800020469DF836200E99CDF800A007F0A0F987
:10FC9000D4F86031DDE90901D3F8283283E80300A4
:10FCA000D4F860310C20D3F828229DF82930013B8C
:10FCB0005371D4F86031D3F828229DF82830013BE5
:10FCC00013710422D4F8603183F849220DABAA8A5B
:10FCD000E96834F0FEFD40B30FAAA98AE8682BF06A
:10FCE000EDF810B394F90D002CF04AFDE8B1BDF821
:10FCF00036300FA90E9A2046FDF774FA20462AF0F6
:10FD000047FAD4F8603193F84832032B07D1012227
:10FD1000002120462AF015F820462AF0B5FB40467F
:10FD200038F018FD15B0BDE8F08F01212046FCF732
:10FD3000D7FDE3E742110508E51005082DE9F0437A
:10FD400091B081460D46174614F024FE0446002863
:10FD500000F01B8190F8D530013380F8D530D0F811
:10FD60006031D3F82C62002E00F0158148462CF04B
:10FD7000BBFC8046002800F008819B4F07AB0122A6
:10FD80003868796803C3F168B06803C39DF824300C
:10FD900007A9D4F8780183F00203D0F8AC008DF8FD
:10FDA00024300DF10B031AF0C3FB0546002800F0C8
:10FDB000EC80D4F8600196F840209DF80B3060305C
:10FDC00029782EF0A9F8D4F860012978603005F080
:10FDD000C5F8B38F297848466B812B7D43F0C0036B
:10FDE0002B75726B38F06BFED4F8603141462046BB
:10FDF000D3F82C329A6B2DF0C8FB41464FF0000827
:10FE000001222046FEF7D2FB6B89CDF804800BA9B6
:10FE1000326B204600926A1C29F047FA20462E7861
:10FE200028F06FFF9DF80B20034621460BA8009297
:10FE3000324629F05DFAD4F8783164222946D3F8A5
:10FE4000AC0038F05FF8D4F8603193F84832032BF7
:10FE500004D132224146204629F073FF0B230022B1
:10FE6000802194F90D0038F0A9FB0546002800F028
:10FE70008C80D4F86031D3F82C6238F040FC3B68B9
:10FE800004A906F1080803607B684360B3688360D7
:10FE9000F368C360037A83F00203037294F90D00E0
:10FEA0002DF0C5FB049B02220521284638F0FEFBFD
:10FEB000204629F0AFFE424603210746204629F09E
:10FEC00025F8284638F0DEFB8046204629F0A2FEC1
:10FED0000146404634F04EFD214634F0E4FB8046B6
:10FEE00094F90D0038F01EFD0146404634F05EFDE9
:10FEF00096F83E2006F1100134F018FDBA070346CB
:10FF000003D421462BF0F5FB034640F60C22ADF856
:10FF10000C20D4F8602192F84822002A39D1092215
:10FF20008DF80E20032203A9184634F052FDD4F8B0
:10FF30006031D3F8541234F025FDD4F8603193F8D1
:10FF4000731234F05BFD01462046FEF733FD014697
:10FF5000284638F0A9FB254B25492846059303235D
:10FF6000ADF8183038F0C9FB05A9284638F091FCE7
:10FF700028461BF083F91F4994F90D0038F004FB63
:10FF8000192384F83430A6F84A50002011B0BDE897
:10FF9000F0830222C7E787B193F84932043B012B73
:10FFA00004D8162380F834300120EFE732460721C9
:10FFB00090F90D00FCF7E2FAE7E7284638F064FB19
:10FFC0000446284638F067FB0146002CECD00BAB0A
:10FFD0000E22204634F0D5FB0028E5D00C9A137889
:10FFE00043F040031370DFE73F5D050801000300A5
:10FFF00019F6000865F2000810B5D0F8603188B035
:020000040801F1
:100000000246D3F8244234B390F83030134923F039
:10001000100380F8303004AB0868496803C32068D7
:10002000616803C39DF81830002183F0020308467D
:100030008DF818304FF0FF33CDE9013111230093D3
:1000400004AB92F90D2039F079F920B9044A022065
:1000500004493AF0AAFB08B010BD00BF3F5D050897
:100060005A110508E51005087FB5044690F90D0002
:1000700038F0A0FA09230122202194F90D0038F06C
:100080009DFA054618B90523638604B070BD364B4A
:10009000029340F60223ADF80C30D4F8603193F8A7
:1000A00049325A1E012A02D9043B012B57D80F238B
:1000B000C026ADF8083001A994F90D002DF0B7FA6B
:1000C0000222019B0521284638F0F0FA27492846EC
:1000D00038F017FB284638F0D5FA314634F070FC7A
:1000E000D4F8603193F8731234F088FC0646204649
:1000F00029F090FDD4F86031014693F84832032B83
:1001000008BF00F0F701304634F034FC01462846C1
:1001100038F0CAFA01231649284684F8D53038F059
:10012000ECFAD4F8603194F90D0093F84932C3B970
:10013000104938F029FA02A9284638F0ADFB2846C4
:100140001BF09CF814233C21D4F8600184F834306F
:100150000023638604B0BDE8704008F025BC80260B
:10016000A9E70549E5E700BF09000F00EC5C0508B9
:100170003DFD000851F70008FD3E010870B5D0F8BC
:1001800060318AB00446D3F8241200293FD0D0F859
:10019000780104AB0122D0F8AC0037F0FEFE054632
:1001A000002834D0D4F8600140229DF8103029781E
:1001B00060302DF0B1FED4F860012978603004F091
:1001C000CDFED4F860312A692946D3F824321B8940
:1001D0006B812B7D43F008032B75D4F87831D3F86D
:1001E000AC0037F08FFE00226B8905A92046CDE9CF
:1001F00000226A1C29F059F8D4F878319DF81010C3
:1002000005A8DB782A780091214629F071F80D23A2
:100210000122A92194F90D0038F0D0F905460028F3
:1002200058D004A994F90D002DF001FA0521049B82
:100230000222284638F03AFA284638F060FA274A6F
:100240001368036053684360D4F86031D3F8242204
:10025000136883605368C360037A83F002030372F8
:10026000284638F00FFA0646204629F0D3FC01460E
:10027000304634F07FFB2146FEF7F4FC40F60A439B
:10028000ADF80C30D4F8603193F8483223BB092321
:1002900003228DF80E3003A934F09BFB014628465B
:1002A00038F002FA0E4B0F49284605930323ADF8A8
:1002B000183038F022FA05A9284638F0EAFA28461C
:1002C0001AF0DCFF084994F90D0038F05DF91523A8
:1002D00084F834300AB070BD0222DCE73F5D0508C7
:1002E0000100030003A5030869FA0008054A034654
:1002F000106800B9704790F942209A42FAD0806C99
:10030000F7E700BFD8090220074A0346106800B982
:10031000704790F943209A42FAD090F944209A42CB
:10032000F6D0806CF3E700BFD809022038B5054647
:10033000FFF7DCFF044690B950201FF02BFA04466B
:1003400068B1502200213CF057FD22464821054863
:100350003AF06FFB032384F8425084F84030204683
:1003600038BD00BFD809022070B58569044608224F
:100370001A49103528463CF04EFD98B928462CF015
:100380005BF8A269137C43F002031374A269137C27
:1003900023F001031374124A1249082001263AF08F
:1003A00004FA00E00026A069083011F01FFBA569DF
:1003B000083570B906220C4928463CF02CFD40B1A6
:1003C0002368B3F84A2012B90122A3F84A20304624
:1003D00070BD28462CF030F8044ADDE7805C050843
:1003E000741105088A110508395D05088F11050883
:1003F0002DE9F047054686B00E4661B358B3174A5B
:100400004FF00A0A03ABDFF8588010685446516871
:1004100005F11209128903C31A8018F8017B002321
:10042000298A48463A462DF01CFA28B121463A4618
:1004300003A82DF0A2FA04460AF1FF3313F0FF0AD5
:10044000EBD144B1E4B203AB06F1120128460094AB
:10045000328A2CF039F806B0BDE8F087ACDA04082F
:10046000665B0508F7B5044616460D46002900F000
:10047000B080002800F0AD8001AB03223146284651
:100480002DF0EFF9074660B11022002120463CF024
:10049000B3FC102F0199204628BF1027BAB23CF0B8
:1004A00084FC01AB0022314628462DF0DAF90228FF
:1004B0004FF03502314688BF019B284682BFB3F812
:1004C00001305BBAA4F8543001AB2DF0CAF905280D
:1004D0000BD9019B1A78002A7DD1597804297AD149
:1004E00084F84820D3F80230236401AB022231465D
:1004F00028462DF0B6F9072804D9019A1368A3639A
:100500005368E36301AB0722314628462DF0A9F971
:10051000072804D9019A136823635368636301AB06
:100520000522314628462DF09CF90F280AD9019B57
:1005300004F1100203F1100153F8040B8B4242F84E
:10054000040BF9D101AB0E22314628462DF089F972
:10055000072804D901983AF046F9C4E9160101AB1D
:100560000122314628462DF07CF901284FF0040283
:10057000314688BF019B284682BF1B885BBAA4F81E
:10058000503001AB2DF06DF90F280AD9019B04F111
:10059000200203F1100153F8040B8B4242F8040BC4
:1005A000F9D101AB0C22314628462DF05AF9022828
:1005B0000FD9FF23032884F85730019B9A7884F8D9
:1005C00056201A8852BAA4F84A201CBFDB7884F857
:1005D000573003B0F0BD034A042003493AF0E5F870
:1005E00083E700BFA81105088A11050808B5FFF7C1
:1005F0007DFE08B1806930B90220044A04493AF00E
:10060000D4F8044808BD1030FCE700BFBD11050850
:100610008A110508805C050808B5FFF767FE08B178
:10062000806930B90220044A04493AF0BEF804480F
:1006300008BD0830FCE700BFF61105088A1105085F
:10064000805C050873B515460E46FFF74FFE04465D
:1006500008B3FE2D1FD8806870B94FF488701FF062
:1006600099F8A06040B902200C4A0D493AF09DF873
:100670006FF0010002B070BD4FF4887200213CF0B1
:10068000BBFB0B232A4631460093064BA0682BF098
:10069000E7FE0020EEE74FF0FF30EBE72F120508F2
:1006A0008A110508495B050810B5FFF71FFE0446CF
:1006B00060B1806850B12BF093FD606130B9044A9D
:1006C00002200449BDE810403AF06FB810BD00BFE9
:1006D0002A1205088A11050810B5FFF707FE04461F
:1006E00068B103685BB140682BF07AFD206130B9D6
:1006F000034A02200349BDE810403AF056B810BD45
:100700002A1205088A11050810B5FFF70FFE0446E6
:10071000C8B105F0C7FA034620B10C4A02200C49C3
:100720003AF043F805F098FA034620B1094A02204E
:1007300007493AF03AF894F84130002023F00103D9
:1007400084F8413010BD4FF0FF30FBE7551205082B
:100750008A1105087C12050813B5FFF7C7FD04468A
:1007600090B1022980F8401011D104210DEB010055
:10077000F1F700F9019B13F1450FF6D8054AB3FBD9
:10078000F2F314339BB2E363002002B010BD0023E8
:10079000F9E700BF0CDF880210B590F8413004463D
:1007A000024603F00303032B06D14FF47A71064887
:1007B0003AF029FE606310BD47F2305103483AF029
:1007C00022FEA063F7E700BF1BC4030835C403087B
:1007D0002DE9F04385B007461D460E46FFF794FD10
:1007E0000446002851D0002D3DD0AB69002B3AD0F3
:1007F000082180691EF0A8FEB5F80C908046A86913
:1008000049461EF0A1FE4346214A2249CDE9009007
:10081000082039F0CAFFA28D04F11C0138463AF0D5
:100820000FFD0DF10F031022A989A8692DF0F4F82E
:10083000A0B194F84130204643F0020384F84130DF
:100840009DF80F30012B14BF0023032384F84030A0
:10085000FFF7A2FF002005B0BDE8F0830E4A082094
:100860000C4939F0A2FF20462BF0B4FD94F841303A
:1008700094F9420023F0010384F84130236B984738
:100880000021304618F0FCFEE4E74FF0FF30E2E7CD
:10089000A21205089C0A0508FA12050810B50446BC
:1008A000144A0820144939F080FF2046FFF71EFD46
:1008B0000446D8B1806900F10801103005F0A4F8B1
:1008C0004FF48871A06805F007F92368D86C05F02B
:1008D0000FFA4FF48871606805F05EF994F84130C2
:1008E000002043F0040384F8413010BD4FF0FF3086
:1008F000FBE700BF061305088A11050808B5FFF7D6
:10090000F5FCA0B1836893B1196090F84530094AAD
:1009100043F0010380F8453083681968914288BF2D
:100920001A6090F94200FFF7B9FF002008BD4FF0B0
:10093000FF30FBE70014730FF0B585B00646FFF7F4
:10094000D5FC044608B183683BB9414A41490220BD
:1009500005B0BDE8F04039F028BF90F9420014F02E
:1009600019F8074608B93C4AF0E730462BF0BCFEC0
:10097000054658B30023A068002201930023018A92
:100980001230CDE9022302AB0E222DF072F8A068DE
:1009900001AB0522018A12302CF063FF30462BF0A8
:1009A000B5FE0346DDE901029A42039B8B410FD25B
:1009B00020B11022A9183CF02EFA78B90820274A55
:1009C000244939F0F2FE30462CF01FF805B0F0BD96
:1009D00058B11022A9183CF01EFA30B12368002249
:1009E000DA642368D86C05F083F91D4A0820194998
:1009F00039F0DBFEE0681EF0DDFEA168636861602F
:100A0000E360DDE90223C1E902230023A36005F0CE
:100A100049F9E1686068FFF7EBFC616820680A8AC1
:100A20001231FFF71FFD94F94200FFF737FF2168ED
:100A3000384629F05BFC20B10A4A0220054939F00A
:100A4000B4FE094A0820034939F0AFFEBEE700BFF3
:100A5000371305088A1105085B1305087513050887
:100A6000BC130508E21305080B140508F0B585B0A2
:100A7000FFF73CFC044600284BD090F841305A0761
:100A800047D523F004034FF4887180F84130406863
:100A900005F0B2F86368074605221E8A03F11205C5
:100AA0000023314628462CF0DCFE0F282CD90023E9
:100AB0000722314628462CF0D4FE072824D90023EB
:100AC0000222314628462CF0CCFE07281CD90023F0
:100AD0000322314628462CF0C4FEA8B1002304228C
:100AE000314628462CF0BDFE0F280DD90023314693
:100AF00028461A462CF0B5FE30B1002301223146BB
:100B000028462CF0AEFE30B95D4A02205D4939F02E
:100B10004CFE002082E000230222314628462CF0C1
:100B2000A0FE0028F0D0616820680A8A1231FFF721
:100B300099FC002301A80393CDE9013305F046F9A0
:100B4000514A034605464F49082039F02EFE029BC4
:100B50004E4A08204B4939F028FE019B4C4A082098
:100B6000484939F022FE039B4A4A0820454939F09A
:100B70001CFE2DB92368039AD96C914238BFDA6400
:100B8000029B01A803F57A730293019B64330193DE
:100B900005F006F9A06900F10801103004F064FFC7
:100BA00005F048F92046FFF7DFFB28B1A06900F106
:100BB0000801103004F028FF94F8413094F9420005
:100BC00043F0010384F8413013F0E4FE2168054648
:100BD000CA6C10312CF03BFC21682846CA6C1031DD
:100BE0002CF01BFC21682846CA6C10312CF062FCEA
:100BF000019994F9420037F07BFE029994F9420082
:100C000028F03EFB67B194F94200FFF747FE94F8E5
:100C10004130012023F0040384F8413005B0F0BDD9
:100C20001D4A0820174939F0C0FD4FF488701EF0A6
:100C3000B1FD05460028EAD04FF4887239463CF0F1
:100C4000DBF84FF48871284604F076FF034668B954
:100C5000A06808B11EF0AEFD0022A5602A6094F8DD
:100C6000453062F3000384F84530D0E70B4A082092
:100C7000044939F09AFD28461EF09CFDC7E700BFE5
:100C8000361405088A1105086A1405087614050843
:100C90008514050894140508A3140508B71405085D
:100CA000F0B587B01D46FFF72FFB044660B1002367
:100CB0000522A989A8692CF0D4FD0F2808D87C4A00
:100CC00008207C4939F071FD4FF0FF3007B0F0BDCE
:100CD00000230722A989A8692CF0C3FD0728EED9B3
:100CE00000230222A989A8692CF0BBFD0728E6D9B8
:100CF00000230322A989A8692CF0B3FD0028DED0C7
:100D000000230422A989A8692CF0ABFD0F28D6D9AD
:100D10006068AA89A96912303CF047F86368AA891B
:100D20001A820E22636803F11200198A0023461802
:100D30002CF097FD30B93046002200230E212CF014
:100D400066FD0646606800230222018A12302CF0FC
:100D500088FD38B9236830460822022138332CF048
:100D60000EFD064660680023018A1A4612302CF0F8
:100D700078FD78B9236803220536B3F8543006F8B5
:100D8000042C1A0A06F8050C06F8030C06F8022CC7
:100D900006F8013C606800230122018A12302CF021
:100DA00060FD38B9236830460121B3F850202CF09B
:100DB0001AFD0646636803F11202B61A3E4A1E8205
:100DC00009236068018A12302CF0A7FD60B90E2259
:100DD000059005ABA989A8692CF043FD059A1AB1C5
:100DE0000020002139F0EEFC60680E2200F10803BB
:100DF000018A12302CF03DFE00230622A9890493BB
:100E000004ABA8692CF025FE10B12368049ADA64BB
:100E100005AB0522A989A8692CF023FD0F2804D968
:100E20001022002105983BF0E7FF0821A0691EF081
:100E30008BFBAF890646A86939461EF085FB334611
:100E40001E4A00261B49CDE90070082039F0ADFC90
:100E50001B4A1849082039F0A8FC616820680A8AF2
:100E60001231FFF7FFFA94F8413094F9420043F051
:100E7000010384F84130FFF711FD0821A0691EF03D
:100E800063FB104A03460B49082039F08EFC2A23E5
:100E900094F943002A46314600934423CDE9016684
:100EA0001FF086FD2046FFF777FC30460EE700BFB7
:100EB000FA1205089C0A05085D5B0508D9140508A7
:100EC000301505083F1505082DE9F74346B2904651
:100ED00099460F463046FFF709FA044600283DD0F0
:100EE0004FF488701EF056FC0546002839D04FF4A8
:100EF000887261683BF059FF6368002239461A82A4
:100F0000062342460093184B60682BF0A9FA6068EC
:100F10002946B9F1000F1ED02BF00AFB60682BF0B8
:100F20000AFA63680E224146384608332CF0A1FDC8
:100F3000424639462068FFF795FA052130462EF0E3
:100F40006EFE28461EF036FC3046FFF7A7FC002058
:100F500003B0BDE8F083FFF74BFAE2E74FF0FF3054
:100F6000F6E76FF00100F3E7435B05082DE9F04772
:100F7000044688B00F4690469946109D129E13F085
:100F800009FD01462046FFF7B1F90446002800F0AC
:100F90009C80002E00F09980002900F09680036864
:100FA0006BB92BF00DF9206048B90220484A494935
:100FB00039F0FBFB6FF0010008B0BDE8F08794F852
:100FC00041304FF2BF0194F9420023F0010384F84D
:100FD000413000231A4600931FF0AAFB3E4B042227
:100FE0003E4984F843001FF06FFC3D4B94F94200EA
:100FF000862200934CF201013A4B1FF099FB2368C3
:1010000084F844009DF84420A3F850902368A3F886
:10101000542025B12B68226893636B68D3633B46E9
:1010200004F11C0207F11001266353F8040B8B42F4
:1010300042F8040BF9D12C4A08202C49A4F82C8042
:1010400039F0B3FBA0692BF06BFD033080B21EF0CA
:10105000A1FB054630B9264A02201E4939F0A5FBFE
:101060000020A9E7A1692BF07EFDFF2210212CF0C2
:10107000B3FB06460821A069761B1EF065FA81467F
:1010800028461FFA86FA51461EF05EFA4B46194A68
:101090001649CDE90060082039F087FB164B94F91A
:1010A0004400022208210495CDE905A32A230393D5
:1010B000124B02930023CDE9003243463A461FF01B
:1010C00057FC28461EF076FBCAE74FF0FF3073E767
:1010D000941505088A110508A10C0108AC1505082E
:1010E00095C3030817C20308B11505089C0A050833
:1010F0007C0F0508CA150508D10701082116050847
:10110000054A0346106800B9704790F900209A42DA
:10111000FAD04068F7E700BFE0090220054A03461D
:10112000106800B9704790F901209A42FAD04068DF
:10113000F7E700BFE009022010B5FFF7E1FF044622
:1011400000283DD0837801221F4943F001038370BA
:101150001E4B90F901001FF0B7FB1D4B01221D49EA
:1011600094F901001FF0B0FB1B4B01221B4994F9BD
:1011700001001FF0A9FB1A4B01221A4994F9010042
:101180001FF0A2FB184B0122184994F901001FF02F
:101190009BFB174B0122174994F901001FF094FBA8
:1011A000154B0122154994F901001FF08DFB144BDA
:1011B0000122144994F901001FF086FB002010BDA4
:1011C0004FF0FF30FBE700BF261605083517010872
:1011D0005D1801082B160508F921010830160508CD
:1011E0005124010835160508F52001083A160508AE
:1011F000611D01083F160508F51A01084416050887
:101200005D1901084916050810B5FFF779FF044676
:1012100068B38378164923F00103837090F90100C5
:101220003AF039F8134994F901003AF034F81249C8
:1012300094F901003AF02FF8104994F901003AF0BE
:101240002AF80F4994F901003AF025F80D4994F96C
:1012500001003AF020F80C4994F901003AF01BF82B
:1012600094F901000949BDE810403AF014B810BDE6
:10127000261605082B16050830160508351605082C
:101280003A1605083F1605084416050849160508CC
:101290002DE9F04105468AB00F462BF025FA0646A7
:1012A000284613F077FB0446E8B1D0F86031D3B19B
:1012B000002E00F08B80284637F07CF9B7B994F8FF
:1012C00034309BB994F8D530022B0FD804210DEBA4
:1012D0000100F0F74FFB019B591DF7D8CD4AB3FB36
:1012E000F2F3013363860AB0BDE8F081D4F86031CF
:1012F00093F84852002D69D1B6F85020B3F86472C3
:10130000D4F87831DA860122D4F86061D6F8283230
:1013100006F1940899794046890201F47C412DF048
:1013200056F92246294640462DF0D9FD30462BF08D
:10133000F5FC96F87832304665F3000386F878328B
:101340002EF0B1FF2A46112194F90D001BF0CEFBBF
:101350002A46122194F90D001BF0C8FB94F90D00E8
:1013600033F098F894F90D002CF026FC204613F089
:101370001FF804F1A00037F028FE204628F07FFE79
:1013800094F8303094F90D0023F04003C4F86C5108
:1013900084F830302BF0A8F9C0B129F0F8FDA8B1DD
:1013A000D4F860310526C3F82002D4F8603183F800
:1013B0004852D4F8603183F8496294F90D00FFF780
:1013C000BBFE50B194F90D002CF0F6FB2146032032
:1013D0000AB0BDE8F04113F08DBB204629F04CFF68
:1013E00005460028EED1D4F86031314693F87822D2
:1013F00060F30002204683F878220A22D4F8603194
:10140000D3F8203283F8002494F8303023F04403DA
:1014100043F0100384F8303027F04BFE01212046C2
:1014200027F079FC012194F90D00FDF7DDFDD4F8DA
:101430007461DEB1212229460DF107003BF0DCFC8E
:10144000BDF80C300B2130466FEA53236FEA43237B
:10145000ADF80C30D4F8783193F834208DF80620AC
:1014600001AADB8EADF8043033699847D4F86031B7
:10147000D3F8240230B11EF09DF9D4F86031002277
:10148000C3F824222046FBF785FFD4F860314FF6DD
:10149000FE72A3F86472D4F86031B3F864329342F8
:1014A00002D023F47C437BB104210DEB0100F0F763
:1014B00061FA019B5A1DF7D85749D4F86021B3FB54
:1014C000F1F39B02A2F86432D4F8600194302DF05D
:1014D0001AF9D4F86001943003F0DEFFD4F86031DB
:1014E000B3F86472D3F82862D3F82052BF0A96B1D9
:1014F00004210DEB0100F0F73DFA019BB771336059
:101500002BF0C1FB30712BF0BEFB7071D4F8603151
:1015100093F87732F371D4F86021D2F85C323BB1A2
:10152000D2F8282213600022D4F86031C3F85C227C
:1015300040F20C420021284601263BF05DFC2BF0D6
:10154000A2FB2B4605F580624FF0FF3185F80904B8
:101550001E73103343F8081C9A42F9D104F59072B7
:10156000394628462BF07DFB20462AF03EF904F050
:10157000E3F9D4F86031204684F82D60B3F86412A2
:1015800028F0F5FD204628F0BEFD2046FBF710F9B7
:1015900005F2014295F80914204607F0F9F8D4F84D
:1015A000600107F0C7F9D4F860310A225221D3F85C
:1015B0002032204683F80024012294F8303023F0B2
:1015C000400384F83030F7F739FD204684F828616D
:1015D00084F82E60FAF730FE2046FAF7C1FCD4F802
:1015E00060312046D3F8245227F07BFB0146284681
:1015F00004F004FDD4F8600100F5D8702DF0DBF99B
:1016000000283FF470AE94F90D000AB0BDE8F04137
:10161000FCF7FABBAAAAAA2A044110042DE9F74F45
:10162000D1F8603181460F46164623B94FF0FF309E
:1016300003B0BDE8F08FD3F82052002DF6D000247F
:1016400005F201482146404639F036F938B1082202
:1016500005EB041148463BF0DEFB002865D0013461
:10166000402CEFD140462EF06DFED7F86031C0B26D
:1016700093F875328342D9D9348A24F47C4353B920
:10168000A40A4046214639F017F920B905EB0413A6
:101690001B7B002B47D104210DEB0100F0F76AF909
:1016A000019B13F13E0FF6D8214A4FF0000AB3FB1D
:1016B000F2FB3F220AEB0B044046B4FBF2F3C3EB10
:1016C0008313E41A214639F0F7F83F2228BB05EBD3
:1016D00004131B7B0BB31E23E4B285F80A3428469F
:1016E0004A4621462BF0BDFA38462BF025FB214611
:1016F000A40228464A462BF0B4FA34823346D5F881
:101700000104D8F8041003C395F809340020B37419
:101710004FF0FF33C6E902338AE70AF1010ABAF152
:10172000400FC7D182E7E4B2D9E7E4B2DFE700BFF8
:10173000033FF003F0B591B01C46FFF7EFFC002328
:10174000064605938DF82430CDE907334FF6FE7336
:10175000ADF8123018B94FF0FF3011B0F0BD90F96C
:10176000000013F017F907460028F4D0D0F86031D4
:10177000002BF0D00DF112030222A189A0692CF0F8
:1017800059F905AB0122A189A0692CF06AF8072854
:10179000E1D906AB0422A189A0692CF062F80028E7
:1017A000D9D0069B0AAD1B78022B0FD1D7F8603138
:1017B000D3F8203223B103F201402EF0C3FDC3B2AF
:1017C000D7F8602192F80C229A4236D9BDF812302F
:1017D0002A4639460598ADF83830FFF71FFFBDF8A7
:1017E000383080BBADF8123000229DF83A308DF8C9
:1017F0001C302B4603CBCDF81D002846CDF8211018
:1018000004212BF0E9FFBDF8122002212BF0EBFFA1
:1018100007AB092207212BF0B2FF01462A2396F9D4
:1018200001002246491B0093442389B2CDE90151AE
:1018300000211FF0BDF800208FE700920820054A24
:10184000054938F0B2FF0122042128462BF0C4FFDD
:10185000E3E700BF4E1605088A1605082DE9F04F8C
:101860008BB01C46FFF75AFC074620B94FF0FF30FB
:101870000BB0BDE8F08F0DF11A030222A189A06917
:101880002CF0D8F80128F1D907AB0122A189A06971
:101890002BF0E7FF0728E9D997F90000DDF81CA035
:1018A00013F078F80646D0B9284A2949022038F0C2
:1018B0007CFF08AD0022042128462BF08DFF034653
:1018C00097F9010022465B1B00219BB2CDE9015331
:1018D0002A23009344231FF06BF80020C8E7D0F8B8
:1018E00060310BB91B4AE0E7D3F82082B8F1000F52
:1018F00001D1194AD9E7002508F2014B294658467B
:1019000038F0DAFFE8B108EB0519082250464946DD
:101910003BF081FAA8B91E22E9B20590404688F84A
:101920000A242BF0B0FA0122059B304689F80C20DE
:10193000C9F808302BF000FAD6F8600106F0FAFF7B
:10194000B7E70135402DD9D1B3E700BF76070508C9
:101950008A1605088F160508A41605082DE9F0411A
:1019600088B01C460F46FFF7D9FB054620B94FF05B
:10197000FF3008B0BDE8F08190F9000013F00AF8DC
:1019800006460028F3D0D0F86031002BEFD0D3F812
:101990002032002BEBD050490820504A38F005FF88
:1019A000A18932291AD94E4A4B49022038F0FDFE4E
:1019B000FF2206AE102130462BF00EFF034695F9AC
:1019C000010022469B1B00219BB2CDE901632A2323
:1019D000009344231EF0ECFF0020CAE70DF1120330
:1019E0000922A0692CF026F8012801D93D4ADBE73D
:1019F00004AB0B22A189A0692CF01CF8022803D0AB
:101A0000394A35490420D1E7D6F86031B3F8F821D6
:101A1000BDF810309A4201D0344AF2E7394695F9C0
:101A200000002BF0E3FA0822A189A0692BF0FCFE4C
:101A30000028BDD005AB0822A189A0692BF011FFB9
:101A400095F900700646DDF8148038462AF04CFE01
:101A500080B94FF0FF37314605981DF075FD244AD7
:101A600003461D490820009738F09FFE002F9FD1A4
:101A700001229EE7384612F08DFF07460028E8D085
:101A8000D0F86031002BE4D0D3F82022002AE0D037
:101A900093F8FC21D207DCD5102E19D8002283F848
:101AA000FB21B8F1000F0CD05EB1D0F860013246D6
:101AB000414600F5E8703BF078F9D7F8603183F8DB
:101AC000FB6138460122002100272BF059FAC2E7BA
:101AD0006FF00107BFE700BF8A160508AF160508BB
:101AE000D21605080D1705083517050859170508FA
:101AF000791705082DE9F04792B01C468846FFF794
:101B00000DFB054620B94FF0FF3012B0BDE8F0875D
:101B100090F9000012F03EFF064695F900002AF009
:101B2000E3FD8246002EEED0D6F86031002BEAD0DD
:101B30000028E8D0D3F82032002BE4D07A4A0820DD
:101B40007A490CAF38F031FE0DF126030B22A18942
:101B5000A0692BF06FFF012838D9D6F86031B3F8AF
:101B6000F821BDF826309A420CD0714A6F49042002
:101B700038F01BFEFF22102138462BF02DFE4423A7
:101B800002466FE041464FF0010895F900002BF046
:101B90002DFA0AAB0522A189A0692BF062FE0F285D
:101BA00017D910220A990AEB02003BF034F9B0F180
:101BB000000918BF4FF0010910AB3322A189A069B9
:101BC0002BF057FF072807D85A4ACFE74FF00008F5
:101BD000DFE74FF00009EFE70BAB3422A189A069E2
:101BE0002BF037FF032801D8534ABFE70EAB0E2274
:101BF000A189A0692BF03DFF072801D84F4AB5E71E
:101C0000DAE916130E9A91420F9A934104D3B9F16F
:101C1000000F01D14A4AA9E795F900002AF0A7FD73
:101C200050B195F900002AF0B7FD109B9842119B26
:101C3000994101D3434A99E70B9B434A93421FD9E9
:101C40000B92B9F1000F2FD1A289A16995F900007B
:101C5000FEF7F8FC50B33D4A0220344938F0A5FDA8
:101C6000A0233A46D21B95F90100002192B2CDE99A
:101C700001722A22009222461EF09AFE002044E7BA
:101C8000B9F1000F08D0324A4FF47A7112684A4312
:101C90009A4284BF13460B9247F22F5293429CBF45
:101CA00047F230530B93CFE71346ECE7B8F1000F40
:101CB0001FD1D6F8603193F8FA31D3B1254A082004
:101CC0001A4938F072FD2A23D6F86021414695F969
:101CD0000100039302F5F0721F4BCDF810800293C0
:101CE0000223CDE90588CDE900834FF2BF031EF042
:101CF0003FFE0E4908200B9B184A38F056FD287805
:101D00002AF0D0FD95F90000DDE910232AF054FDFA
:101D10000B9995F90000FEF7F1FD012230461146BE
:101D20002BF02EF9012226E7981705088A160508D8
:101D300059170508B6170508C3170508D21705086F
:101D4000E61705081C1805080014730F3C18050851
:101D5000000A02205C1805088A1805088F18050873
:101D60002DE9F0478EB01C468A46FFF7D7F90546A5
:101D700020B94FF0FF300EB0BDE8F08790F90000B9
:101D800012F008FE064695F900002AF0ADFC074661
:101D9000002EEED0D6F86031002BEAD00028E8D033
:101DA000D3F82032002BE4D0A74A0820A7490DF130
:101DB000280938F0FAFC09AB0022A189A0692BF0B0
:101DC00050FD02281ED9099AB7F85410B2F8013014
:101DD00012785BBA9BB2994203D197F848109142AE
:101DE00010D012B90B3B0F2B24D9994A97490420E4
:101DF00038F0DBFCFF22102148462BF0EDFC442399
:101E00000246D9E04FF0000809AB0122A189A06980
:101E10002BF027FD012812D9099BB7F850101A881A
:101E200053BA9BB299420AD04FF6FF739A4204D13B
:101E3000884ADBE74FF00108E6E74FF0010809ABFD
:101E40000C22A189A0692BF00CFD022804D9099B62
:101E50001B880BB9804AC9E709AB0722A189A06991
:101E60002BF0FFFC072809D90822099907F1300057
:101E70003AF0D1FF002818BF48F0010809AB05224D
:101E8000A189A0692BF0EDFC0F2808D9102209992F
:101E9000B8183AF0C0FF002818BF48F001080DF14B
:101EA00022030B22A189A0692BF0C4FD012818D9B7
:101EB0006A4A0820654938F078FCD6F86031B3F8F2
:101EC000F821BDF822309A4201D0654A8EE751468A
:101ED00095F900002BF08AF8B8F1000F0DD0614A97
:101EE00084E74FF0000A0CAB0E22A189A0692BF009
:101EF000C0FD072804D85C4A78E74FF0010AF2E7F2
:101F0000D7E91602DDE90C13814273EB020701D217
:101F1000564A6BE79A4208BF884201D1544A65E7A6
:101F2000BAF1000F1FD1D6F8603193F8FA31D3B16E
:101F3000504A0820454938F038FC2A23D6F8602159
:101F4000514695F90100039302F5F0724A4BCDF822
:101F500010A002930223CDE905AACDE900A34FF218
:101F6000BF031EF005FDB8F1000F54D00820434A0E
:101F7000364938F01AFC95F900002AF0F8FB60B1F8
:101F800095F900002AF008FC0C9B98420D9B9941A2
:101F900003D33B4A08202D492AE7A289A16995F974
:101FA0000000FEF74FFB0746A8B1364A274902203A
:101FB00038F0FBFB4A46A023A2EB090295F9010089
:101FC000002192B2CDE901922A22009222461EF00F
:101FD000EFFC0020CFE628782AF064FC95F9000099
:101FE000DDE90C232AF0E8FB274B4FF47A7195F9D1
:101FF00000001B685943FEF781FC95F90000FEF7CD
:102000004DFC0122304611462AF0BAFF002F7FF422
:10201000F1AE0122EFE61D4A08200C4938F0C5FB5D
:10202000A1690123A289707BFEF74EFF074696F94E
:102030000D002AF059FB014608B9154AB6E73046AB
:1020400028F0CAF8D9E700BFB21805088A160508B3
:10205000CF180508DF180508ED180508051905084B
:10206000591705081F190508B61705084719050867
:10207000571905085C1805088A1805086619050827
:10208000851905083C180508000A0220A71905084B
:10209000C5190508F8B50446D0F860010E46174684
:1020A0001946012294302CF092FA3A4631462046E5
:1020B000FAF706FE051E0BDA394630461DF044FAE3
:1020C0000A4A03460A49042038F06FFB2846F8BD47
:1020D000D4F8600122460121002594302CF0FFFE47
:1020E0000022204611462AF04BFFEFE7F60D0508C7
:1020F0008A1605082DE9F04786B01E460C46FFF704
:102100000DF8804620B94FF0FF3006B0BDE8F087EB
:1021100090F9000012F03EFC05460028F3D0D0F8FC
:102120006031002BEFD0E7890024D6F818900DF12C
:102130001203B6F80CA002224846B46151462BF0B7
:1021400079FC012822D9BDF812300420274A2849F9
:1021500038F02BFB22462146BDF812302846FFF707
:1021600099FF44B20A22514648462BF05DFB80B9E4
:10217000442300242A2298F9010021460092324685
:10218000CDE901441EF014FC2046BEE76FF00204C6
:10219000E8E77FBA05AB0A2251464846BFB22BF0AA
:1021A00060FB8146D5F860013B464A46059994306C
:1021B00003F0C0F9421E0346FD2A06D90D4A042049
:1021C0000B4938F0F2FA8023D3E7B9F1FF0F06D8B4
:1021D0003B464A4605992846FFF75CFF44B2002C6F
:1021E000C6D00234EFD18323C3E700BFE31905084B
:1021F0008A160508001A05082DE9F04F9BB01F4606
:10220000FEF78CFF00230D4606460593002800F0DC
:10221000EB8005AB0A22B989B8692BF022FB96F94D
:1022200000408046DDF8149020462AF05DFA824690
:10223000002800F0BD80204612F0ACFB04460028C8
:1022400000F0B680D0F86031002B00F0B180D3F8F8
:102250002022002A00F0AC8093F8FC21D10704D59D
:1022600093F8FA21022A00F08680D3F8F4011DF0D9
:10227000A1FAD4F860B108F101001DF08BFACBF897
:10228000F401D4F86031D3F8F401002800F0908014
:10229000424649463AF089FDD4F860310022D3F82D
:1022A000F43103F80820D4F86021B2F8F831013392
:1022B000A2F8F831D4F86031B3F8F82112B901224C
:1022C000A3F8F821D4F860B108220AF130012846B9
:1022D000BBF8F8913AF09FFD70B90622444905F128
:1022E00008003AF098FD38B9AB7BFC2B01BFBBF876
:1022F00064321A0AEB73AA73D4F86031294605F1E7
:10230000100203F5F07351F8040B914243F8040BEB
:10231000F9D1D4F8602192F8FC3143F0010382F83E
:10232000FC310222D4F8603183F8FA21D4F860310C
:10233000D3F8F00139F079F8D4F860514CF250310B
:102340002C482A4639F05FF801220021C5F8F00137
:1023500020462AF015FE0122102106A82BF03CFA97
:1023600042460A21059B2BF00AFA4A460B212BF024
:102370003AFA04460AE0FF22102106A82BF02CFAB4
:10238000044696F9000012F005FBB8B906AB96F9C1
:1023900001003A460021E41AA4B2CDE901342A230F
:1023A000009344231EF004FB00201BB0BDE8F08F17
:1023B000FF22102106A82BF00FFADAE7D0F86031DF
:1023C000002BE3D093F8FC21D207DFD5D3F8F451EA
:1023D000002DDBD02846EDF7CFFF2B4682B20A2135
:1023E00020462BF0CCF9C4E74FF0FF30DDE700BF0B
:1023F000395D0508F923010810B590F8FC21002388
:102400000446D207C0F8F03108D5D0F820222AB10E
:1024100090F8FA21012A02D0022A0AD010BD80F8D1
:10242000FA31B0F8F81190F97202BDE810402AF0C4
:10243000C5BE012302464FF47A7180F8FA31034891
:1024400038F0E1FFC4F8F001E8E700BFF923010824
:102450002DE9F04389B01D468946FEF75FFE06462A
:1024600000287DD005AB0B22A989A8692BF0F9F9CA
:1024700001284FF01002A9898CBF059B0024A86990
:1024800088BF1C8805AB84BF64BAA4B22BF0E9F9FD
:1024900038BB0027344A082096F900303349CDE98B
:1024A000004738F082F906AC002F4FF010012046AB
:1024B00005940CBFFF2201222BF08EF901462A233E
:1024C0000590091B96F901002A46009389B244231E
:1024D000CDE9014100211EF06BFA002009B0BDE8F2
:1024E000F083059B96F900001B78012B32D112F086
:1024F00051FA80460028CCD0D0F86031002BC8D0EB
:10250000D3F82022002AC4D093F8FC7117F00107F9
:10251000BFD093F8FA21002ABBD0B3F8F821A24229
:10252000B7D1022283F8FA21D0F86031D3F8F00154
:1025300038F07BFFD8F860814CF250310C484246AD
:1025400038F061FF4946C8F8F00196F900002AF01A
:102550004DFD9FE7FF2B9CD121462AF02FFE98E7E7
:102560004FF0FF30BAE700BF341A05088A16050895
:10257000F923010838B5084B05461C680CB92046FC
:1025800038BD1022294604F125003AF044FC002809
:10259000F5D0246CF2E700BFEC0902202DE9F041F0
:1025A00004460E46154622B90F4A04200F4938F05A
:1025B000FCF80F4B04F109071B68D3F80080B8F151
:1025C000000F05D02B46324694F919103846C04703
:1025D0000025102238462946A58025603AF00CFCDB
:1025E0006576BDE8F08100BF7B1A05089C1A0508D6
:1025F000E809022038B50546FFF7BCFF044620B9BC
:1026000048201DF0C7F8044620B3284604F12503EE
:1026100005F1100250F8041B904243F8041BF9D155
:102620001222002120463AF0E7FB12220021A018D6
:102630003AF0E2FB002394F838204021064863F387
:10264000000284F82430E38684F838202246638729
:1026500038F0EFF9204638BDEC0902202DE9F74F9C
:10266000054688461746BDF830B09DF838409A4672
:10267000002B59D1BBF1000F14BF4FF012094FF0DE
:102680000709284695F90D6028F0F4FF04F11602B9
:102690004B4681183046002289B235F08FFF06463E
:1026A00000283ED035F0EEFF0346BAF1000F02D10C
:1026B000BBF1000F3BD058221F7103F108070D99A1
:1026C0001A70A21D384683F805A05A70032283F8B9
:1026D00007B09A70221DDA704FEA1B229A712246C7
:1026E0003AF063FB3919304635F0DEFF20B1264A57
:1026F0000220264938F059F8284626F0D2F94146FA
:10270000304635F0FEFF01A995F90D002AF08FFF44
:10271000019B02220521304635F0C8FF304618F0F3
:10272000ADFD03B0BDE8F08F4FF01209A9E75923C2
:10273000012269468DF8003032F04BF957220346EA
:1027400002709CB1A21DD2B25A70012200215F71A9
:102750009A7002221971DA7054B9991D2846FCF753
:1027600029F9294628F091FF0146BCE70422EBE74E
:1027700003F108070D999A7122463846DC713AF048
:1027800014FB3919EAE700BFA11A05089C1A0508CD
:1027900010B5FFF7EFFE044648B102464021044859
:1027A0001CF08AFF2046BDE810401DF003B810BDA4
:1027B000EC09022073B50B4E144610221D463168F9
:1027C00009313AF028FB58B96B462A462146592070
:1027D00032F07FF820B1EAB221463068FFF7DEFE22
:1027E00002B070BDE8090220F0B5456887B0064622
:1027F000002D00F0D3800378072B01D0122B46D197
:10280000F4685920B78A21463A4631F0E3FF80B197
:1028100004AB57223946204631F0B3FF052808DDC6
:10282000BDF81210052935D85E4A5F49042037F0FB
:10283000BCFF04AB5822B18AF068776831F0A1FF81
:10284000032814DD03AB0322BDF8121005982BF00A
:1028500008F8C5B2042D0AD93846FFF7CBFE044666
:10286000002858D1514A02204F4937F09EFFB28AC2
:102870005920F16831F0AEFF48B17068FFF77AFE79
:1028800028B190F8383043F0010380F83830002048
:1028900007B0F0BD03AB022205982AF0E2FF10F06A
:1028A000FF0701D1424AC0E72846FFF7A3FE0446CE
:1028B00018B93E4A02203C49B9E7284604F12503ED
:1028C00005F1100250F8041B904243F8041BF9D1A3
:1028D000022384F824700122E38694F8383043F010
:1028E000010384F8383004F13A03BDF8121005985A
:1028F0002BF0A0F894F82430122B84BF122384F814
:10290000243023449C4294D0039A511C03911278A2
:1029100004F8012BF6E790F83830253007F1100164
:1029200023F00103C3743B46024653F8047B8B42F9
:1029300042F8047BF9D1039B043D5A1CEDB203928B
:102940001A46122D03F1040312F8021B28BF1225A8
:1029500084F83C10039213F8032C84F83D2033F8DC
:10296000022C52BAE2860393234684F8245025446D
:10297000039A511C0391127803F8012B9D42F7D161
:102980001CF08EFDE28E034607490192082094F860
:102990003C200092074A37F008FF68E74FF0FF300D
:1029A00076E700BFC21A05089C1A0508EA1A05084E
:1029B000D61A0508FC1A05082DE9F041344F86B0F7
:1029C00006460D463B689A88CAB1DA8892B11A7AEF
:1029D00082B1012A03F109081DD193F82D200023AB
:1029E00041460093CDE90133FFF738FE3B681A7A80
:1029F000013A1A729A88AA423CD9521B9A80254BF6
:102A00001868002840D0C38E046CAB4238D82530FB
:102A1000FFF7BEFE36E0142300220A2190F90D00D4
:102A200035F0CCFD04460028E0D035F02BFE3146D1
:102A300028F02BFE0146204635F036FE20B1164A1E
:102A40000220164937F0B1FE304626F02AF84146FA
:102A5000204635F056FE05A996F90D002AF0E7FD4F
:102A6000059B02220521204635F020FE204618F065
:102A700005FCBBE7002218461146FFF78FFDBEE7B5
:102A80005B1BC3862046BCE706B0BDE8F08100BFF3
:102A9000E8090220EC090220A11A05089C1A050881
:102AA0002DE9F3410C460546224A0820224937F019
:102AB0007CFE6668284631462AF0D6FB00F11001FC
:102AC0001323002289B295F90D0035F077FD0446F5
:102AD00060B335F0D7FD294628F0D7FD31460246D0
:102AE00028462AF0D2FB582305274FF0020803702E
:102AF0000423811D87704370002380F803800371D5
:102B00004371204635F0D0FD3146204635F0F9FDC1
:102B100001A995F90D002AF08AFD019B424639462C
:102B2000204635F0C3FD204618F0A8FB02B0BDE8F2
:102B3000F08100BF2C1B05089C1A0508054A0346B6
:102B4000106800B9704790F910209A42FAD0406995
:102B5000F7E700BFF4090220054A0346106800B9F0
:102B6000704790F911209A42FAD04069F7E700BF08
:102B7000F409022013B51C46FFF7EEFF10B390F9DD
:102B8000100011F007FF00B3D0F86031EBB124B1B1
:102B90006378072B01D0A06938B90D4A0D4902208E
:102BA00037F003FE002002B010BD0DF10703102224
:102BB000A1892AF031FF18B19DF80730012BF1D01F
:102BC000054AEBE74FF0FF30EDE76FF00100EAE771
:102BD0004E1B0508601B0508651B050813B51C4640
:102BE000FFF7BAFF10B390F9100011F0D3FE00B355
:102BF000D0F86031EBB124B16378072B01D0A06924
:102C000038B90D4A0D49022037F0CFFD002002B03F
:102C100010BD0DF107031022A1892AF0FDFE18B1A5
:102C20009DF80730012BF1D0054AEBE74FF0FF305C
:102C3000EDE76FF00100EAE7791B0508601B050866
:102C40008C1B050837B51D46FFF786FF0446E8B123
:102C5000002190F91000FDF77FFDBDB1AB78442B4A
:102C60000AD017490220174A37F09FFD022194F934
:102C70001000FDF771FD09E094F9100011F08AFED3
:102C800038B9114A02200E4937F08FFD002003B0F9
:102C900030BDD0F86031002BF3D00DF107031022C6
:102CA000A989A8692AF0B8FE0028EAD09DF8073063
:102CB00094F91000012B0CBF03210221D9E700BFBA
:102CC000601B0508A11B0508B51B050870B5064665
:102CD000FFF734FF0546D8B91C201CF05BFD044605
:102CE000B0B1C56005600674C0E9015530462AF0F0
:102CF0001FFD0028607404DA064A0220064937F0F6
:102D000054FD224614210548BDE8704037F091BEBD
:102D100070BD00BFD21B0508601B0508F409022026
:102D20002DE9F04194B0804617461D460E46FFF748
:102D300005FF0446002841D000293FD0002D3DD09A
:102D400008A940462AF0B0FC00283AD1404611F0CC
:102D500021FE002838D0D0F86031ABB34FF6FD73B8
:102D600025600CAD9F4227D83A46022128462AF01A
:102D70003AFD3346082201212AF001FD9DF8682022
:102D800004212AF029FD034694F9110000215B1B60
:102D90000F4A9BB2069208AACDE904532A23039353
:102DA0000C4B02930223CDE900134FF2BF031DF039
:102DB000DFFD14B0BDE8F0812846DAE74FF0FF30C0
:102DC000F7E76FF00100F4E76FF00200F1E700BFF2
:102DD00019D30308261605082DE9F0418CB080466A
:102DE00016461F460D46FFF7A9FE0446D8B108A9AE
:102DF00040462AF059FC0146C0B90E4B08AA94F986
:102E00001100A7600495CDE905632A2303930A4BBB
:102E100002930223CDE900134FF2BF031DF0A8FD7A
:102E20000CB0BDE8F0814FF0FF30F9E76FF0010022
:102E3000F6E700BFE3D203083A160508F0B58FB0F5
:102E400004460F46FFF77AFE054620B320460AA93E
:102E50002AF02AFC044608BB09AE3A460221304655
:102E60002AF0C1FC034695F9110021469B1B0D4A2F
:102E70009BB206920AAACDE904632A2303930A4B64
:102E800002930223CDE900434FF2BF031DF070FD12
:102E900020460FB0F0BD4FF0FF34F9E76FF00104AA
:102EA000F6E700BFE3D203083A160508F0B5064678
:102EB00089B0FFF743FE054630460F4629F072FD04
:102EC00095B388B31CF066FC044640B90420184A48
:102ED000184937F06AFC6FF0010009B0F0BD0146F7
:102EE000304629F067FD034695F9110000211B1BB0
:102EF000114A9BB206923A46CDE904432A23039332
:102F00000E4B02930223CDE900134FF2BF031DF0D5
:102F10002FFD20B90A4A0420064937F046FC204616
:102F20001CF048FC0020D8E74FF0FF30D5E700BF89
:102F3000EE1B0508601B0508752B01083F160508E8
:102F4000F91B0508F0B589B006460F46FFF7F6FDF8
:102F50000546A0B3304629F0E8FC1CF01BFC0446F3
:102F600040B90420174A184937F01FFC6FF00100E0
:102F700009B0F0BD0146304629F0E1FC034695F961
:102F8000110000211B1B114A9BB206923A46CDE963
:102F900004432A2303930E4B02930223CDE900132B
:102FA0004FF2BF031DF0E4FC20B90A4A0420064991
:102FB00037F0FBFB20461CF0FDFB0020D8E74FF06C
:102FC000FF30D5E7EE1B0508601B0508DD2B010867
:102FD00044160508F91B05082DE9F04389B006469B
:102FE0000F46904629F00AFD012840D03046FFF7F1
:102FF000A5FD8146304629F0FBFC0446B9F1000FDF
:103000000DD060B129F08CFD033080B21CF0C2FB02
:10301000054648B9174A0220174937F0C6FB4FF05A
:10302000FF3009B0BDE8F083214629F09CFD012264
:1030300010212AF0D1FB012104463046FDF78CFB1C
:103040000E4B99F91100641B06932A230021A4B2A8
:1030500003933A460A4B02930223CDE90454CDE987
:10306000001343461DF084FC28461CF0A3FB0020FF
:10307000D7E700BF7C0F0508601B0508452C010839
:103080000D1C05082DE9F043054691B017461E4674
:10309000FFF754FD044628468946DDF8608011F0AC
:1030A00079FC04B138B9184A0420184911B0BDE8B8
:1030B000F04337F07ABB08AD4B461022002128467A
:1030C0002AF05DFB3A4602212AF08DFB33460822A6
:1030D00003212AF054FB034694F9110000215B1BE5
:1030E0000B4A9BB206924246CDE904532A2303932E
:1030F000084B02930223CDE900134FF2BF031DF0EA
:1031000037FC11B0BDE8F083121C0508601B0508F0
:1031100015D30308E50905082DE9F04395B00F46DE
:103120001446994611F036FC064690B3214627F026
:1031300096FA70B300230DF127020BA930460093D5
:103140000AAB28F08EFC054618BB0DF13C0823465F
:103150000146102240462AF012FB4A4604212AF07A
:103160003BFB044696F90D002AF0E2FA2A23A4EB71
:103170000804022103933A46074BA4B20695029332
:103180001023CDE90484CDE900314FF2BF031DF0D7
:10319000EFFB15B0BDE8F083391C050870B588B0A9
:1031A0000D4614461E4611F0F5FBD0B1CDB1C4B1A9
:1031B00090F90D002AF0BCFA0B4B049400242A4627
:1031C0002146CDE905632A230393084B029302238A
:1031D000CDE900434FF2BF031DF0CAFB204608B003
:1031E00070BD4FF0FF30FAE795D303083E1C050889
:1031F00038B505460C4610460A4937F0F9FA284614
:10320000102116F091F90421064816F095F90621CF
:10321000054816F091F920460821BDE8384016F01F
:1032200093B900BF8C940220210D022070B50C468A
:1032300011F0B0FB054618B94FF0FF36304670BDAF
:10324000D0F86031002BF7D027F095FF0646002814
:10325000F2D1D5F8603193F80832002BECD0064B50
:1032600028461A689B882260A38025F03AFDE07109
:10327000030AA371E2E700BF395D050838B50C46C3
:1032800011F088FB054610B94FF0FF3038BD002C17
:10329000FAD0D0F86031002BF6D027F06CFF002870
:1032A000F2D1D5F8602192F80832002BECD0D2F898
:1032B00000322360D2F804326360034B1A689B88A3
:1032C000A260A381E2E700BF395D050838B50C466E
:1032D000154611F05FFB18B3D0F8603103B3FCB1B1
:1032E00093F8FC21D2071ED5D3F800222260D3F830
:1032F00004220E4B62601A689B88A260FC22A381A4
:10330000D0F86031B3F8F831A27303F00703A3F5E6
:103310007473E37315B14FF2BF032B80002038BDE7
:103320004FF0FF30FBE76FF00100F8E7395D05086B
:10333000054A0346106800B9704790F930209A4258
:10334000FAD0406BF7E700BF040A0220054A0346A3
:10335000106800B9704790F931209A42FAD0406B5A
:10336000F7E700BF040A022073B500261D468DF85A
:1033700003602AF011F840B211F00CFB044640B390
:1033800001AB3246A989A8692AF06BFA0F2808D840
:103390000420114A114937F008FA6FF0010002B019
:1033A00070BD0DF103030422A989A8692AF034FB3A
:1033B0009DF80330032B01D00020F0E794F89F30F4
:1033C000402201992046013384F89F30FAF77CF8B7
:1033D000F2E74FF0FF30E2E7431C0508601B0508E9
:1033E0002DE9F043044693B090F9020011F0D2FAAF
:1033F0000646B0B1D0F8602194F90130D2F84022ED
:1034000092F9171099420FD092F916209A4208D1DA
:10341000DFF8F880277857B13D4A02203D4937F060
:10342000C4F913B0BDE8F083DFF8EC80F2E7A088C0
:103430000028F1D01CF0AEF9054638B9374A022011
:10344000344913B0BDE8F04337F0AFB90246A38862
:103450000DA994F9010037F060F91FFA80F9B9F16C
:10346000000FD9D0D6F860214FF6384109A8FBF7F4
:1034700085F809F11C0080B21CF08CF9044640B9B3
:10348000264A0220234937F090F928461CF092F989
:10349000C7E7234A0820234937F087F92B464A46D5
:1034A000112120462AF06BF90DF13D03082213216A
:1034B0002AF065F9BDF8462012212AF094F98146D8
:1034C000304625F00EFC1421024648462AF08BF9BE
:1034D0000346D6F8602139461B1BD2F840229BB226
:1034E00092F9000002220697CDE904432A23CDE990
:1034F00002831023CDE900324FF2BF0309AA1DF069
:1035000037FA20461CF056F9BFE700BF010805084E
:103510006C1C0508601B0508EB0805087D1C0508E8
:103520008B1C05089C0A050810B5D0F860310446CC
:10353000D3F840325A8AC2B10C4993F9000037F0EF
:10354000AAFED4F86031D3F8403293F9160036F071
:1035500091FFD4F86031FF22D3F840329A750022EF
:10356000D4F86031D3F840325A8210BD8C09050876
:1035700010B5D0F860310446D3F840329A8AC2B10F
:103580000C4993F9000037F086FED4F86031D3F887
:10359000403293F9170036F06DFFD4F86031FF2206
:1035A000D3F84032DA750022D4F86031D3F84032D3
:1035B0009A8210BD07080508444A2DE9F0410546E6
:1035C00096B090F90130166816B916B0BDE8F081D2
:1035D00096F932209A4201D0766BF5E709A996F95F
:1035E00030002AF084F80028EFD10DA996F93000B8
:1035F00027F00AFC034628B1354A0220354937F046
:10360000D4F8E2E72F782FB1334A3249022037F05D
:10361000CCF8DAE7A8880028F6D01CF0BBF80446FE
:1036200008B92E4AF1E70246AB8811A995F90100C5
:1036300037F073F81FFA80F8B8F1000FE4D008F102
:103640001C0080B21CF0A6F8054640B9234A0220AF
:10365000204937F0AAF820461CF0ACF8B5E7204A1C
:103660000820204937F0A1F8234642461121284678
:103670002AF085F80DF14D03082213212AF07FF876
:10368000BDF8562012212AF0AEF80DF132030222C5
:1036900014212AF074F8034696F9310002225B1BCC
:1036A000394606979BB2CDE904532A2303930E4B68
:1036B00002931023CDE900324FF2BF030DAA1DF093
:1036C00057F928461CF076F8C5E700BF040A022027
:1036D000B01C0508601B05086C1C05087D1C05084E
:1036E0008B1C05089C0A0508940505082DE9F34183
:1036F0001C460E46FFF72AFE0546ECB10821164887
:103700001BF022FFB4F80C800746A06941461BF06D
:103710001BFF3B46114A1249CDE90080082037F0D3
:1037200044F885B904200F4A0F4937F03EF84FF0AE
:10373000FF3002B0BDE8F081074B08200B4A084972
:1037400037F033F8EDE706F1080195F9300027F07E
:103750004CFB0020EDE700BF90940220D41C05082C
:103760009C0A0508881D0508601B0508331D05080F
:103770002DE9F04F89468BB01446064638B9574AB2
:10378000574902200BB0BDE8F04F37F00EB890F962
:10379000300029F087FF054608B9524AF0E709F1E1
:1037A000080B234642F2107196F930005A4627F072
:1037B0000FFB074608B14C4AE2E796F8304028F084
:1037C00091FF3B46024649492046009729F07DF982
:1037D000063080B21BF0DEFF044618B9444A0420CC
:1037E0003F49CFE796F8308028F07CFF3F4A0346F8
:1037F00021464046CDE9007729F07BF9EA6C0621A5
:1038000029F0FBFF80463B4A0820A8EB04083A4910
:1038100036F0CBFF08AB1FFA88FA05222046514646
:103820002AF01FF80F2804D910223946089839F0D9
:10383000E3FA09AB0422514620462AF012F80F2879
:1038400004D910220021099839F0D6FAD9F80830A5
:1038500008212A480360DBF8043043601BF074FE43
:103860000746514620461BF06FFE3B46244A22493C
:10387000CDE90080082036F098FF089B4BB105F198
:10388000100205F1200152F8040B8A4243F8040BA0
:10389000F9D1099B43B105F12002303552F8041BE0
:1038A000AA4243F8041BF9D1164B00214A4604945E
:1038B000CDE905A32A230393134B02930223CDE9F9
:1038C00000134FF2BF0396F931001DF051F8204666
:1038D0001BF070FF0BB0BDE8F08F00BFA61D050800
:1038E000601B0508B81D0508E01D0508545B0508A8
:1038F000EE1B0508F81D05089C0A05089094022097
:10390000131E0508ED360108AC150508F0B58BB09F
:103910001D46FFF71BFD1422044600210DEB02009B
:10392000002739F069FA3F4B0DF11506CDF81E70EE
:103930001A68CDF82170CDF815205A681B7ACDF899
:103940001920337264B104AB1322A989A86929F044
:1039500088FF072808D8344A0220344936F025FF6A
:103960004FF0FF300BB0F0BD0DF106031222A98914
:10397000A8692AF05FF80128EDD903AB1122A989C3
:10398000A86929F06EFF03460028E4D0049994F951
:1039900032000A688DF81470CDF81D204A6805A918
:1039A000CDF82120BDF80620ADF82620039A36F088
:1039B000C8FE43B2002B04DA1D4A02201B4936F030
:1039C000F4FE02AB1522A989A86929F04AFF28B3A1
:1039D000A06804F10C0538B137F027FD04F11C0292
:1039E00029462046FFF7C4FE33460DF1250253F861
:1039F000041B934245F8041BF9D1029B04F11C02FD
:103A000003F1100153F8040B8B4242F8040BF9D177
:103A100022463221074837F0F6FCA060064A08200B
:103A200006499BE7C6DA0408711E0508601B0508F5
:103A30008A1E050819D70308A41E05089C0A050854
:103A40007FB510F0A7FF0446002800F0D680D0F81C
:103A50006021D2F84032002B00F0CF8093F9003083
:103A6000002B00F0CA8092F84832991E01290BD829
:103A700090F90D0029F05CFE6149624B04221CF0B4
:103A800023FF002004B070BD002BFAD192F87322FE
:103A90008DF80F30022AF4D91A461946009327F000
:103AA000E0FF30B12046FFF73FFD2046FFF760FD05
:103AB000E7E794F90D0028F034FE054620466A0732
:103AC000F1D427F078F80028DBD0AB0700F1828032
:103AD000D4F86031D3F8406296F91630002B2ADA18
:103AE000494A4CF22801112036F094FCB075D4F804
:103AF0006031D3F8403293F91620002A5EDB4CF295
:103B0000280229215A82FD22D4F86031D3F84032AC
:103B100093F91600012300930DF10F031BF0D6F962
:103B2000D4F8603104223949D3F84002384B90F977
:103B300000001CF0C9FE15F001055AD1D4F860311F
:103B4000D3F8406296F91730002B2ADA2E4A4CF24D
:103B50002901112036F05EFCF075D4F86031D3F8FD
:103B6000403293F91720002A38DB4CF22902292130
:103B70009A82FD22D4F86031D3F8403293F91700CD
:103B8000012300930DF10F031BF0A0F9D4F860316D
:103B900004222049D3F840021D4B90F900001CF08C
:103BA00093FED4F8603108201B49D3F84022538A91
:103BB000928A0092194A36F0F8FD62E7184A04200A
:103BC000154936F0F2FDD4F860310022D3F84032C6
:103BD0005A82B0E72046FFF7A7FCACE7114A042061
:103BE0000D4936F0E2FDD4F86031D3F840329D82C1
:103BF000D7E72046FFF7BCFCD3E74FF0FF3041E7A3
:103C0000391C050869330108E13301088C090508EE
:103C1000293C010807080508601B0508EE1E050879
:103C2000CA1E0508DB1E05082DE9F04114228AB0E2
:103C3000054600210DEB02001C4639F0DDF83B4B38
:103C400028461A68CDF815205A681B7ACDF8192035
:103C50008DF81D300023CDF81E30CDF8213029F02D
:103C600071FD10F097FE064618B304AB1322A1892C
:103C7000A06929F0F6FD0DF10A03C7B21222A1894D
:103C8000A06929F0D7FE03AB80461122A189A06963
:103C900029F0E7FD072F054603D9B8F1010F00D938
:103CA00060B93B46224A23490220CDE9008536F01F
:103CB0007CFD4FF0FF300AB0BDE8F0816769648990
:103CC00039461D48224639F0C5F808BBD6F86031A0
:103CD000D3F8403293F91700049A05A91368CDF878
:103CE0001D305368039ACDF82130BDF80A30ADF885
:103CF000263000238DF814302B4636F022FD43B2D7
:103D0000002BD6DA0D4A02200A4936F04EFDD0E7E4
:103D1000224639460A4839F09DF80028C9D1D6F81C
:103D20006031D3F8403293F91600D5E7C6DA0408BB
:103D30001A1F0508601B0508070805088A1E0508E4
:103D40008C09050810B5FFF7F3FA044680B109495C
:103D500090F9310037F09FFA94F9320036F08AFB7F
:103D60000023A385638E6FF3080343F0FF0363868C
:103D700010BD00BF4F1F0508F0B5074685B0FFF71F
:103D8000D7FA0446384610F005FE002306468DF8A3
:103D90000F30002C6DD000286BD0D0F8603193F834
:103DA000FC5115F0010504D093F8FB51003D18BFFC
:103DB000012594F8333003F00102AA4204D12E4ABF
:103DC000A18D128891420AD0D90702D53846FFF753
:103DD000B9FF3DB9294A0820294936F0E6FC002000
:103DE00005B0F0BD274A0820254936F0DEFCD6F89C
:103DF000603193F8FC21D2072DD593F8FB3153B3F2
:103E00001D4D2988204A1120A18536F003FB00288A
:103E100084F8320017DA2B88A18D09338B420FDA30
:103E200094F833300220194A23F00103144984F82E
:103E300033300023A38536F0B8FC6FF00100CFE7E4
:103E4000013189B2DEE70123FD22292100930DF122
:103E50000F031BF03BF80E4B04220E4994F931007E
:103E60001CF032FD94F8333043F0010384F8333012
:103E7000B5E74FF0FF30B3E7D40C0220541F05081C
:103E8000601B0508721F0508B93501088F1F05085A
:103E90000D3901084F1F050838B50F4B1A680AB9CC
:103EA000002038BD93F91B0028F01EFC05460028B1
:103EB000F6D0102134F0E6FF0446082105F1380061
:103EC00034F0E0FF0443012105F15600A4B234F0C0
:103ED000D9FF204380B2E4E70C0A022008B5FFF7BF
:103EE000DBFF054B1A8B824205D018831868BDE8AA
:103EF000084034F0BEB808BD0C0A02202DE9F04F8E
:103F000006469BB048680D4617460C692FF0D3FC57
:103F100000285CD095F91B0025F0A5FE80462846B8
:103F2000FEF762FC2B785A1E112A00F2E084DFE8CB
:103F300012F01200DE04D1005F01DE04DE04DE04B4
:103F40000603DE04D604DE04DE04DE04E903EC002E
:103F5000DE04DE04C8009F4A08209F4936F025FC95
:103F6000A98AE86830F079FD064680B334F0C7FBD3
:103F70000378FF2B02D0304634F0ECFB0CABAA8A5E
:103F8000E968122030F052FC08B310ABAA8AE96845
:103F9000052030F05FFCD0B10EABAA8AE9680020A2
:103FA00030F044FC98B1BDF838102046F9F796F986
:103FB000D4F8786102460AABD6F8AC00696816F00E
:103FC000B7FA064630B96968204627F0CCFB1BB02B
:103FD000BDE8F08FD4F8600142469DF82830317872
:103FE000603029F099FFD4F860013178603000F03A
:103FF000B5FF3B7803F01803102B09D194F90D900D
:1040000007F1080036F0FDFB0146484629F0EAFAC0
:1040100012ABAA8AE968082030F01CFC08B9109B92
:104020001293BDF8383031787381129A94F90D00EB
:1040300034F045FDD4F8600101223178603029F078
:104040008DFF0022738914A901922046109A0092D4
:10405000721C25F02AF99DF8283032782146009309
:1040600014A83B7C25F044F99DF828303BBB32690D
:10407000D4F878313146D3F8AC0033F043FF204612
:104080002BF048FF38B1738923F47C431BB9337D8F
:1040900043F0080333750121686815F0F1FA08ABA5
:1040A000AA8A1020E96830F0AEFB00288FD09DF876
:1040B00020304246718920462BF03DFF87E764227D
:1040C000D6E743463A46294620461BB0BDE8F04FA6
:1040D000FEF7E6BC414A04203F4936F066FBD4F8BF
:1040E000780100236968D0F8AC001A4616F020FA6F
:1040F000014600283FF46BAFD4F87831D3F8AC0018
:104100001BB0BDE8F04F33F0F4BE94F90D0028F079
:10411000EBFA334A30490646082036F046FB14AB2A
:104120001622A98AE86829F0A4FC072805D82D4A98
:104130002949022036F039FB49E710AB1522A98A3C
:10414000E86829F077FC012801D8274AF0E712AB8C
:104150001422A98AE86829F084FB022801D8234A9E
:10416000E6E7DDE9140336B1D6E916129A4208BF34
:1041700081423FF42CAFD4F86021D2F83C2232B116
:10418000D2E902129A4208BF81423FF420AF12994D
:10419000B1F8012052BA92B29EB1D6E91675B84272
:1041A00073EB050C0DD2B6F85400B6F8503096F803
:1041B0004810029202462046CDE90075F7F7DAFE74
:1041C00005E70978CDE90003BDF840302046F7F750
:1041D000BDFFFCE6A91F0508B91F0508BE1F05089D
:1041E000CA1F05086C1005088710050899100508F6
:1041F000D4F8603193F84832032B3FF4E8AE94F8DA
:1042000034301A2B02D0162B7FF4E1AEEE6814AADC
:10421000B5F814903046494626F050FE00283FF489
:10422000D6AE0CAB4A463146002030F0FFFA0028EB
:104230003FF4CDAE12AB4A463146092030F049FB7F
:1042400048B9BDF8303023F47C43002B3FF4BFAEB7
:104250001390ADF84A00D4F87801002369681A4633
:10426000D0F8AC0016F064F9064668B1D4F86001E5
:10427000002331784246603029F04EFED4F86001C8
:104280003178603000F06AFE3146204625F0FEFCB1
:1042900014A98146204627F0BFFA3B78824603F0F6
:1042A0001803102B0CD1002800F06C8494F90DB089
:1042B00007F1080036F0A5FA0146584629F092F9B0
:1042C00066B1BAF1000F0AD1B9F1000F07D1D4F8E5
:1042D00078313146D3F8AC0033F00BFE002620468F
:1042E00026F058FFB8B9B9F1000F14D0BDF830204E
:1042F00014A9204626F067F8024660B994F90D002B
:104300000821F8F73BF9D4F878313146D3F8AC00FE
:1043100033F0EFFD5BE6002E4BD095F91B00BDF8A6
:10432000309025F0A0FC3B7C82463046009323462B
:10433000AA8AE96830F0C5F9D4F860010023524632
:104340003178603029F0E8FDD4F8600131786030D0
:1043500000F004FE204626F01DFF60B931462046DD
:1043600025F094FC38B9D4F8783131463269D3F865
:10437000AC0033F0C7FD738999451AD0D4F8602199
:1043800003F47C43B2F864229A4204D1314694F992
:104390000D002AF0DFFF7323A6F80A9010AA03216C
:1043A0008DF8403033788DF84130D4F874010369CA
:1043B0009847D4F8603193F84832022B00F09A8085
:1043C000204626F0E7FE002840F0988014A92046F9
:1043D00027F022FA00286AD0C6B1139B002B3FF4C5
:1043E000F6ADBDF84A30002B3FF4F1AD14A92046DC
:1043F00027F012FA00283FF4EAAD43469DF84A2020
:1044000013992046009602F0E3FDE0E5BDF8301078
:104410002046F8F763FF00283FF4D9AD6A682046CC
:10442000BDF83010F8F788FF00283FF4D0AD3346D0
:104430000122202194F90D006F6834F0BFF8054681
:1044400000283FF4C4ADAA4B0EA9109340F60223F6
:10445000ADF8443094F90D0029F0E9F802220E9BE2
:104460000521284634F022F9284634F00BF9D4F817
:10447000603193F8731230F0C1FA214630F0FEF843
:10448000214627F002F90146284634F00DF99949F2
:10449000284634F032F93946284634F032F910A96A
:1044A000284634F0F6F9284616F0E8FE8FE512A803
:1044B00027F090F912AB014614AA2046F7F760FCEA
:1044C000002806DD0022062194F90D00F8F756F8C1
:1044D0007DE5D4F860319DF85710D3F82832DA79A9
:1044E000914204D306D11B68149A9A4202D2204604
:1044F0002BF094F9002E7FF470AF68E512AA14A98E
:1045000020466F68F7F7E6FD012802460FD136B165
:10451000337D1B0703D53946204626F077FEBDF8CC
:1045200030303246696820462BF088F9E2E70228ED
:10453000C8D00028F3DA704A70490420FAE5002256
:104540000023A98AE868CDE90C23CDE90E2310AA3F
:1045500026F0B4FC074600287DD0D4F8780100236B
:1045600069681A46D0F8AC0015F0E2FF064600284C
:1045700073D1D4F8602192F84832012B00F2818087
:1045800092F84932042B77D13146204625F07EFB44
:1045900000283FF41CAD10A9204627F03DF9002863
:1045A00075D13E4610A9204627F047F96868AB8AC6
:1045B000EA6894F90D10FEF7FDF8D4F8602110A90F
:1045C00092F878325806204642BF23F040033E4618
:1045D00082F878320022F7F77DFD14ABAA8A0746ED
:1045E000E968182030F075F90CABAA8A1620E96842
:1045F00030F044F948B115992046DDE90C23CDE9A6
:104600000023BDF8522026F0D5FF14ABAA8AE96832
:10461000192030F05EF90EABAA8A1720E96830F055
:104620002DF948B1BDF8523020460193159B0093F7
:10463000DDE90E23FAF754FA94F90D0028F066F834
:104640000C9B98420D9B994123D201226968204618
:1046500026F0DCFDBBE42A4A6EE7D4F860010023B3
:1046600031784246603029F057FCD4F86001317847
:10467000603000F073FC7CE710A9204627F0CCF8EE
:1046800086E7023B012B86D8002E84D19FE40026CA
:104690008CE794F90D0028F07FF80E9B98420F9B51
:1046A0009941D2D3012F00D086B112ABAA8AE96812
:1046B0000C2030F00EF948B1BDF84A3010A9139A19
:1046C0002046F8F78FFD2046F9F732FAD4F860213A
:1046D00092F8793259077FF57AAC23F0040320462B
:1046E00082F879320122114628F04AFC6FE400BFBB
:1046F0000200030067A40308E01F0508B91F0508AE
:10470000F41F05084FF00009CDE910998DF8489085
:10471000ADF84A90CDF84C90D4F86031D3F82432FB
:10472000002B3FF454AC10AAA98AE86826F0C6FB17
:104730008246D4F878014B464A466968D0F8AC0006
:1047400015F0F6FE0EAB0646AA8AE968112030F095
:104750005AF890B19DF83830012B0ED131462046E1
:1047600025F094FA48B1D4F878313146D3F8AC004A
:1047700033F0BFFB4A460821A6E65EB9AA8A14AB0D
:10478000E968032030F0A5F814AA6968204627F0EC
:10479000CBFC1CE43B7803F01803102B7FF417AC20
:1047A000D4F86001424600233178603029F0B4FB30
:1047B000D4F860013178603000F0D0FB94F90D80BE
:1047C00007F1080036F01DF80146404628F00AFFC0
:1047D0000CABAA8A0120E96830F015F800283FF4F4
:1047E000F6ABD4F860310220AA8AD3F85432E968D3
:1047F000149314AB30F02EF812ABAA8A1320E96898
:1048000030F067F818B112A9204629F043F9D4F81E
:1048100078313146149AD3F8AC0033F073FBBAF117
:10482000000F1ED0D4F86031D3F82862CEB13179B0
:104830009DF8440036F01FF8054628B971799DF8B7
:10484000450036F018F8054610A9204626F0E4FF8A
:1048500078BB10A9204626F0F0FF00212046F8F78B
:104860003FF8D4F8602192F84832032B0AD1B2F90C
:104870006A32002B06DC149B0A21DB00B3FBF1F348
:10488000A2F86A32D4F86031D3F82422937B23F063
:1048900002039373D4F86031D3F824329B7BDB0797
:1048A00018D5002294F90E10012025F063FBFFF7C4
:1048B0008EBB002DD1D1D4F860319DF84520D3F8BE
:1048C00028325A71D4F860319DF84420D3F8283248
:1048D0001A71C6E72046F4F72DFBFFF778BB3A467E
:1048E000294630461BB0BDE8F04FFAF731BFD4F887
:1048F000601191F84822501E022840F23881B1F828
:104900004812B1F5806F40F029810D2B40F02681CF
:1049100000270022002369688DF85070ADF85270AE
:104920001597CDE90823D4F87801CDE90623D0F80E
:10493000AC003A463B4615F0FBFD0AAA0646A98A9A
:10494000E86826F0BBFA08B9914AF5E5002EFBD0DD
:104950003146204625F09AF981460028F4D0D4F853
:1049600060013B4642463178603029F0D5FAD4F8F0
:1049700060013178603000F0F1FA10ABAA8A0320B0
:10498000E9682FF0A6FFE96812ABAA8A0D202FF084
:10499000A0FF0AA9204626F03FFF18B90AA9204621
:1049A00026F04BFF0CABAA8AE9680C202FF091FF90
:1049B00048B1BDF832300AA90D9A2046F8F712FC2A
:1049C0002046F9F7B5F814ABAA8AE96813202FF04E
:1049D00080FF18B114A9204629F05CF8D4F86031A2
:1049E0001820AA8AD3F82832E9689F880EABBDF850
:1049F0002C602FF06EFF06ABAA8AE96816202FF014
:104A00003DFF48B10F992046DDE90623CDE900239B
:104A1000BDF83A2026F0CEFD0EABAA8AE96819202F
:104A20002FF057FF08ABAA8A1720E9682FF026FF5E
:104A300048B1BDF83A30204601930F9B0093DDE961
:104A40000823FAF74DF894F90D0027F05FFE069B56
:104A50009842079B994110D394F90D0027F09CFED2
:104A6000089B9842099B994134BF4FF001094FF0D0
:104A70000009B74218BF49F00109D4F86031D5F8F0
:104A800004A0002B65D00E230022D62194F90D003E
:104A900033F094FD074600285BD005A994F90D007A
:104AA00028F0C5FD0222059B0521384633F0FEFDA6
:104AB000384633F0E7FD0646204625F0ABF80146C0
:104AC000804630462FF056FF21462FF0D7FD214675
:104AD00026F0DBFD13220646BDF84A1013982FF08E
:104AE000D3FF38B118F0020F04D130462146FAF74F
:104AF000B9F806460222BDF84A1013982FF0C4FFF9
:104B000038B1D4F860313046D3F854122FF03AFF60
:104B10000646BDF842208AB1D2B2119930462FF034
:104B200005FF21462FF0BFFD064694F90D0033F036
:104B3000F9FE014630462FF039FF06463146384629
:104B400033F0B2FD5146384633F0DBFD384616F0FF
:104B500095FBB9F1000F3FF43AAA76E552B93A460F
:104B6000294630461BB0BDE8F04F02F071BC0D2B5A
:104B70003FF4CEAE074A042007491BB0BDE8F04F12
:104B800035F013BE002E7FF49FABFFF7A7BB00BF2D
:104B90007A1E050802200508B91F05082DE9F0470F
:104BA00086B081460E4617460FF0F4FE04460028F4
:104BB0004AD031462EF0C6FE78B1082204F1E60153
:104BC000384638F028F940B1314620460CF092FEC4
:104BD000402231462046F8F777FCD4F8CC509DB3FC
:104BE000EB7CD5F820A0012B2CD1314628462EF0A5
:104BF00099FE38B36A4605F13201204628F092FF4B
:104C00008046F8B108223946684638F004F9C8B140
:104C1000D4F8602102A8B8F80A10F9F7AFFC6B8E3F
:104C20000B4A04205BBA0B499BB235F0BEFD02A9CA
:104C30003B463246484601F00BFC294604F1A000F1
:104C400017F07CFA5546CAE706B0BDE8F08700BF0A
:104C5000282005084F2005082DE9F04788B0804638
:104C60000D46164699460FF095FE0446002846D09C
:104C700000F1A00A2946504634F079F9F0B1037DDD
:104C8000022B1BD1478E7FBABFB2BE4216D0D4F8DA
:104C90006021394604A8F9F771FC28461AF000FC97
:104CA000184A034618490820CDE9007635F07DFD05
:104CB0004B462A4604A9404601F0CAFBD4F8783195
:104CC00076BA02222946DB8E5046ADF812605BBAF6
:104CD000ADF8103004AB34F00DFA94F90D0016F075
:104CE0007BFE60B14FF46161002394F90D202846EA
:104CF000CDE9011313210091802134F01FFB08B08E
:104D0000BDE8F087542005084F2005082DE9F74F2E
:104D10000E9F82460D46984601920FF03BFE0446D8
:104D200020B94FF0FF3003B0BDE8F08F23F0D9FF7A
:104D30002946814620462EF013FE50B1A8F8009077
:104D40004FF0000BD4F8E6303B60D4F8EA307B60DB
:104D500052E0D4F8CC6076BB504616F03DFE0028F9
:104D6000DFD02946504619F087FC8346204624F0C0
:104D700015FE019BBBF1000F18BF40F00100294652
:104D80001A885FFA80FB2046F6F708FE0028C8D193
:104D9000BBF1000FC5D032464FF0FF31284617F067
:104DA00075FC0028BDD04378DB07BAD590F90630F2
:104DB0005345C3D1B5E7F37C012B22D129463046B8
:104DC0002EF0B0FD8346E0B13A4606F132012046AE
:104DD000A8F8009028F0A6FE98B1D4F860210178D8
:104DE00002F1600029F0ACF8074A0A211268121A91
:104DF000B2FBF1F20D990A600C9A002082F800B023
:104E000091E7366AA7E700BF64660220002373B506
:104E10001646009301220D4607F0CEFC044690B3DF
:104E2000D5F8602100F10901D2F80032C0F809304C
:104E3000D2F80432C0F80D30144B1A689B88C0F8C1
:104E400011204FF48072A0F81530F378C3753379D0
:104E5000037628460CF0B4F928B9204602B0BDE824
:104E600070400CF065B804F11D0300F1100250F819
:104E7000041B904243F8041BF9D1204602B0BDE860
:104E800070402EF000BC02B070BD00BF395D050857
:104E900010B5044601F066FA024920462AF01AFBD2
:104EA000002010BD9D4B010810B50446074901F0D4
:104EB00071FC204601F056FA204605492AF00AFB0B
:104EC000204604492AF000FB002010BD0D4D0108CA
:104ED0009D4B0108594C010838B5D0F860310446A3
:104EE0000D4693F84832012B02D81AB12DF0B8FCC8
:104EF000012038BD064A90F90D0001F0E5FA0028BE
:104F0000F6DA294604F1A00017F018F9F0E700BF1F
:104F100063DB03082DE9F0410E4605461746D0F83D
:104F2000CC100D4CA9B10B7DD1F82080022B0ED1F5
:104F3000CB7C63B94B8E5BBA9BB29E4203D037B138
:104F400023409E4203D105F1A00017F0F7F8414637
:104F5000E8E7BDE8F08100BF00FCFFFF08B528F0DE
:104F6000CEFF10B1014B1B68836008BD6466022050
:104F7000F8B5032609B908462AE0012926D00546D6
:104F8000447815F8023B0CB3023989B28C423CD804
:104F9000022B2FD1C078621E29F005F8431CD2B233
:104FA000DBB29A4212D9D31A0230DBB255FA80F240
:104FB000012B0BD0023B50781778DBB2984205D812
:104FC00007F0FE07062F04D102280DD04FF0FF3066
:104FD000F8BD9FB90028F9D0B0FBF6F707EB4707FB
:104FE000C71BFFB2002FF1D11B1A023013F0FF03D1
:104FF0000244DDD1091B281989B2BBE7042FE5D192
:105000000028E3D08707E1D1EEE7034A02200349F5
:1050100035F0CBFBDAE700BF7B20050885200508CB
:1050200008B570B94FF0FF3008BD0129FAD0023938
:1050300043780230C9B223B18B4206D8C91A18444A
:10504000C9B20029F1D10846EEE7034A022003491C
:1050500035F0ABFBE6E700BF8A2005088520050890
:105060002DE9F0470D4616461F469DF82080012D7C
:1050700042D90378447803F0FE03002C3CD0023D73
:10508000ADB2AC4233D82D1B022BADB237D1023CAE
:1050900000F10409C07828F086FF8246E4B2384661
:1050A00028F081FF544527D3824505D15246494611
:1050B000304637F0B0FE10B109EB0400D7E7A4EB9F
:1050C0000A0409EB0A00E4B2022CD0D9023C43786E
:1050D0000278E4B202F0FE02A34208D8E41A424584
:1050E00003F10203E4B21844EED1012005E0054AC1
:1050F0000220054935F059FB0020BDE8F087023455
:105100002044B4E792200508CE0F05082DE9F04FA2
:105110008BB0884606461546149F4FF0000A05934B
:105120000DF118093846DFF8D8B023F0DAFDD8F8C9
:1051300000400390002C5FD063680493E3781B0762
:105140003AD596F8193143F0020386F8193194F9EB
:105150000230002BBEBF96F8193143F0010386F8E8
:1051600019314B46D7F86021D2F80002D2F8041268
:1051700003C3BBF80430DBF80000ADF8243008901E
:1051800023885BBAADF82630059BBBB1112223887A
:10519000681C0092039A697C934214BF4B4600231B
:1051A00097F90D2034F0EDF84046224604211AF01C
:1051B00083FA20461AF0FEFA049CBBE7A378D806CF
:1051C00005D56A1C494697F90D002FF0D8F9A37848
:1051D000190705D5012340223846E9182EF061FC55
:1051E000E3785A0705D505234022691C38462EF07E
:1051F00058FC4FF0010AD7E750460BB0BDE8F08FDE
:10520000395D0508F8B507460D4629F0E3F806466E
:10521000E0B12B780278C3F3430363F344020270D6
:105220006B7D4375006918B11AF0C4FA002333612D
:10523000287D10B11AF0AEFA3061306920B12A7DB4
:105240003275296937F0B1FD3046F8BD20201AF0DB
:10525000A1FA04460028F7D02022314637F0CCFDD1
:105260002A78237862F3000323702B782278C3F323
:10527000430363F3440222706B7D63756B68636064
:10528000287B1AF087FAA06040B9144A022014491A
:1052900035F08BFA20461AF08DFAD5E72A7B227377
:1052A000A96837F082FD287D88B11AF073FA206171
:1052B00040B90C4A02200A4935F077FAA0681AF082
:1052C00079FAE7E72A7D2275296937F06EFD2246D3
:1052D00018213846264635F0CDFBB5E7C62005082F
:1052E000CE0F0508F220050870B505460E4629F0D8
:1052F000CFF80446C8B9304628F0B4FF04460D4A3A
:1053000008200D4935F051FA7CB1296829B92246A7
:105310002C21284635F0AEFB07E0327A4B7C9A42CE
:1053200005D322462C2035F09DFB204670BDC96A6E
:10533000ECE700BF1D210508CE0F0508F8B50746AC
:105340000D4629F031F8064608BB20201AF022FA53
:105350000446E0B12022314637F04EFD2A7823780A
:10536000384662F300032370DBB26A7D62F34513B3
:1053700023706B68636029F079F8FF2809D1124A1D
:105380000220124935F011FA20461AF013FA30467D
:10539000F8BD237860F344032370287B1AF0FAF9F0
:1053A000A06008B90A4AEBE72A7B2273A96837F0A4
:1053B000FCFC23462246182143F8106F38466361EF
:1053C000264635F057FBE2E72E210508CE0F0508EB
:1053D000C620050870B50D460988064629F06EF806
:1053E0000446C8B9284628F061FF0446A0B10C491C
:1053F00008200C4A35F0D9F9316829B92246042130
:10540000304635F037FB07E02A880B889A4205D2F0
:105410002246042035F026FB204670BD4968ECE7A3
:10542000CE0F050856210508F8B50D460988074630
:1054300029F051F80646E0B914201AF0ABF90446F9
:10544000B8B11422314637F0D7FC2B882380637A19
:105450006A7A62F300036372287A1AF09BF960603B
:1054600048B902200A4A0B4935F09FF920461AF044
:10547000A1F93046F8BD2A7A26462272696837F0CB
:1054800094FC22460C21384635F0F4FAF1E700BFCF
:10549000F2200508CE0F050800230246C0E90030BF
:1054A00042F8083FC260064A0374C0F81421B0F8FD
:1054B0001821A0F810316FF30902A0F818217047E5
:1054C00000A30200F8B517461D46064668B361B34F
:1054D0005BB304687CB9164B34681B78032B34BF6C
:1054E000012102212246D2B102F1140029F00DF867
:1054F000B8B9D26AF7E7637CAB4201D2E46AE9E764
:105500002A463946601C35F0F5F90028F6D02946C0
:1055100004F1140028F0ECFF10280146EED00846F4
:10552000F8BD0131C9B21029DCD11021F7E700BF65
:105530001F0D02202DE9F04F0D4689B01646994601
:10554000804620B94FF0FF3009B0BDE8F08F002948
:10555000F8D00121002429F078FBD8F800700390DE
:105560003FB9039B1C1BA4B2002E50D104F11C00B8
:10557000EAE7D7F824A007F1010BBAF1000F08D130
:10558000D7F81CA007F1010BBAF1000F1AD1FF6A7E
:10559000E6E7BAF800304B4511D104227B7C314656
:1055A000284600925A46FFF75BFD40B90421786A0D
:1055B00028F020FD01280CBF06340434A4B2DAF828
:1055C00004A0DAE7BAF800304B4514D100227B7C06
:1055D0003146284600925A46FFF742FD58B9042149
:1055E000F86928F007FD01280FD1786A28F002FD3C
:1055F00020B10534A4B2DAF804A0C5E70934787CF8
:1056000028F0D1FC10FA84F4F4E70334F2E7012E19
:1056100098D02B786F7803F0FE03002F92D0023ED3
:10562000B6B2BE42C0F09A80F61B022BB6B240F072
:105630009280023FAB78E87805F10409FFB28DF85B
:1056400014308DF81C00CDF8189028F0ACFC87427F
:105650008246FFF477AF3F1A09EB000505A94046E3
:1056600028F016FF8146FFB218B904341AFA84F400
:10567000A4B209F11C030393022F7FF675AF023F1A
:105680002A4695F801A0FFB212F8021BBA4501F0B4
:10569000FE0163D8A7EB0A070429FFB22AD1B9F1AA
:1056A000000F01D10434A4B209F12405BAF1000FAE
:1056B00001D11546E0E702F1040BB9F1000F09D161
:1056C0000234A4B20434A4B2AAF104035A465FFA25
:1056D00083FAEBE71188284649BA89B228F0EEFE32
:1056E0000028F1D10421D9F8240028F083FC0028F7
:1056F000E6D0E7E769BBD34611460CE0CD1CB9F113
:10570000000F16D10234A4B20334A4B2ABF1030BE0
:1057100029465FFA8BFBBBF1000FEFD10AEBCA0100
:105720000AEB410303EBC303DBB203EB43031A446D
:10573000BFE70988039849BA89B228F0BFFE00285C
:10574000E4D10421D9F81C0028F054FC0028D9D059
:10575000DAE75244ADE702373D4405E7024A02204A
:10576000024935F022F8EDE692200508CE0F050833
:1057700038B505464FF408701AF00CF80446C8B165
:1057800000234FF6FE72057000F508750375C2829E
:10579000C0E9033300F1180318461422002137F042
:1057A0002BFB03461433AB42F6D1224604210248B8
:1057B00035F060F9204638BD2C0A0220054A034620
:1057C000106800B9704790F900209A42FAD04068FA
:1057D000F7E700BF2C0A022008B516F0A5F9024B26
:1057E000002808BF184608BD74EC0408F8B50F4639
:1057F00012490446154616F09DF9064640B90220A6
:1058000023460F4A0F4934F0D0FF6FF00300F8BD74
:1058100039462A4616F0B2F90746304616F09CF98A
:10582000BD4208D002202346074A064934F0BDFF96
:105830006FF00100EBE70020E9E700BF4128050811
:105840006C2105087F21050884210508F8B50E4E56
:1058500000AF05463068EAF78FFD0446FFF7BCFF4E
:10586000EAF78AFD04443168083424F00704ADEBFC
:10587000040D684629F009FE0C2229466846FFF708
:10588000B5FFBD46F8BD00BF480A0220F8B50F4677
:1058900012490446154616F04DF9064640B9042053
:1058A00023460F4A0F4934F080FF6FF00300F8BD24
:1058B00039462A4616F07EF90746304616F04CF96E
:1058C000BD4208D002202346074A064934F06DFF46
:1058D0004FF0FF30EBE70020E9E700BF373B05085A
:1058E000972105087F210508AA210508F8B5114E62
:1058F00000AF05463068EAF73FFD0446FFF76CFF4E
:10590000EAF73AFD0444083424F00704ADEB040D33
:1059100029F0ADFD58B13168684629F0B6FD4FF465
:10592000007229466846FFF761FFBD46F8BD6FF07B
:105930000400FAE7400A0220B0B5144A00AF144947
:10594000082034F032FF16F0EFF8D8B1114D286876
:10595000EAF712FD0446FFF73FFFEAF70DFD0444A6
:105960002968083424F00704ADEB040D684629F0DB
:105970008CFD684637F014FB002818BF6FF0060056
:10598000BD46B0BD6FF00400FAE700BFBC210508BA
:105990007F210508400A0220F8B5184E00AF0546E1
:1059A0003068EAF7E9FC0446FFF716FFEAF7E4FC83
:1059B0000444083424F00704ADEB040DC5B129F00C
:1059C00056FDC0B13168684629F05FFD4FF40072A2
:1059D00029466846FFF75AFF044630B1084A0820B6
:1059E000084934F0E2FEFFF7A7FF2046BD46F8BDA8
:1059F0006FF00504F9E76FF00404F6E7400A0220AF
:105A0000E02105087F210508B0B584B005460C46A5
:105A100000AF29F02CFD08B328683B466968114D9A
:105A200003C36168206803C32868EAF7A5FC04463D
:105A3000FFF7D2FEEAF7A0FC04442968083424F0FA
:105A40000704ADEB040D684629F01FFD102239460E
:105A50006846FFF7CBFE1037BD46B0BD6FF00400BF
:105A6000F9E700BF380A02202DE9F04184B006466C
:105A70000D4600AF29F0FBFC40B3DFF85880D8F8A2
:105A80000000EAF779FC0446FFF7A6FEEAF774FC8B
:105A90000444D8F80010083424F00704ADEB040DDA
:105AA000684629F0F2FC102239466846FFF7EEFE00
:105AB000024630B93B4603CB3060716003CB2860AF
:105AC000696010461037BD46BDE8F0816FF00402F2
:105AD000F7E700BF380A02202DE9F041DFF85480D3
:105AE00000AF05460E46D8F80000EAF745FC04462C
:105AF000FFF772FEEAF740FC0444083424F0070480
:105B0000ADEB040D7DB129F0B2FC78B1D8F80010EE
:105B1000684629F0BAFC324629466846FFF766FE19
:105B2000BD46BDE8F0816FF00500F9E76FF00400B5
:105B3000F6E700BF340A02202DE9F041DFF8548077
:105B400000AF05460E46D8F80000EAF715FC0446FB
:105B5000FFF742FEEAF710FC0444083424F007047F
:105B6000ADEB040D7DB129F082FC78B1D8F80010BE
:105B7000684629F08AFC324629466846FFF786FEC9
:105B8000BD46BDE8F0816FF00500F9E76FF0040055
:105B9000F6E700BF340A02202DE9F041DFF8548017
:105BA00000AF05460E46D8F80000EAF7E5FB0446CC
:105BB000FFF712FEEAF7E0FB0444083424F0070480
:105BC000ADEB040D7DB129F052FC78B1D8F800108E
:105BD000684629F05AFC324629466846FFF706FE19
:105BE000BD46BDE8F0816FF00500F9E76FF00400F5
:105BF000F6E700BF3C0A02202DE9F041DFF85480AF
:105C000000AF05460E46D8F80000EAF7B5FB04469B
:105C1000FFF7E2FDEAF7B0FB0444083424F0070480
:105C2000ADEB040D7DB129F022FC78B1D8F800105D
:105C3000684629F02AFC324629466846FFF726FEC8
:105C4000BD46BDE8F0816FF00500F9E76FF0040094
:105C5000F6E700BF3C0A0220B0B500AF29F007FC10
:105C6000D8B10F4D2868EAF787FB0446FFF7B4FD6B
:105C7000EAF782FB04442968083424F00704ADEBFA
:105C8000040D684629F001FC684637F089F90028C0
:105C900018BF6FF00600BD46B0BD6FF00400FAE714
:105CA0003C0A0220B0B500AF29F0E1FBD8B10F4D9E
:105CB0002868EAF761FB0446FFF78EFDEAF75CFB14
:105CC00004442968083424F00704ADEB040D684649
:105CD00029F0DBFB684637F063F9002818BF6FF046
:105CE0000600BD46B0BD6FF00400FAE7340A02209A
:105CF00038B5074D0446AB68834206D00246D5E965
:105D0000001029F0D1FBAC6038BD0020FCE700BFDB
:105D10005C640220F8B50D4C07460E4615466368D4
:105D2000C31AB3F57A7F06DC2368CB1A642B02DC36
:105D3000A368934208D02A463146384629F0B4FB7E
:105D4000A560C4E90067F8BD0020FCE75C640220A0
:105D500070B506460D46144629F0A6FB024BC3E972
:105D600000569C6070BD00BF5C64022070B50B4C97
:105D700006460D466368C31AB3F57A7F03DC2368D1
:105D8000CB1A642B07DDA2682946304629F08CFB2C
:105D9000C4E9005670BD0020FCE700BF5C6402202F
:105DA00010B5094B044642685A6002681A6082685E
:105DB0009A6029F05CFB20B12046BDE81040FFF757
:105DC00045BD6FF0040010BD5C6402202DE9F04178
:105DD00000AF064629F04BFBF8B1DFF850806D4666
:105DE000D8F80000EAF7C8FA0446FFF7F5FCEAF72E
:105DF000C3FA0444D8F80010083424F00704ADEBCB
:105E0000040D684629F041FB68460C223146FFF735
:105E10003DFDAD46BD46BDE8F081054B5A68726058
:105E20001A6832609B68B360F4E700BF480A02203A
:105E30005C640220F0B587B0324C02AF15F074FEFE
:105E4000A8B908223049204636F0E5FF78B9228902
:105E50004FF6FF739A420AD12C4A08202C4934F09D
:105E6000A4FC4FF0FF3528461437BD46F0BD294E3F
:105E7000012330682373EAF77FFA0546FFF7ACFC8D
:105E8000EAF77AFA0544083525F00705ADEB050D6C
:105E9000FFF7A2FC014602AD2846EAF765FA316831
:105EA000284636F0C8FF28460A22391DFFF7EEFCC7
:105EB0000546A0B108221449124836F0ACFF064648
:105EC0000028D0D122894FF6FF739A42CBD12B46BE
:105ED000114A0F49082034F068FC2673C1E73A1DC7
:105EE000BB8903CA2381206061600821054819F03D
:105EF0002BFB22890346064900920820074A34F00A
:105F000054FCB0E7D60C0220805C0508FC21050893
:105F10007F210508440A02201122050838220508BD
:105F200070B5124C05460E4608221149204636F03F
:105F300072FF60B922894FF6FF739A4207D10D4A6A
:105F400008200D4934F031FC4FF0FF3009E0237B8D
:105F5000002BF9D01DB123682B6063686B600EB90C
:105F6000002070BD23893380FAE700BFD60C0220E1
:105F7000805C05085D2205087F210508B0B51B4A35
:105F800000AF1B49082034F010FC1A4B00224FF6DA
:105F9000FF711A605A6019811A7315F0C5FD08B3B4
:105FA000154D2868EAF7E8F90446FFF715FCEAF70B
:105FB000E3F90444083424F00704ADEB040DFFF7C3
:105FC0000BFC01466846EAF7CFF92968684636F0C7
:105FD00032FF684636F0E4FF002818BF6FF0060075
:105FE000BD46B0BD6FF00400FAE700BF8722050888
:105FF0007F210508D60C0220440A022038B50D4640
:106000000E4C98B103682360436863604FF6FF73DA
:10601000628925819A4204BF0223638115F084FDC1
:1060200000280CBF6FF00400002038BD20606060C5
:106030000820034A034934F0B8FBE7E7D60C0220F6
:10604000A82205087F2105082DE9F041224D82B0E4
:106050004FF6FF726B8902AF6E46934203D09842AF
:1060600005D21B1A6B81B546BD46BDE8F0816A8139
:1060700015F05AFD0028F6D0DFF86080D8F800004F
:10608000EAF77AF90446FFF7A7FBEAF775F9044443
:10609000083424F00704ADEB040DFFF79DFB014627
:1060A00002AC2046EAF760F9D8F80010204636F036
:1060B000C2FE0821284619F047FA2A8903460849F2
:1060C00000920820074A34F070FB0A222946204635
:1060D000FFF78CFBC7E700BFD60C0220440A022062
:1060E0007F210508B8220508054A0346106800B953
:1060F000704790F90C209A42FAD08069F7E700BF08
:106100004C0A022070B51C461D4B86B006461D6821
:10611000D5B90022CDE904226DB304ABA189A069F1
:1061200027F09FFB0F2815D88023E5784FF0FF302C
:1061300045B90090224602213046CDE901551AF0BA
:1061400037FC284606B070BD95F90D30B342E0D05B
:10615000AD69DDE705AB0322A189A06927F081FBCA
:106160000728E1D9AB6843B195F90C00DDE90412C9
:1061700098474423D9E7A023D7E78323D5E700BF77
:106180004C0A02202DE9F0431D466E4B89B00746AC
:106190001E680EBB00224FF6FF73CDE90522ADF855
:1061A00012300792002E00F0C98005ABA989A869BA
:1061B00027F057FB0F2815D8802300244FF0FF321B
:1061C0000221384600922A46CDE901441AF0F0FB3C
:1061D000204609B0BDE8F08396F90D30BB42D9D016
:1061E000B669D6E70DF112030222A989A86927F042
:1061F00021FC0128E0D906AB0322A989A86927F070
:1062000030FB0728D8D907AB0622A989A86927F04F
:1062100020FCDDF814803469E4B9059819F040F9E0
:1062200008210446069819F08FF9BDF81230464A45
:106230004649CDE900032346082034F0B6FA7468D5
:10624000002C7DD0069BBDF81220059996F90C0014
:10625000A04750E0414620462DF064FB08B9A46AEF
:10626000DAE7238A002B5FD0059819F019F9082185
:106270008046069819F068F9079B354A0293BDF8E5
:1062800012303249CDE900034346082034F08DFA3C
:10629000637F04F1150883BB069A012320466377C8
:1062A0001368C4F815305368C8F80430BDF81230CC
:1062B0002384079B636219F0F3F808218146404666
:1062C00019F042F9238C234A2049CDE900034B46BB
:1062D000082034F06AFA96F90C00238C0021CDF8DE
:1062E0000480626A009222463668B0471A4A17490B
:1062F000082034F05AFA44235FE708220699404602
:1063000036F089FD28B9626A079B9A42C4D2134AC3
:10631000EDE70123124A0D490420A37734F045FA32
:10632000637F002BEFD1B7E706F11000224628214A
:1063300019F0C2F9204619F03DFA6EE7A0233CE7B8
:1063400083233AE74C0A0220672305083D2305080A
:1063500007230508422305080A1E05085E230508D1
:106360005923050870B50646FFF7BEFE054680BBFB
:10637000202019F00FFA044658B30673C0E90155FE
:10638000304627F0D5F90028607309DA0220114A57
:10639000114934F00AFA2046BDE8704019F00ABAF3
:1063A0002346224618210D4843F8105F636134F0FC
:1063B00040FB0B4B04220B4994F90D001AF084FAB0
:1063C00094F90D00084B04220849BDE870401AF00A
:1063D0007BBA70BD972305083D2305084C0A0220AF
:1063E00085610108E509050805610108BC23050868
:1063F000F8B5FFF779FE044610B31249264690F926
:106400000D0034F048FF104994F90D0034F043FFBB
:1064100056F8105F55B12A46AF6A2821304619F068
:106420004BF9284619F0C6F93D46F3E722460748DE
:10643000182119F041F92046BDE8F84019F0BAB921
:10644000F8BD00BFE5090508BC2305084C0A022079
:10645000F0B591B00C461E461146FFF745FE0546C5
:1064600068B361B35CB356B309AF0B461022002189
:10647000384627F084F903213346082227F07FF9B4
:10648000034622780026DB1B95F90D00FF2A0696AD
:106490009BB215BF3246102202210621CDE90473BA
:1064A0002A230393074B02930223CDE900234FF2E3
:1064B000BF0322461AF05CFA002011B0F0BD4FF085
:1064C000FF30FAE7BC230508F0B58FB017460E463B
:1064D000FFF70AFE054618B94FF0FF300FB0F0BDC8
:1064E0000029F9D0002FF7D00469A4B9302019F0A1
:1064F00051F904460028EFD03022002136F07CFC10
:106500003346224606F1100153F8040B8B4242F841
:10651000040BF9D111E0314620462DF003FA08B9F9
:10652000A46AE2E7238A7BBB638A002BD4D122468C
:10653000282105F1100019F0BFF82246282105F1A5
:10654000100034F076FA042310220021238209ACD3
:1065500033462F60204627F012F9034695F90D00C7
:1065600000221B1B0621069202229BB2CDE90443A6
:106570002A230393054B02931023CDE900324FF2F7
:10658000BF03034A1AF0F4F90020A7E7C123050866
:10659000705B05082DE9F743FFF7A6FD8846054621
:1065A000002800F0818000260469B146002C5DD0EF
:1065B000638A0136A76A33B143458ABFA3EB080358
:1065C000A4F812906382238A3BB343454AD8637F81
:1065D000A4F810906BBB237D0F22A3F10A0019468B
:1065E000C0B2E1B9FF2B02F1010231494FF00800BE
:1065F00018BF013362822F4A1CBFDBB2237534F00F
:10660000D4F8002395F90C0022464FF0FF31CDE974
:1066100000334FF6FE732C68A0473C46C6E7814224
:1066200004D05200013992B2C9B2DAE74FF4E14224
:10663000D8E7A37F63B1204A04201D4934F0B5F8A0
:1066400004F1150322461D4995F90C00FFF700FFE0
:1066500005F110002246282119F02EF8204619F0E5
:10666000A9F8DAE7A3EB08032382D6E7082E1BD9A3
:106670002B69CBB16C6905F11008283CA4B12B69DA
:106680009C42238A16BFE76A0027283F53B9224657
:1066900028214046013E19F00FF8204619F08AF8EB
:1066A000082E01D93C46E9E703B0BDE8F08300BFFE
:1066B0003D230508C6230508D5230508705B05089A
:1066C0002DE9F0411E46314B98B00D461C6824B9A7
:1066D0004FF0FF3018B0BDE8F08194F901308342EB
:1066E00001D0A468F3E7002763680B97002BEFD075
:1066F0000AAB3A46B189B06927F0B3F80F28E7D959
:10670000EB890DF130080DF126020A995BBAADF85C
:1067100026300BAB94F9000001930DF12303CDF863
:106720000880009309AB6668B047B842D0DB0EAE74
:106730000A9B10223946304627F021F8BDF8242064
:10674000022127F050F843460822032127F017F8CA
:106750009DF82320034622B10B9A062127F04DF81D
:1067600003469B1B94F90100002202219BB2069272
:10677000CDE904632A230393054BCDE9002102935D
:106780002A464FF2BF031AF0F3F8A1E7540A022099
:10679000E5090508F8B51B4B06460F461C68B4B959
:1067A000102018F0F7FF054648B30670304626F073
:1067B000BFFF0028687010DA134A0220134933F033
:1067C000F4FF284618F0F6FF6FF00200F8BD94F9C8
:1067D0000030B34210D0A468E1E72A4608210948F6
:1067E0006F6034F026F90A4B04220A4995F901003A
:1067F0001AF06AF82046E9E74FF0FF30E6E76FF05D
:106800000100E3E7540A0220F92305081B240508C8
:10681000C1660108C12305080C4B10B51C6804B9FA
:1068200010BD94F90030834201D0A468F7E708490D
:1068300094F9010034F02FFD22460448082118F095
:106840003BFF2046BDE8104018F0B4BF540A0220B8
:10685000C12305082DE9F04F89B00F4616461D46A5
:106860000EF098F80446002800F09180D0F86031CE
:1068700093F87822110740F18A8022F0080283F809
:106880007822D0F8602192F8483213B9D2F8203239
:106890003BB1464A0420464909B0BDE8F04F33F009
:1068A00084BF002F04DA09B0BDE8F04F23F088BCA4
:1068B000D2F8243215F8019BFBB193F80C80D4F880
:1068C00078314FF6FD7BD3F8AC301F68394BBFB140
:1068D0007A89D7F818A05A450DD822F47C4151B1D5
:1068E0001A40964207D0D4F878213946D2F8AC0045
:1068F00031F0FFFA2F4B5746E9E74FF0FE08DEE78D
:10690000D4F86021204692F8C43143F0010382F8A4
:10691000C431F5F70FFE3146204622F0BDF9D4F818
:106920006031A3F8646204ABD4F8602176BAD2F87F
:106930000002D2F804120122ADF81E6003C31E4B00
:1069400004A918689B8806902046ADF81C3094F87E
:106950009E3043F0010384F89E304FF0FF33CDE9C1
:106960000132009340223B460AF010FF78B1D4F880
:106970006031B8F1FE0F83F851700BD043462A46C0
:106980004946204601F076FF204623F013FC09B06B
:10699000BDE8F08F094A0420054933F006FF2A4676
:1069A0004946204601F0F4FEEEE700BF202405082A
:1069B0003C24050800FCFFFF395D0508412405085B
:1069C0007FB5054690F90D000E46144625F08CFE65
:1069D00058B320462CF000FF838F04461B050AD5D0
:1069E00090F87630B0F84020013B0244DBB280F8EA
:1069F000763082F893300E4AB923106851682A46DF
:106A0000A3876B4603C3D6F80100D6F8051003C36D
:106A10009DF808306946204683F002038DF808305F
:106A200007F08AFB20460EF035F804B070BD00BFB9
:106A30003F5D05082DE9FF41044690F90D008846A9
:106A4000164625F051FE00285BD0D4F86031002BAB
:106A500057D03146204624F079FD00F12E0520461E
:106A6000ADB224F0E8FD08234119002294F90D008D
:106A700089B231F0A3FD0546002842D031F002FE74
:106A80000746284631F03BFE0346B8F1000F3BD0E5
:106A9000414608F1100251F8040B914243F8040BEF
:106AA000F9D12146384624F0F0FD32460146204611
:106AB00024F054FD01462046F7F77CFF01462046AE
:106AC00024F0C3FD21462DF0D9FD0146284631F0C2
:106AD000EBFD002302A9284602934FF4A063ADF812
:106AE0000C3031F0D6FE01A994F90D0026F09FFD7F
:106AF000019B02220521284631F0D8FD284614F0DA
:106B0000BDFB04B0BDE8F081044A02F1100152F867
:106B1000040B8A4243F8040BF9D1C2E7FC5C050878
:106B200037B5054690F90D0025F0DEFD70B3D5F8B8
:106B300060315BB393F84832012B27D00423002245
:106B4000102195F90D0031F039FD0446F0B101A98D
:106B500095F90D0026F06BFD019B022205212046D0
:106B600031F0A4FD204631F08DFD294624F08DFD45
:106B700029462DF083FD0146204631F095FD04495C
:106B8000204631F0BEFD204614F078FB03B030BD46
:106B9000FC5C05087FB5D0F8603105460E461BB198
:106BA000D3F82832002B4CD000230122402195F944
:106BB0000D0031F003FD0446002842D0102301A946
:106BC00095F90D008DF8033026F031FD0222019B6E
:106BD0000521204631F06AFD3146204631F091FD15
:106BE000204631F04FFDD5F8603193F873122DF047
:106BF00005FF294624F049FD29462DF03FFD0122DD
:106C00000DF103012DF0E5FE337805460E49FF2B0B
:106C100020460BBF0122022200230A238DF80C20FC
:106C20000A4A8DF80D30029231F067FD02A9204624
:106C300031F02FFE2946204631F036FD204614F073
:106C40001DFB04B070BD00BF67A403080200030071
:106C50002DE9F04F85B006460F4690469DF838A0C6
:106C600099469DF83CB0BAF1010F90F90D006CD136
:106C70000022534602928DF80C20802131F09EFCB8
:106C8000054600285ED0BB6801A996F90D001B7867
:106C9000FF2B14BF002305238DF80D3026F0C7FC11
:106CA000019B02220521284631F000FD284631F0E3
:106CB000E9FC314624F0E9FC0446BBF1000F16D094
:106CC000D6F8603193F873122DF098FE9DF84010BD
:106CD0002DF08BFEBAF1010F044608D010230122DB
:106CE0000DF103018DF803302DF073FE0446B8F169
:106CF000000F14D0B9F1000F11D0314620462DF00D
:106D0000D2FC044696F90D0031F00CFE01462046F7
:106D10002DF04CFE4A4641462DF008FE0446314611
:106D200020462DF0ABFC0146284631F0BDFC7968C9
:106D3000284631F0E6FC02A9284631F0AAFD284693
:106D400014F09CFA05B0BDE8F08F034B01220293CA
:106D500002238DF80C2090E70200030073B504466F
:106D600018B94FF0FF3002B070BDD0F86031002B81
:106D7000F7D093F84932043B012BF2D829F0CAF836
:106D800000283DD0204624F016FB0546204624F07E
:106D900071FC29182B3189B20423002294F90D00CB
:106DA00031F00CFC05460028DBD001A994F90D0058
:106DB00026F03DFC28B9019B02220521284631F02E
:106DC00075FC1349284631F09CFC284631F05AFCEA
:106DD00021462DF053FC0646204629F09BF8034639
:106DE00080B13146204624F0ECFA214624F04DFCD7
:106DF0000146284631F058FC284614F03FFAB2E725
:106E00002B21C9E73046092200F8022B7370ECE70A
:106E1000FC5C050838B50446A0B1D0F8603100220A
:106E2000C3F8142290F83430D0F860511A2B0AD0ED
:106E3000162B08D002464FF4FA61114834F0E3FAF9
:106E4000C5F8140238BDB5F84832B3F5806FF9D1F2
:106E50002046FFF765FE204628F0C3FCD4F86031D9
:106E6000B3F81002B3F81212014489B228F051FCB1
:106E70004FF47A71D4F8605122464143DDE700BFF8
:106E8000156E010813B5D0F86031044693F87822E6
:106E9000120707D50E4A04200E4902B0BDE8104083
:106EA00033F083BCB3F864220B4B009100F5907172
:106EB00090F90D00FBF734FF0028C1BFD4F8602122
:106EC00092F8783243F0080382F8783202B010BDAD
:106ED000782405083C2405085568010810B5D0F849
:106EE00060314FF6FD720446B3F86432934202D922
:106EF00021F0F7FE0346C3F3090078B9D4F87821EE
:106F0000074CD2F8AC20126802B910BD51899269C1
:106F100021408B4204BF013080B2F5E70020F4E746
:106F200000FCFFFF30B5002385B00546012220217B
:106F300090F90D0031F042FB044618B94FF0FF30D4
:106F400005B030BD01A995F90D0026F070FB0222B5
:106F5000019B0521204631F0A9FB1949204631F05B
:106F6000D0FB40F60A132046ADF8003031F08AFB22
:106F7000D5F8603193F873122DF040FD0222694676
:106F80002DF027FD0146204631F08EFB0D4B0E49BA
:106F9000204602930123ADF80C3031F0AEFB02A97C
:106FA000204631F076FC204614F068F9074995F93F
:106FB0000D0031F0E9FA1523002085F83430BFE7E1
:106FC000EC5C05080200030003A5030889700108B2
:106FD0002DE9F04F87B005460C4691F80090109EC1
:106FE000059321F07EFE7389804633F47C4B08D0F4
:106FF000234A0820234933F0D8FB002007B0BDE81E
:10700000F08F284604F1010A28F084FFD5F860715A
:1070100068B397F8512072B9337D1B07EDD5002373
:107020000934059A284602934B46CDE900A471899C
:1070300028F0BBFFE1E797F85210484633F01BFCFD
:107040000028E9D0B7F85410384601F0C5FCC8F361
:107050008F215046A7F854B033F02EFC024600288A
:10706000DAD1042195F90D00F5F788FAC5E7D7F8CC
:107070002432002BC1D01A8973899A42BDD1CBE743
:10708000942405083C2405082DE9F04F95B00C46E2
:1070900090460D69039048682CF00DFC002800F024
:1070A000A9800DF1240AA18AE068524623F006FF68
:1070B000002800F09F800DF11603A28AE1681220DB
:1070C0002DF0B4FB002800F095800DF11A03A28A80
:1070D000E1680A202DF0AAFB002800F08B8007ABA6
:1070E000A28AE16805202DF0B5FB002800F082801F
:1070F0000BABA28AE16809202DF0EBFB002879D0C8
:1071000006ABA28AE16800202DF090FB002871D028
:1071100094F91B0022F0A7FD23780746012B69D1C3
:10712000854A0820854933F040FBA18AE0682DF0AC
:1071300094FC814600285DD008ABA28AE168082053
:107140002DF088FB08B9079B0893BDF81A3023F48B
:107150007C43002B4ED1D5F878010DF115030122A7
:107160006168D0F8AC0013F0E3F90646002841D07E
:1071700098F8003003F01803102B36D195F90DB0B4
:1071800008F1080033F03DFB0146584626F02AFA84
:10719000284623F0E2FED5F860019DF815303A4606
:1071A0003178603026F0B8FED5F860013178603073
:1071B000FDF7D4FE484631F0CDFABDF81830089AF4
:1071C0007381317895F90D0031F079FC0DAB022215
:1071D000A18AE0682DF0D5FA00280EDC9DF8153064
:1071E000002B40F0948032690BE0554A022053494D
:1071F00033F0DBFA15B0BDE8F08F0E9833F001FBE9
:107200000246D5F878313146D3F8AC0030F07AFE3A
:10721000BDF8183023F47C431BB9337D43F00803D9
:107220003375D5F8600101223178603026F096FE82
:1072300005ABA28A1020E1682DF0E5FA30B19DF887
:1072400014303A467189284628F075FE0022738969
:107250000FA928460192079A0092721C22F025F885
:107260009DF81530327829460FA8009398F8103011
:1072700022F03EF8D5F860319AE80300D3F82832BE
:1072800083E80300BDF81A10284622F070FFD5F8F5
:107290006031BDF81A200521A3F86422D5F86031C9
:1072A00083F84912D5F86031D3F828329979B1EBD7
:1072B000922F2ED10BA9039825F04BFD8046002874
:1072C00098D102466168284623F0A0FFD5F86021D6
:1072D00092F8793243F0040382F87932D5F86031BC
:1072E00093F8782268F3861283F87822154A1349B6
:1072F000082033F05AFA3B469DF82E2028460C9978
:107300000096FFF765FE284622F042FF72E76422EE
:1073100077E71A792846013A1A71D5F86031D3F81F
:1073200028225379013B53710122616823F06EFFDB
:10733000FEF702FB044ADAE7BD2405083C240508F1
:10734000D5240508F62405081025050808B5054BC1
:107350001968022904D989B2022028F0DAF908BD97
:107360000120FCE7FC09022038B5044648B3D0F8F8
:107370006031D3F8140234F058F8D4F860310022A8
:10738000C3F81422FFF7E2FFD4F86031A3F86602D5
:10739000D4F86031ABB193F84922043A012A10D8ED
:1073A00093F87832DB0603D42046FFF797FD48B9FF
:1073B0000121D4F860512246044834F024F8C5F87D
:1073C000140238BD41F28831F3E700BF156E0108A1
:1073D0007FB5044628F09EFDA8B101220021204679
:1073E000FFF728FBD4F86031184A93F8AD61D4F860
:1073F0007831106806F00106D3F8AC506B4651683E
:1074000003C32D680DB904B070BD2B7DDB071BD401
:10741000D5F8010002ABD5F8051003C39DF808307C
:10742000D4F8600183F0020360308DF808302978C9
:1074300026F08CFD024628B1012269462046FFF75E
:10744000F9FA01E0002EF8D1AD69DBE73F5D0508F0
:107450002DE9F04F0D469FB00C69174610208A8A1F
:10746000C9682DF0B7F912AAA98A0490E86823F038
:1074700025FD059095F91B0022F0F5FB2E7882463C
:107480000D2E00F2F987DFE816F07902F7076004A5
:10749000F707F707E806EB06EE06F7070E00F70713
:1074A0005701F70729059C4A08209C4933F07DF9CC
:1074B00094F834301A2B01D0162B3CD13B7803F0D2
:1074C0001803102B37D1204628F0E2FA98B3204653
:1074D00028F02BF878B3D4F86031EBB9D4F8780100
:1074E000002369681A46D0F8AC0013F021F806466C
:1074F00020BB0EABAA8AE96801202DF084F9D0B137
:1075000094F90D0031F058F8082857D9844A834976
:10751000082033F04AF90EE0B3F84822B2F5806F44
:10752000DCD1D3F824120029D8D0686808302CF0B8
:107530006CFB0028D2D01FB0BDE8F08F0A212DF0DF
:10754000ECF8D4F8600101223178603026F00FFDAC
:10755000D4F86001317800236030524626F0DCFC1C
:10756000D4F8600131786030FDF7F8FC204623F054
:107570002FFE0028DFD10DABAA8AE9680E202DF07E
:1075800042F90028D7D00EABAA8AE96801202DF075
:107590003AF90028CFD09DF83410204623F002FE9F
:1075A0000028C8D0D4F8600190F84932042B37D1B4
:1075B00028F0BBFE1F2833D95A4AA8E720462DF0F1
:1075C00014F8002801DC584AA1E79DF838309807E4
:1075D00006D420462DF025F80F2801DD534A96E702
:1075E0009DF83830190706D420462DF00AF80928EE
:1075F00001DD4F4A8BE7D4F8603193F84932052B0F
:10760000B4D12046FFF76AFCD4F8603193F87632A3
:107610009842ABD3474A0820404933F0C6F88AE77E
:1076200010ABAA8AE96812202DF000F9002882D058
:1076300019ABAA8AE96803202DF04BF900283FF422
:107640007AAF6B680122802194F90D0004930A231C
:10765000DDF86880BDF866909DF834609DF838B01C
:1076600030F0ACFF054600283FF465AF31F00AF872
:1076700014A9074694F90D0025F0D9FF149B0222A6
:107680000521284631F012F82146384623F0FDFF47
:107690005A46214623F0ACFE21462DF004F8074659
:1076A00094F90D0031F03EF9014638462DF07EF98F
:1076B00021462CF0E3FF0346B8F1000F05D05FFA36
:1076C00089F241462DF032F90346514618462DF015
:1076D0008CF9D4F8603106F0C00693F873122DF0DF
:1076E0008DF90146284630F0DFFF4FF00613802E5B
:1076F000049916934FF0010328468DF85C3014BFAF
:107700000A2305238DF85D3030F0FBFF16A92846CB
:1077100031F0BFF82846C1E12A2505083C240508B8
:10772000422505084126050877250508A8250508EE
:10773000DB2505080E260508686817F0B1FE8D4A9E
:1077400003468D49082033F030F894F834301A2B72
:1077500002D0162B7FF4EFAE204628F099F90028CE
:107760003FF4E9AE204627F0E0FE00283FF4E3AE08
:10777000D4F8603123B3B3F84822B2F5806F1FD13B
:10778000D3F82412E1B1686808302CF03EFAB8B1A1
:10779000D4F87801002369681A46D0F8AC0012F0DA
:1077A000C7FE014628B1D4F87831D3F8AC0030F0E8
:1077B000A0FB0022082194F90D00F4F7DFFEBAE6E1
:1077C0003B7803F01803102B7FF4B5AEA98AE86864
:1077D0002DF043F9064600283FF4ADAE07F1080846
:1077E00094F90D90404633F00CF80146484625F0D8
:1077F000F9FE304630F0AEFF6A682046137A83F017
:10780000020313726968083123F07EFC6A68064639
:10781000137A83F00203137200283FF48CAE00F158
:107820003803AA8AE96802202DF014F820B93146FD
:10783000204623F08FFC7EE606F11103AA8AE96850
:1078400001202CF0E0FF0028F1D006F13C03AA8AC9
:10785000E96812202CF0EAFF0028E8D006F1300396
:10786000AA8AE96805202CF0F5FF0028DFD016ABC6
:10787000AA8AE9680D202DF02CF80028D7D006F14F
:107880003403AA8AE96808202CF0E4FF08B9336BB6
:10789000736317980023BDF85A10DAB28A424AD3AC
:1078A00019ABAA8AE96813202DF013F888B11A9B46
:1078B00093F900101A78002956DABDF866100929E4
:1078C00007D1120705D1D3F80120B260D3F8052003
:1078D000F260737C9B0703D4BDF86630002BA6D002
:1078E0003B7C4046337632F08CFF002200237061EF
:1078F00086F810A01620C6E908230023737606F147
:107900002003AA8AE9682CF0B9FF08B9012373762D
:1079100006F12803AA8AE96817202CF0AFFF18B9EE
:1079200000220023C6E90A23204622F04FFC00284B
:107930003FF401AE7BE7C25C0A2A07D196F83E20ED
:1079400042F0010286F83E200133A6E70C2A04D15A
:1079500096F83E2042F00202F4E7092AF4D196F8A4
:107960003E2042F00402EDE7D3F80920B260D3F8DC
:107970000D20ADE7652605083C2405080820BE4A11
:10798000BE4932F012FF204623F004FC00283FF4E9
:10799000D2AD19ABAA8AE96803202CF09AFF00281F
:1079A0003FF4C9AD0EABAA8AE96812202CF03EFF65
:1079B00000283FF4C0AD16ABAA8AE9680D202CF070
:1079C00088FF804600286CD10DABAA8AE9682CF0AC
:1079D0002DFF00283FF4AFADBDF8343023F47C43D5
:1079E000002B3FF4A8AD059B002B3FF4A4AD12A9DA
:1079F000204623F011FF00283FF49DAD01234246AD
:107A0000402194F90D00DDF868909DF866A030F0F3
:107A1000D5FD074600283FF48EAD6B681B78FF2B21
:107A200008BF0A268DF8556030F02CFECDF8508046
:107A30008DF85480D4F8603193F873122CF0DEFF87
:107A400021462CF030FE064694F90D0030F06AFF16
:107A5000014630462CF0AAFF524649462CF066FFFC
:107A6000214623F012FE21462CF008FE014638463E
:107A700030F01AFE6968384630F043FE14A93846E3
:107A800030F007FF10A994F90D0025F0D0FD109BF0
:107A900002220521384630F009FE384613F0EEFB8D
:107AA00049E50023D4F8780169681A46D0F8AC009B
:107AB00012F03EFD0DAB0646AA8AE96800202CF0C4
:107AC000B5FE8046002840F08880002E00F08580BA
:107AD000337D180740F18180D4F87831314632691E
:107AE000D3F8AC0030F00EFAD4F8600143465246A9
:107AF0003178603026F010FAD4F8600131786030C7
:107B0000FDF72CFA738994F90D0006931A9BDDF8A2
:107B10005C9007939DF866309DF85AB0089324F066
:107B2000E3FD002859D0CB444B469B4501D17F2132
:107B30000AE013F8012B0C2AF7D10121204623F08B
:107B400005FD00F1810189B20123002294F90D00A5
:107B500030F034FD804600283FD030F093FD2146C0
:107B600023F093FDD4F8603193F873122CF046FFA4
:107B700021462CF098FD099094F90D0030F0D2FECA
:107B8000014609982CF012FFDDE907122CF0CEFE19
:107B900021462CF073FDCB4557D1002301464046CA
:107BA00014934FF42063ADF8543030F07DFD6968D4
:107BB000404630F0A6FD14A9404630F06AFE10A9F8
:107BC00094F90D0025F033FD109B0222052140465B
:107BD00030F06CFD404613F051FB059B002B3FF449
:107BE000AAAC12A9204623F017FE00283FF4A3AC4C
:107BF000002E45D1AB68BDF834101B78FF2B40F048
:107C0000A0802046F5F76AFB00283FF494AC6A6830
:107C10002046BDF83410F5F78FFB00283FF48BACFD
:107C20000223BDF8342029462046CDF808A022F4CE
:107C30007C42002A049A18BF0123CDE900329DF846
:107C400066301A9AFFF704F875E419F8013B0C2B1B
:107C500005D101460122204623F080FC9BE7092B39
:107C600004D10146204623F0ACFB94E70A2B92D1C5
:107C700006992CF073FE8EE7872605083C2405083C
:107C80007389C3F3090262B1D4F8602103F47C4321
:107C9000B2F864229A4204D1314694F90D0027F0DB
:107CA00059FBBDF83430738123F47C4333B9D4F8E5
:107CB000600101223178603026F050F9337D1907D8
:107CC0003DD514ABAA8AE96813202CF002FE58B106
:107CD000337D9A0708D4721C7389BDF85210009244
:107CE0002246159827F049FCD4F87831314632699C
:107CF000D3F8AC0030F006F9D4F860010023524606
:107D00003178603026F008F9D4F8600131786030BD
:107D1000FDF724F93B7C304600932346AA8AE968A4
:107D20002CF0CFFC58B9732310AA03218DF84030F2
:107D300033788DF84130D4F87401036998470123F2
:107D40006FE72046F5F7CAFA67E78C4A08208C49A6
:107D500032F02BFDA98AE8682CF07FFE0646002849
:107D60003FF4E9AB30F0CBFC0378FF2B02D0304678
:107D700030F0F0FC16ABAA8AE96803202CF0A9FDCC
:107D800028B96968204623F0EEFCFFF7D4BB0DABA1
:107D9000AA8AE96812202CF049FD0028F1D014AB22
:107DA000AA8AE9680D202CF094FD0028E9D00DF195
:107DB0002F03AA8AE96810202CF025FD0028E0D0C6
:107DC00010ABAA8AE96805202CF044FD0028D8D021
:107DD0000EABAA8AE96800202CF028FD0028D0D03C
:107DE000BDF838102046F5F779FAD4F878610246E4
:107DF0000CABD6F8AC00696812F09AFB0646002876
:107E0000BFD0D4F8600152469DF8303031786030F0
:107E100026F082F8D4F8600131786030FDF79EF8E2
:107E20003B7803F01803102B09D194F90D8007F16A
:107E3000080032F0E6FC0146404625F0D3FBBDF8D1
:107E40003830002219A9204673810192109A0092BD
:107E5000721C21F02AFA9DF83030327821460093C6
:107E600019A83B7C21F044FA9DF83030A3BB32695D
:107E7000D4F878313146D3F8AC0030F043F8BDF88F
:107E8000383023F47C431BB9337D43F0080333754A
:107E9000D4F8600101223178603026F05FF89DF857
:107EA0002F30524671892046012628F044F820469A
:107EB000F1F740F8049B294620460193179A9DF854
:107EC0005A30CDF808A00096FEF7C2FE3146686829
:107ED00011F0D6FBFFF72FBB6422C9E7294A08201F
:107EE0002749002732F061FC002200230C978DF80F
:107EF0005070ADF8527015978DF85870ADF85A70F3
:107F000017978DF86470ADF866701A976968CDE9B7
:107F10000E23CDE91023D4F878013B463A46D0F839
:107F2000AC0012F005FB0DF12F038146AA8AE96827
:107F300011202CF068FC064678B19DF82F30012BFB
:107F40007FF4F9AA4946204621F0A0FE00283FF41C
:107F5000F2AAD4F87831494627E416ABAA8AE96830
:107F600003202CF0B6FCB9F1000F0DD116AA6968F8
:107F7000204624F0D9F8FFF7DEBA00BFA026050896
:107F80003C240508BD2605080DF12E03AA8AE968E0
:107F900001202CF038FC074600283FF4CCAAD4F886
:107FA00060013346524699F80010603025F0B4FF66
:107FB000D4F8600199F800106030FCF7CFFF9DF80D
:107FC0002E1048462CF0A9FBD4F860019DF82E2015
:107FD00099F80010603025F0CAFFFF23AA8A132009
:107FE000E9688DF8503014AB2CF073FC0EABAA8A04
:107FF0001620E9682CF042FC10ABAA8A1720E96829
:108000002CF03CFC19ABAA8A0D20E9682CF061FC2D
:108010009DF85030132B0ED199F814309B070AD4D9
:1080200009F10102B9F80A30BDF852100092224657
:10803000159827F0A2FA0CABAA8AE96802202CF066
:1080400009FCD4F878210346D2F8AC00002B00F0EC
:10805000BF800C9A49462FF055FF6B689DF82E8023
:108060000693B9F80A30DDF8449007930C9B04930B
:10807000109B0593D4F86031DDE90EBA002B3FF474
:108080005AAA94F90D0024F02FFB089000283FF421
:1080900052AA204623F0CFFA5BEA0A0200F14A0511
:1080A000ADB207D0089BD3E916239A4508BF934584
:1080B00000F091802046BA46F6F79AFC284485B233
:1080C00094F90D0024F068FB059B53EA090307D0DF
:1080D00050EA01030AD0059B894508BF834205D0B9
:1080E00020463E46F6F7BCFC284485B2BDF8661033
:1080F00061B105221A982CF0D2FC4346BDF86620E7
:1081000020461A9927F0ECF9284485B2BDF8523080
:10811000002294F90D00E9180E2389B230F04EFACE
:10812000074600283FF407AA0DA994F90D0025F091
:108130007EFA0D9B02220521384630F0B7FA384608
:1081400030F0A0FA41462CF015FCBDF8523083B156
:108150000346132203F8022BBDF852204270184642
:10816000BDF85220159934F020FE0346BDF85200A8
:10817000184421462CF082FA214623F086FA049B0B
:1081800005461BB119462CF0FDFB0546BDF85A20EB
:108190008AB1D2B2179928462CF0C8FB21462CF0A0
:1081A00082FA054694F90D0030F0BCFB01462846E2
:1081B0002CF0FCFB0546BDF86630002B4AD1294661
:1081C000384630F071FA0699384630F09AFA64E48D
:1081D000D9F810203EE74FF0000A71E71FFA89F244
:1081E0002946434609F10109825C204627F034FA0A
:1081F0000546BDF866101FFA89F31A988B42EDD335
:108200000A222CF041FC20B1284607992CF0A6FB4D
:1082100005460C22BDF866101A982CF035FC002893
:10822000CDD029462046F6F7C5FB0146204623F06F
:108230000CFA0546BAF1000F04D001462046F6F7C5
:10824000E9FB0546002EBAD029462046F6F71EFC6B
:108250000546B4E74FF00009CBE78A4AFFF757B964
:10826000894AFFF754B9894A0820894932F09DFAB2
:10827000D4F8780100236968D0F8AC001A4612F0EF
:1082800057F9804600283FF456A919ABAA8AE96835
:108290000D202CF01EFB074600283FF44CA9404659
:1082A0002CF047FA0646D4F8600198F800106030C8
:1082B00025F040FE002840F0C680D4F8600198F810
:1082C0000010603025F03CFE002840F0BC8046F0F5
:1082D0000506D4F860015246002398F8001060307B
:1082E000F6B225F019FED4F8600198F8001060305D
:1082F000FCF734FE00220023D5F80480D5F80CA04A
:10830000AD8ACDE91423CDE9162394F90D0024F0AC
:10831000EBF9814600283FF40EA92A46514614ABDA
:1083200016202CF0ABFA2A46514616AB834617208E
:108330002CF0A4FA8246204623F07DF900F158057E
:10834000ADB2BBF1000F07D0D9E91602DDE9141375
:108350009A4208BF88427FD02046B946F6F748FBCC
:10836000284485B294F90D0024F016FABAF1000FF2
:1083700008D050EA010372D0DDE91623994208BF04
:1083800090426CD02046F6F76BFB284485B20B2256
:10839000BDF866101A982CF082FB3346BDF86620B3
:1083A00020461A9927F09CF8054441462046ADB274
:1083B00024F05AFF08234119002294F90D0089B2D4
:1083C00030F0FCF8054600283FF4B5A830F05AF923
:1083D000214623F05AF94FF0000A0146BDF86630F5
:1083E0009A453ED32046F6F7E5FA0146204623F0AB
:1083F0002CF921462CF042F90146B9F1000F03D0C7
:108400002046F6F707FB01461FB12046F6F73EFB74
:1084100001460A462046414624F037FF01462846D9
:1084200030F042F94146284630F06BF910A994F932
:108430000D0025F0FCF8109B02220521284630F0A3
:1084400035F9FFF767B9D4F8600198F8001060308B
:1084500025F09DFD06433CE74FF0000982E7002729
:1084600095E71A9A3346204612F80A200AF1010AC3
:1084700027F0F2F80146B1E73346064A04490420E2
:10848000FFF7CBB8DE260508F12605080C270508FE
:108490003C2405082527050870B5D0F8601186B082
:1084A000044691F84932052B43D191F8FC31DB07A2
:1084B00039D4D4F86031D3F82032002B3CD1204697
:1084C00027F0E6FA68B3D4F8600127F02EFFD4F85D
:1084D0006031C5B293F80D22AA422AD205A91846E6
:1084E00027F008FFC6B2062E23D9059B0BB3D4F89C
:1084F0006031D3F8B031E3B92046FEF7EFFCD4F891
:108500006021034692F80D126A1A02EB4202904271
:108510000FDC0E4A08200095CDE901610C4932F0CC
:1085200044F9012006E001F5F0712BF00BFA002868
:10853000BFD0002006B070BD204627F0A9FA002861
:10854000F7D194F90D0021F045FDF2E74427050825
:108550003C24050837B5044627F09AFA18B90025D7
:10856000284603B030BD204626F0DFFF0028F6D0B5
:10857000D4F8601121B1B1F84832B3F5A06FEED054
:1085800091F8FC31DB0715D4D4F8600190F8515014
:10859000002DE4D027F0C9FED4F8603193F80C2206
:1085A000C3B29A42DBD900920820064A064932F04B
:1085B000FCF8D5E701F5F07120462BF0C3F900284F
:1085C000CDD1E1E7982705083C240508F8B58F0AC6
:1085D000064600681546394627F07EFB044658BB20
:1085E000102017F0D7F8044620B3037867F305038B
:1085F0000370E800236860F39523236022F0DDFC1C
:10860000238800F00300082123F47073224643EA14
:10861000801330462380637923F03003637132F096
:1086200029FA1C4906F158002FF0A2F8A3886FF32D
:108630000B03A3802046F8BD0668C6F38B231D44B8
:10864000A5EBD305C5F30B0565F395260660C6F3C8
:108650008116284622F0B1FC86420ED2032E16BFA8
:108660000D4B4FF0FF339B5D08339D4298BF304662
:10867000237860F387132370D8E708D9731E074A5D
:10868000DBB2D35C083B9D4228BF3046F0E7304662
:10869000EEE700BFE40C0220805B0508805B050864
:1086A00070B5002506462C4629460135304627F090
:1086B00065FB402D44EA0004E4B2F5D134B106F183
:1086C00058000349BDE870402FF052B870BD00BF9C
:1086D000E40C022070B504460E46856805B970BDED
:1086E0002B7803F03F039E4201D06D68F6E704212A
:1086F0002A4604F1080016F0DFFF284617F05AF862
:108700003146204627F03AFB0028E8D004F1580013
:108710000249BDE870402FF02BB800BFE40C0220E6
:1087200038B50C460546097A04F109002BF0B5F876
:1087300030B3237A022B24D1237F022B21D1B4F82A
:108740001F30B4F80B405BBA104A64BA9BB2A4B2B3
:1087500004EA0201994214D013409C4211D02846E9
:1087600027F0D8FB78B124F47C434BB9D5F86031BD
:1087700003EB94231B7CB3EB942F14BF0120002048
:1087800038BD0020FCE70120FAE700BF00FCFFFF36
:108790002DE9F047D0F8605107460C46914628462F
:1087A00027F0ADFB00285AD085F852400024012361
:1087B00005F10F0A264685F851302146484632F029
:1087C0007BF81AF8013F804620B3FF2B10D12146D9
:1087D000286827F08AFA0346A8B9FE2221462846CF
:1087E00027F02DFA23461F4A1F49082031F0DDFFEC
:1087F0000134402CE1D196B305F158001B49BDE886
:10880000F0472EF0B5BFE2B221462846464627F093
:1088100016FAE7E7FF2BEBD04FEA8428FE2B18BFB0
:1088200046F00106214603461FFA88F82846FF2233
:10883000F6B227F004FA23460D4A08200A4931F01F
:10884000B4FF012241463846FCF764FB41463846F6
:1088500027F093FB21462846FFF73CFFC8E7BDE819
:10886000F08700BFCC270508E0270508E40C0220AC
:10887000E52705082DE9F04F97B0884615461C46B8
:1088800006AE0590002720F02CFAB246C0F38F29DF
:108890003946284632F010F860B1B94506F1010BAF
:1088A0004FF001001ED1F5F7ADFE40F05000C0B210
:1088B00030705E460137402FEAD10023A102042226
:1088C000059801F47C410095CDE901A3434627F0CA
:1088D0006CFB70B1084A0420084917B0BDE8F04F9E
:1088E00031F063BFBC42E3D0F5F78CFEC0F10F005E
:1088F000DDE717B0BDE8F08FFC270508E027050885
:1089000010B5044627F0CFFC0023FF2104F110002E
:10891000402284F851307823A4F8563034F06CFAB1
:1089200004F158000249BDE810402EF00CBF00BF12
:10893000E40C022010B50649044658302EF018FF0A
:10894000012384F850300023A4F8543010BD00BF38
:10895000E40C0220F8B5044690F850000D46F8B13A
:10896000216840F6FF7799B18B888E68C3F30B02BC
:10897000BA420BD0EA18C2F30B0262F30B03B2F552
:108980007A7F8B8002D9204627F01AFA3146EAE72F
:108990002A4604F158000349BDE8F8402EF0FEBE17
:1089A000F8BD00BFE40C022038B504460D4658302F
:1089B00008492EF0ECFE58B1B4F85C20B4F85E30F3
:1089C0009A4205D9D21AAA42BCBF5B19A4F85C30FE
:1089D00038BD00BFE40C0220F7B590F850300446D3
:1089E000C3B1362916D9502906D91949583003B0D0
:1089F000BDE8F0402EF0BCBEB0F85E50B0F85C3080
:108A000005F1640292B2954206D89A4204D29B1AAA
:108A1000A0F85E3003B0F0BD9D42FBD90C4B1B8823
:108A20005B0811D001334FF0FF36B6FBF3F606FBBF
:108A300003F704210DEB0100E8F79CFF019B9F4227
:108A4000F7D9B3FBF6F39BB21D44A4F85C50E1E701
:108A5000E40C0220024BC0F86C310120F0F7B6BBE9
:108A60005C0A0220F0B5002385B040220D46064680
:108A700008F054FC0146A8B90123022740222946E8
:108A80003046CDE901374FF0FF33009304F03CF856
:108A9000044668B90E4A38460E4931F086FE204633
:108AA00005B0F0BD30462AF04DFF04460028E3D063
:108AB0004FF0FF33294640223046009329F002FE52
:108AC000242302224021284608F0BCFAE7E700BF31
:108AD0002C2805083E280508F8B5144B054693F9DF
:108AE00000000BF057FF044610B900273846F8BDC8
:108AF000D0F82C311B78002BF7D1866B002EF4D0E8
:108B0000D4F82C11402230463746063131F0F2FEBF
:108B100050B1002DEAD0D4F82C21D2F806302B60C9
:108B2000D2F80A306B60E1E7F66AE7E7300D022021
:108B30002DE9F043002389B006462D4800930F46E7
:108B4000039303AA8DF80B3004A90DF10B0390F9E0
:108B5000000016F04BF848B99DF80B3004AA3946CE
:108B60000093039B96F90D002BF01DFCDFF8848029
:108B700004250024C146D9F8100010B131F05AFA8A
:108B80000444013D09F11409F5D17CB3204616F0E7
:108B900009FE054638B9184A0420184931F005FE87
:108BA00009B0BDE8F083E4B24FF00409D8F8102012
:108BB00012B1414631F044FAB9F1010908F1140843
:108BC000F4D139460E4B4FF4815296F90D002BF03B
:108BD0003EFC00942B464FF48152394696F90D0025
:108BE0002BF00BFC284616F0E5FDD9E72546E8E713
:108BF000300D022068640220432805083E2805083D
:108C0000058C010830B587B015460023002204A862
:108C10000C46CDE9042312F0E9FF85B1DDE9043209
:108C2000134304D031F030FA2B8818442880174BB6
:108C30001B6823B131F044FA2B88184428800CB308
:108C4000DDE9042152EA01030BD0114B2046D21872
:108C50004FF0000341F10001CDE9042131F016FA93
:108C600004460A4B1B686BB19A8920460292B3F9FD
:108C70000A200192B3F908200092D3E9002331F0D1
:108C800021FA0446204607B030BD00BFB864022078
:108C9000807EAA83064B10B50446186838B12CF0C4
:108CA000C1F901462046BDE8104027F079BB10BD50
:108CB0001864022008B508460BF06CFE38B9022093
:108CC000044A054931F071FD4FF0FF3008BD002026
:108CD000FCE700BF760705083E2805087FB50B4E68
:108CE000044600256B46306871682A4603C3314646
:108CF00094F90D00CDE902552BF01AFB6A4629467E
:108D000094F90D002BF03BFC04B070BD9894022048
:108D10001FB50C460BF03EFEB0B10C4B246893F926
:108D200000000BF037FE70B190F8F8305B060AD502
:108D3000074B002102930123CDE900411A4604F0BC
:108D4000D9F80BF0A7FE012004B010BD300D0220B1
:108D5000805C050810B5294A86B0294904460820D8
:108D600031F023FD08222749274834F054F838B160
:108D70002549204627F005FB0023234A1360536052
:108D800008222049214834F046F8B8B114B12046F1
:108D9000FFF7A4FF1E4B93F90020002A0ADB0023F3
:108DA00015211A4800914021CDE90333CDE9013363
:108DB00030F0AEFA154B00221A605A6008221149B1
:108DC000144834F028F840B11249204627F0D9FA67
:108DD000102200210F4834F00FF80F4C08200849EA
:108DE0000E4A31F0E2FC216829B10D4B18682CF0D5
:108DF000EDF80023236006B010BD00BF5828050819
:108E00003E280508805C0508A8940220989402205A
:108E1000300D0220B0940220186402206928050851
:108E20001C640220F8B5089C0746BDF818C0BDF8C0
:108E30001C00002944D0002A46D0002C46D043F61E
:108E40009825AC4246D947F23055AC4244D94EF64B
:108E50006025F026AC4228BF2C46B4FBF6F4E5B200
:108E60001F4C94F801E08E4517D194F802E0964526
:108E700013D194F803E09E450FD1B4F806E0E6451F
:108E80000BD1B4F808E0864507D194F804E0AE456C
:108E900003D1B4F80CE0B64520D0E370114B20812B
:108EA00018686170A270A4F806C02571A681A8B1E7
:108EB0000B492CF0CAF83846BDE8F840FFF7EABE87
:108EC0000B4602220F21B8E71346FAE73C264FF47F
:108ED000E154C2E73C26C0E77826BEE7F8BD00BFF4
:108EE000740A0220186402200A4620B1024990F94F
:108EF0000D0009F085BF70479894022010B5044614
:108F000018B3124BD0F864211B8813F010031FBF55
:108F1000D2F8783503215B8EB3FBF1F30C490B607B
:108F2000B2F880350133A2F8803527F027FED4F857
:108F300064112046D1F87835B1F880250133B1F8B5
:108F4000DC14BDE8104029F03FB910BD3C8E022072
:108F5000C06402202DE9F04FD0F8643191B004468E
:108F600088461BB390F82C30032B1FD1D0F8683102
:108F7000E3B1514A514E13688B421AD95B1A136000
:108F800033689BB14E4A13682BB1434540F2A3822C
:108F9000A3EB08031360D4F86421B2F8A634434568
:108FA00040F29F82A3EB0803A2F8A63411B0BDE8FB
:108FB000F08F3C2308AF0AAD31681360002308939B
:108FC0007B600A936B60002967D110223D493E48BF
:108FD00033F021FFA8B9FFF77FFD002832D03A4BCC
:108FE00000F1100250F8041B904243F8041BF9D121
:108FF000354816F055FA354A03463549082031F010
:10900000D4FB33490820334A31F0CFFBDFF8C89056
:109010000DF01AFE316829B1D9F800002BF0D6FF07
:10902000002333602D4B88222D4901921A8900922A
:10903000254A0978D9F800000CF0B2F8306010BB6E
:10904000284A05E028492046FFF70CFD60B9274A69
:109050001F49022031F0A9FB3368F3B9244A1C49A7
:10906000022031F0A2FB8BE7174B00F1100250F801
:10907000041B904243F8041BF9D1134816F010FA70
:109080001C4A0346B9E700214FF480300BF0D2FFB1
:10909000F021204627F084F9DEE70B480BF0FEFDB7
:1090A000814658B3144A0420094931F07EFB20461A
:1090B000FFF750FE64E700BF840A02201864022014
:1090C000C0640220805C0508B0940220772805085F
:1090D0003E280508BB2805081C640220740A0220EB
:1090E000310D0220CA280508280D02208D28050808
:1090F000E0280508A3280508F4280508964B0A90DF
:1091000068601868DFF854A29B8808903846BB80D6
:10911000ADF82690FFF7E0FC0CAA49469AF900004A
:1091200015F0B8FDA0B99AF900000BF033FC0CA9BA
:109130002AF008FC60B1836953B1082239460CA8B3
:1091400033F069FE20B10CAB93E8030085E803001F
:10915000DFF80C92B9F800301A0708D50023814ACD
:109160001946CDE900231A4630682BF032FFB9F8D2
:109170000030DB0700F19B8008227B49284633F052
:109180004AFE002840F0E380DFF8E0B1DBF8003071
:109190003C33CBF80030FFF79FFC0028DBF80020C1
:1091A00014BF28234FF496739A4213D308226E49B2
:1091B0006F4833F030FE48B94021384616F098F930
:1091C0006C4A03466C49082031F0EFFA97E8030037
:1091D00085E8030008222946654833F01CFE07464F
:1091E00008226149624833F016FE002F00F04D81DD
:1091F000A8B34FF0000B40215D48012716F078F925
:109200005E4A03465C49082031F0CFFA5B46584974
:109210004022CDF800B0CDE901B730682BF0F2FE66
:10922000B9F80030990707D55B4640225049CDE98F
:1092300000B730682BF0CDFE9AF90020002A0BDB36
:10924000782100234A48CDE903131521CDE90133E4
:109250000091402130F05CF82046FFF73FFD0822E6
:109260004149284633F0D7FD002800F0D88040213E
:10927000284616F03DF9424A03463F49082031F09E
:1092800094FA9AF90020002AC0F282804FF0FF3150
:1092900000232846CDE903131521CDE901330091C0
:1092A000402130F035F8002872D1364AD7E608223E
:1092B0003946354833F0AFFD002848D008222A4906
:1092C000314833F0A8FDA8B12F49204627F059F8BE
:1092D0004FF0000B01232C49CDF800B0CDE901B3CC
:1092E000402330681A462BF08DFE274BC3F800B0A0
:1092F000C3F804B008221C49384633F08CFD08B38B
:1093000039462046FFF7AEFB00283FF439AE402136
:10931000384616F0EDF81D4A03461749082031F08B
:1093200044FA104B4FF0000C39460093CDE9013C54
:10933000402330681A462BF065FE3B46124A03CBA9
:1093400010605160B9F80030D8077FF515AF074BB2
:1093500000221A603EE700BFD6DA0408300D022072
:109360003C8E022080510100805C0508BC64022014
:10937000989402202A2905083E280508472905084F
:109380006729050885290508A89402200D290508E4
:10939000D4F86431564AD3F8783510681B6C51689C
:1093A00004F5907207930CABB9F8007003C3D4F8BE
:1093B000200117F02007D4F824110EBFBB464D4FF3
:1093C0004FF0400B03C39DF83830294694F90D0047
:1093D00083F002038DF83830062309F05BFC8246E7
:1093E00058B3454A0220454931F0DFF94FF00009F2
:1093F0005B46402200972946CDE9017930682BF081
:1094000001FE3F4B1B889A0709D53A4B4022CDF805
:109410000490294600934B4630682BF0DAFD394B17
:1094200003CD186020465960FFF734FC364A3749AF
:1094300094F90D0012F00AFAA2E5294694F90D00FC
:10944000334B344A2AF0A6FFB9F800205346294688
:10945000C2F3801294F90D0009F084FC079A2946A2
:1094600094F90D0009F0CCFC4FF6FD72294694F9F1
:109470000D0009F0A7FC29462046FFF759FB0CAA6E
:109480002946204601F0E2F9B0E700283FF478AD24
:10949000B9F8002000251B4912F0200216BF154A1A
:1094A000134640230092CDE90125402230682BF07D
:1094B000A9FDB9F800309B0708D50E4B4022019555
:1094C00000932B460F4930682BF083FD0D49204651
:1094D000FFF72EFB54E5002320461360FFF70EFD37
:1094E00059E5204611B0BDE8F04FFFF7D3BB00BFF0
:1094F0003F5D0508805101009D2905083E280508AB
:109500003C8E022098940220B58C01086103040867
:10951000118D01085F03040830B5002585B0ADF852
:109520000E5000B3D0F86841FCB1114B18884FF6CB
:10953000FF73984217D108220E490F4833F06BFC95
:109540000DF10E030D4A00930D490B4B0978A8420B
:1095500008BF13462A4620462BF048FEBDF80E00F1
:1095600008B1013880B205B030BD2046FBE700BF2E
:10957000EA0C0220805C050898940220A89402203E
:10958000310D022010B58EB004463422002101A80E
:1095900033F032FC0B4B01A92046019326F04CFF1F
:1095A0009DF8083001222046062123F007038DF89C
:1095B000083029F012F801A9204628F0CFFA0EB0A1
:1095C00010BD00BF0101110010B58EB00446342259
:1095D000002101A833F010FC0B4B01A92046019398
:1095E00026F02AFF9DF8083001222046082123F0AA
:1095F00007038DF8083028F0F0FF01A9204628F075
:10960000ADFA0EB010BD00BF0301110010B58EB051
:1096100004463422002101A833F0EEFB264B0193CF
:10962000D4F864315BB193F82620012A81BF9DF8FC
:10963000062093F83E3563F3C7128DF8062001A982
:10964000204626F0F9FE20461FF05FFB9DF808300B
:1096500060F3020320468DF808301FF060FB9DF890
:10966000083060F3C4038DF8083094F82C30032BD5
:109670001CD1D4F8642192F8E43403F003010129E9
:1096800014D192F8E51401318DF80910022161F32B
:10969000010382F8E43401222046092128F09DFFCD
:1096A00001A9204628F05AFA0EB010BD20461FF03E
:1096B00028FB8DF80900EEE7020367002DE9F04F63
:1096C0001E46002389B0174653600446D0F878310F
:1096D00003220291D3F8AC002EF030FC054638602E
:1096E00070B1D4F86401297800F5BB6028F018FC4B
:1096F000061E786018BF0126304609B0BDE8F08F1D
:109700000EB90026F8E7D4F87831D3F8AC3093F8E6
:10971000148093F81690404627F099FCA8EB0008B7
:10972000C14519DC0299204626F05CFF386000280C
:10973000E7D0D4F86431017803F5BB6028F0F0FB82
:109740007860002840F09F80D4F878313968D3F8E9
:10975000AC002EF0CEFBD4E7D4F87831D3F8AC309F
:109760009A7D1B7D9A424B4A14BFD4F864314FF066
:10977000010A106818BFD3F87835516818BFB3F8DC
:1097800034A004AB03C3D4F874012AF01EFFD4F84C
:1097900078318046D3F8AC30D3F800B0BBF1000F7D
:1097A0005CD0D4F86401DBF818309BF8001000F5A9
:1097B000BB60019328F0B4FB9BF81420814602F0B3
:1097C000C001C02901D0910604D5AB465D46DDF845
:1097D00004B0E3E725B1E868DBF80C108842F4D365
:1097E000DBF810100639EA29EFD9D3061AD4D9F8D4
:1097F0001020294BA8EB0209B9FBF3F9D145E4D3BA
:10980000002DE3D0D4F86401297800F5BB6028F07E
:1098100087FB0269204BA8EB0202B2FBF3F29145F1
:10982000D3D9D3E70BF1010104F1A00003912FF08C
:1098300010FC0028C9D1039906AADBF80100496889
:1098400003C29DF8182004A9204682F002028DF878
:1098500018202BF051FB0028C9D0B6E7002D3FF4AB
:1098600061AF0821681C15F06FFE0C4A03460C49D5
:10987000082030F09AFFD4F878312946D3F8AC00AC
:109880002EF037FB4EE701220F21204628F0A5FEDF
:1098900032E700BF3F5D050840420F00D7290508A9
:1098A000D229050837B5D0F8783103220D46D3F810
:1098B000AC002EF043FB044690B1026940F69803D9
:1098C0009A420DD00821C0E90333284615F03CFE2A
:1098D00022780346034900920820034A30F065FFCE
:1098E00003B030BDD2290508F3290508B1F5247F5E
:1098F0002DE9F04F06468BB017D2C9B101EB8101BB
:1099000001EB81018D00ADB2D6F864314FF0000A51
:10991000D3F81845002C00F09280A388D4F8089062
:10992000AB4207D95B1BA38027E04FF6FF75EBE73F
:109930000125E9E7A37994F8078013F004071ED006
:10994000B8F1000F58D003F00303012B0AD84FF4ED
:109950006171012026F02BFEA379A08023F004037F
:10996000A3710AE02146304626F044FDD6F878314E
:109970002168D3F8AC002EF0BCFA4C46CAE7D4F804
:1099800000B006A80BF1010101F032FE9BF8003097
:10999000B8F1000F07D02B4A08202B4930F005FF03
:1099A0003A4613461AE0294A0820274930F0FDFEBE
:1099B000304626F099FE02460028F2D0D6F8203133
:1099C00001218DF80E80CDF80F30D6F824318DF8B6
:1099D0001710CDF8133003ABADF80C1006A93046C4
:1099E000CDE900A3012303F08FF950B9A279E379FF
:1099F00060F38202A271B3B92146304626F0FAFC28
:109A0000BBE7C02280F87C200BF044F8A37941F238
:109A100089315A1C23F00703A18002F0030242F0AF
:109A2000040213439CE7A37903F00303012BE3D85B
:109A30004FF46171012026F0BAFDA0809DE70BB0C4
:109A4000BDE8F08F142A0508D2290508272A050841
:109A5000F0B54B680D4699B0044693F8573016465A
:109A6000990707D42D4A02202D4919B0BDE8F040CE
:109A700030F09BBE014601A801F066FE6F6897F8C2
:109A800057305A0730D5022E03D001A9204626F0C0
:109A90001FFF3B7DC3F302025B078DF805200CD14D
:109AA000D4F86431FA8AA3F89425D4F864316A684A
:109AB000D3F87835D28AA3F8542069684B8BADF877
:109AC00006304B7D8DF810300B6A0393D4F8643167
:109AD000D3F87835B3F854308DF8123091F8573008
:109AE00043F0080381F85730D4F8643101A9D3F862
:109AF000E4052EF011F8331ED4F8640118BF0123D9
:109B0000D0F8E405D5E90012143201312DF0DBFF65
:109B100001A9204626F0FCFD19B0F0BD3C2A05083D
:109B2000D2290508F0B5D0F8643187B00546134F47
:109B3000D3F89444DCB10821A01CA66E15F004FDF6
:109B4000216C03463A680820521A0D490592E27AC0
:109B5000049294F90C200392228A0292628A019262
:109B6000228834460092074A30F01FFEE2E7D5F81B
:109B70006431D3F8940407B0F0BD00BF64660220DE
:109B8000D2290508612A0508F0B593B004460021E2
:109B9000142208A833F030F9D4F8643193F8891509
:109BA000FF2904D193F8880528F09EFC014600297E
:109BB00000F09F8008AAD4F8740126F06AFC0028FF
:109BC00040F097800A9EBDF82C209DF82E309DF81D
:109BD0002F50DDE908708DF82F5008AD0A960DAEB4
:109BE000ADF82C208DF82E30CDE908700FCD0FC6C2
:109BF0002B68F622D4F874010A21336001238DF812
:109C000014200DF10D028DF80D300225069205AAE3
:109C10008DF81C3003699847FB23D4F8740105AA1A
:109C20008DF814300DAB0A21069314238DF81C30E7
:109C3000036998479DF842304FF47A71D4F8740163
:109C4000002B0F9B8DF81C500CBF04220122B3FB8C
:109C5000F1F303EB83030A21B3FBF2F303F548733B
:109C600005AAADF80E3040238DF814300DF10E0327
:109C70000693036998474FF4FA63D4F8740105AA70
:109C8000ADF81230FA230A218DF810508DF81430F7
:109C900004AB069304238DF81C3003699847D4F86D
:109CA000643194F90D0093F88F1593F88635AB4223
:109CB00017BF6FF063036FF04F0300936FF03B0328
:109CC00008BF00931A461FF062FBD4F8643193F882
:109CD0008925FF2A04D193F8880528F005FC02465F
:109CE000D4F87401C36822BB11469847002013B012
:109CF000F0BD00230C93D4F8643193F8880502F08A
:109D000033FAD4F86431064693F8880528F05AFCF3
:109D1000D4F86431084A0546D3F89C7593F88E054B
:109D2000574302F017FAD4F8643193F88F250423CF
:109D300051E70249D9E700BFA08601009304040857
:109D400070B598B00446014601A801F0FDFC01A9D8
:109D5000204626F0DDFCD4F864312549D3F8E4052B
:109D60002DF0C4FED4F86411204601F2845128F08D
:109D70006CF8012252212046EFF760F994F8303058
:109D80000621204623F0400384F830301FF091F97B
:109D9000012120461EF0BFFFD4F8643100210DF1EF
:109DA0000700D3F87825B3F8DC64B2F852502122CA
:109DB00033F022F8D4F87831DE86EBB2D4F878218B
:109DC00082F834308DF80630BDF80C30D4F87401C8
:109DD0006FEA5323ADF804606FEA4323ADF80C300B
:109DE00018B1036901AA0B21984718B070BD00BFD4
:109DF0003F05040838B50446D0F864010D4690F8D4
:109E0000DE349B070ED50A4600F1200110302DF0FC
:109E1000C5FC38B10820414A414930F0C6FC204613
:109E2000FFF7B0FBD4F8640190F8DE3419073ED593
:109E3000D0F8B8342A46AB428CBF5B1B0023C0F875
:109E4000B834D4F8640100F120012DF0A7FCA0B1D2
:109E5000D4F8643193F82830042B07D80820314A0D
:109E60002F4930F0A2FC2046FFF7AEFBD4F8642166
:109E700092F82830013382F82830D4F8640190F841
:109E80002830052B02D8D0F8B83483B9264A0820E8
:109E9000234930F08AFCD4F8640100F1200110302D
:109EA0002DF066FC2046BDE8384026F048BE90F80C
:109EB000DE345A070ED500F120012A4618302DF065
:109EC0006DFC38B10820194A154930F06EFC204667
:109ED00026F089FDD4F8642192F8DE34DB061BD528
:109EE000B2F8E0342BB1AB4294BF00235B1BA2F865
:109EF000E034D4F864012A4600F1200108302DF046
:109F00004DFC48B108200A4A054930F04EFC204675
:109F1000BDE83840FFF77ABB38BD00BFAA2A050864
:109F2000D2290508C92A0508E82A05080A2B0508C8
:109F3000212B0508F0B5044685B00D460C292CD818
:109F4000DFE811F00D002D0040005A0077008D0071
:109F5000B200C80004012B002B005A008D0090F8BD
:109F60003430062B09D01A2B07D07C4A7C490820B4
:109F700005B0BDE8F04030F018BC7A4A08207849B6
:109F800030F013FC784B214602930023CDE90033D7
:109F90001A46D4F868010BF055FB05B0F0BD90F8F7
:109FA00034301A2B0CD1714A08206D4930F0FDFB7A
:109FB000D4F86811204605B0BDE8F0402BF09DB8FC
:109FC0006B4AD3E790F83430062B01D01A2B11D10D
:109FD000012120462AF0A2FF60B1664A08206049AC
:109FE00030F0E3FB0221D4F8680105B0BDE8F04091
:109FF0002BF064B8604AB9E7604A0820584930F04D
:10A00000D4FB0B2D07D008205D4A554930F0CDFB1D
:10A010002046FFF7B7FAD4F8640190F8DE349C07C5
:10A02000BBD500F12001103005B0BDE8F0402DF0A7
:10A030009FBBD0F8643193F8DE3458070DD54849FA
:10A040000820504A30F0B1FB204626F0CCFCD4F872
:10A05000640100F120011830E6E74B4A86E7D0F8AA
:10A06000643193F8DE34190705D490F834301A2B94
:10A0700001D0464A7AE7464A0820394930F095FB34
:10A080000C2D07D00820434A354930F08EFB20467E
:10A09000FFF79AFAD4F8640190F8DE341A077FF5D6
:10A0A0007CAF00F12001BFE7D0F8643193F8DE34D3
:10A0B000DB060DD52A490820374A30F076FB2046CA
:10A0C000FFF7A4FAD4F8640100F120010830ABE7EF
:10A0D000324A4BE790F834305BB9314A08202049C6
:10A0E00030F063FB638E032B7FF657AF0323638649
:10A0F00053E72C4A3AE7E9B22DF047FF40B1421C42
:10A100000321204626F031FCB84218BF46F0010674
:10A110000135D4F87831D3F8AC00037DAB42EADCEA
:10A1200094F83430062B16D1AEB1002120462AF027
:10A13000F5FE80B11C4A0820094930F036FBD4F8FE
:10A14000680105B0BDE8F0402AF0E3BF00254FF6F6
:10A15000FF772E46DDE7154A08E700BF382B0508D4
:10A16000D2290508742B05085A5D05089D2B0508A2
:10A17000BE2B0508F22B05081B2C0508572C0508DB
:10A18000792C0508982C0508B22C0508DF2C050849
:10A19000142D0508362D0508552D05086F2D0508C9
:10A1A0009C2D0508BB2D0508ED2D05080A2E050878
:10A1B0002DE9F34190F8343004460E460027092B70
:10A1C00008D8092B08D8DFE803F01F07280707077E
:10A1D0002B0707251A2B26D0D4F86421B5B22046C8
:10A1E000D2F8AC3429460133C2F8AC3427F064FE0F
:10A1F000A14AD4F864311278002A40F0838083F8B1
:10A20000382502B0BDE8F08101220A21204628F05D
:10A21000E4F9E1E701220B21F8E701220C21F5E73F
:10A2200001220D21F2E701220E2128F0D6F9D4F8FF
:10A230006421002AD0D092F82630012BCCD9D2F854
:10A24000AC34002BC8D00A21B3FBF1F001FB103372
:10A25000002BC1D192F858355D07BDD0D4F87831C4
:10A26000D3F8AC301B68D4F86401002BB4D0197853
:10A2700000F5BB60D3F8188027F052FE054630B1D8
:10A2800095F858301BB995F85C30580701D1434612
:10A29000E9E7D4F8643103F25C5193F8583503F0E0
:10A2A00007036BB395F85C00002200F007000BE099
:10A2B00005EB820E0F789EF860C007F007070CF0E0
:10A2C000070CBC4505D001328242F1DB0431013B71
:10A2D000E7E74888BEF862200240F7D09DF80430D6
:10A2E00001A8ADF8062067F302038DF8043027F0CB
:10A2F00084FA95F858308342C9D085F85800C6E7EB
:10A300001A46EBE7012283F8382594F83420D4F874
:10A310006431AABB93F8DE2491077FF572AFB3F8DE
:10A320002A2596420CD2521BA3F82A25D4F8642180
:10A33000B2F828359E4218D25B1BA2F8283560E798
:10A3400093F836252046022A97BF01320B210321BC
:10A3500083F83625FFF7EEFDD4F864210A21138C2B
:10A36000B3FBF1F3A2F82A35E0E707212046FFF717
:10A37000E1FDD4F864211421138CB3FBF1F3DCE785
:10A38000022A21D193F8DE2412077FF53AAFB3F801
:10A390002C25964203D2521BA3F82C2531E793F8C3
:10A3A00037252046022A97BF01320C21052183F868
:10A3B0003725FFF7BFFDD4F864210A21138CB3FBC6
:10A3C000F1F3A2F82C351CE7062A44D1B3F82E2568
:10A3D00096420CD2521BA3F82E25D4F86421B2F871
:10A3E00032359E421CD25B1BA2F8323509E70021B0
:10A3F0002046FFF79FFDD4F86421B2F830355B00AA
:10A40000A2F83035D4F86431B3F83025F02A84BF8F
:10A41000F022A3F83025D4F86431B3F83025DAE718
:10A4200008212046FFF786FDD4F86421B2F83435C0
:10A430005B00A2F83435D4F86431B3F83425782AB7
:10A4400084BF7822A3F83425D4F86431B3F83425D6
:10A45000A3F83225D5E61E22A3F83025D4F86431BE
:10A46000A3F834250023D4F8642182F83635D4F8D3
:10A47000642182F83735C4E6C094022010B590F804
:10A48000343004461A2B1ED015D8062B0AD8452284
:10A49000DA40D20722D4124A04201249BDE8104003
:10A4A00030F083B9092BF6D10F4A08200D49BDE8D9
:10A4B000104030F07AB903F0FD02212AEBD1BDE85B
:10A4C000104026F03CBB07490820084A30F06DF9DF
:10A4D00021460020BDE810400AF00CBB10BD00BFB3
:10A4E000E82E0508D2290508BE2E0508D32E05083A
:10A4F00090F83430092B08D8092B16D8DFE803F080
:10A500001A151A1515151A15150E1A2B0BD0192B0D
:10A510000BD903F0FD02212A07D17047064A0749EB
:10A52000082030F042B9064AF9E7064A04200349F8
:10A5300030F03BB9704700BFBE2E0508D229050890
:10A54000D32E0508E82E050838B504462AF099FCF4
:10A55000D4F86431B3F8A43483B9A56B75B1284637
:10A5600029F0A9F958B9074A0820074930F01DF920
:10A57000D4F8643140F24C42A3F8A42438BDED6A0B
:10A58000ECE700BFF4300508D229050870B5D0F813
:10A59000643104460BB1856B05B970BD284629F0BE
:10A5A0008AF9064640B905490820054A30F0FDF809
:10A5B00031462046FFF7C8FFED6AEDE7D2290508CE
:10A5C000453105081FB5D0F86431044693F82720BB
:10A5D00042B9D3F8AC24C3F8B42404B0BDE81040A9
:10A5E00026F0BFBAD0F868012AF0E4FC98B994F8D4
:10A5F0002C304BB9094A21460093CDE901321A4665
:10A60000D4F868010BF01EF84FF4E1614FF461706B
:10A6100026F044FB608604B010BD00BF5A5D0508FB
:10A6200073B590F834300446092B08D8092B0DD89F
:10A63000DFE803F0150C590C0C0C980C0C7003F0AF
:10A64000FD02212A06D01A2B00F091804F4A0420E7
:10A650004F4924E002B0BDE8704026F070BA2046B1
:10A66000FFF760FA0646F8B9204626F07CFB204644
:10A67000FFF766FBD4F8643130461D8C294626F07E
:10A680000DFB4FF6FF732918424A08209942A8BFD4
:10A6900019460A2389B2B1FBF3F361863C4902B043
:10A6A000BDE8704030F081B8851C0821284614F0C0
:10A6B0004BFF32880346364908200092364A30F074
:10A6C00074F800223146204626F05FFA0028C6DBE7
:10A6D0002A463188204627F067FD204602B0BDE8B3
:10A6E000704026F032BAD0F8641191F8DE34DB07FE
:10A6F00049D501F27C5127F0A2FB204627F012FD3C
:10A700000146204627F08EFB204602B0BDE870408F
:10A7100026F021BA214A08201D4930F046F820468B
:10A7200026F094FA0021204626F0D3FAD4F86411DA
:10A7300091F82A2002F16303DBB2272B0CD86FF0CB
:10A740006303013A91F88F1552B200936FF03B0307
:10A7500094F90D001EF01BFE204602B0BDE87040CB
:10A7600026F0DBB902B0BDE87040FFF72BBF0C4A02
:10A770000820074930F019F82146002002B0BDE852
:10A7800070400AF0B7B902B070BD00BFE82E0508EE
:10A79000D2290508F42F050875310508BE2E0508D5
:10A7A000D32E050838B5D0F8642104460D46D2F8FA
:10A7B000A834ABB18B4230D95B1A0A21C2F8A83455
:10A7C000D0F86421D2F87835D2F8A8245B8EB3FB98
:10A7D000F1F39A4204D21421D0F868012AF06EFCF9
:10A7E000D4F86421B2F8A43423B1AB4222D95B1B64
:10A7F000A2F8A434D4F86421D2F89C3463B1AB42FB
:10A8000097BF00235B1BC2F89C34D4F864218CBF33
:10A81000C2F89C34A2F8A03438BD002309490420B2
:10A82000C2F8A834084A2FF0C0FF0521204626F0C0
:10A830009EF9D5E700212046A2F8A414FFF784FE74
:10A84000D8E700BFD22905089131050810B50C469C
:10A85000074B114690F90D00224608F05DFD30B11E
:10A86000044A02200449BDE810402FF09EBF10BDED
:10A87000F50D040866320508D2290508034B007857
:10A880001A78101A18BF0120704700BFC464022054
:10A890000523174A17494384174B43623C2303851A
:10A8A000012380F82A30154BC3624FF4A573038649
:10A8B00040F20F238386002380F836304FF4E153B3
:10A8C000C0E90E2303640E4B43647823A0F848309C
:10A8D000042380F84A300B4B03654FF4D273A0F881
:10A8E0005430022380F85630074BC0E916137047E6
:10A8F0000008C40001000A0002000F00080704015C
:10A90000FE013C00B400A401080178000523194AA7
:10A910004FF46151DFF860C04384184B43624FF439
:10A9200070730385012380F82A30154BC3624FF4FE
:10A93000A573038640F2113383860A2380F83630EC
:10A940004AF6C003C0E90E230E4B0F4AC0E91013AC
:10A95000782302654FF43472A0F848300423A0F83D
:10A96000542080F84A3080F85630084BC0E916C3AE
:10A97000704700BF0008C4000100200002003C0036
:10A9800008070401FE013C00B400A4010801800195
:10A990000523184A4FF4E141DFF85CC04384174BAC
:10A9A00043624FF4C0630385012380F82A30144BBF
:10A9B000C36240F2EE23038640F2123383860A23F9
:10A9C00080F836300F4BC0E90E230F4B0F4AC0E919
:10A9D0001013F02302654FF46172A0F8483004238D
:10A9E000A0F8542080F84A3080F85630084BC0E96F
:10A9F00016C370470008C400050028000200780054
:10AA00001815080280510100DE033C002C01580299
:10AA10000802D0020523184A4AF6C001DFF85CC0DC
:10AA20004384174B43624FF4F0630385012380F89E
:10AA30002A30144BC36240F2EE23038640F21243E5
:10AA400083860A2380F836300F4BC0E90E230F4B64
:10AA50000F4AC0E91013F02302654FF49662A0F884
:10AA600048300423A0F8542080F84A3080F856304B
:10AA7000084BC0E916C370470008C4000A00500024
:10AA80000200F000201C080280510100DE033C009F
:10AA90002C0158020802A00508234FF400021749B0
:10AAA0004384174B43623C230385012380F82A30FB
:10AAB000144BC3624FF4A573038640F20F238386C1
:10AAC000002380F836304FF4E153C0E90E230364CD
:10AAD0000D4B43647823A0F84830042380F84A30B3
:10AAE0000A4B03654FF4D273A0F85430022380F868
:10AAF0005630074BC0E91613704700BF0A005000DC
:10AB000004000F0008070401FE013C00B400A4018A
:10AB10000802A005174B10B50288998D914210D1FB
:10AB2000DC8D41888C420CD193F8304001798C4205
:10AB300007D15C8EC1888C4203D19C8E01898C42E6
:10AB400012D0511EFE2911D8418812B2B1EB420F2A
:10AB50000CDBB1EB022F09DC93F83030012B14BF72
:10AB60006FF00C00012010BD0020FCE76FF00C001E
:10AB7000F9E700BFC464022040F21133064A0380A3
:10AB80000A2383704AF6C003C0E901234FF46153DE
:10AB9000C3600020704700BF0008C400144B028847
:10ABA000198F91421ED193F83A108278914219D1AF
:10ABB000D96B4268914215D1196C8268914211D1CA
:10ABC0005A6CC06882420DD193F8380060B1DB8FB7
:10ABD0001F2B09D93B2907D93C2A34BF6FF00A0043
:10ABE00000207047012070476FF00A00704700BFD7
:10ABF000C46402200C4B0288B3F87810914210D143
:10AC0000B3F87A10428891420BD1B3F87C10828855
:10AC1000914206D1B3F87E30C288981A18BF01203D
:10AC200070470120704700BFC464022008B54FF48C
:10AC30007F714FF6FF73064A03808381C0E90112DA
:10AC40002022FF21103032F0D7F8002008BD00BFCD
:10AC50000202FFFF4AF6C002074B0849C0E9002381
:10AC6000074BC0E90213074B036140238382502343
:10AC700083750020704700BF00A3020080510100CF
:10AC8000D0021E0004004000124B0268D3F880106E
:10AC900091421DD1D3F884104268914218D1D3F863
:10ACA00088108268914213D1D3F88C10C268914207
:10ACB0000ED1D3F890100269914209D1D3F89430A3
:10ACC0004069584020F07F40003818BF012070478D
:10ACD00001207047C46402201B4B4288B3F89A10CD
:10ACE00091422ED1B3F89C108288914229D193F8D9
:10ACF0009E108279914224D1B3F898100288914233
:10AD00001FD1B3F8A010028991421AD1B3F8A21052
:10AD10004289914215D1B3F8A4108289914210D191
:10AD2000B3F8A610C28991420BD1B3F8A810028AD9
:10AD3000914206D193F8AA30827C981A18BF01205C
:10AD400070470120704700BFC464022038B5451C1D
:10AD500004462846E5F710FB20280FD829460A4864
:10AD6000E5F7F8FA68B9094B628C598C914208D121
:10AD70009B8CA28C981A18BF012038BD6FF00A0076
:10AD8000FBE70120F9E700BFC5640220C46402208C
:10AD9000F8B5174606460C46BA0719D40846FFF719
:10ADA000D5FF012815D10B4D2378AC422B7004D070
:10ADB0002022611C681C32F05FF8638C6B84A38CCA
:10ADC000AB842EB1FB0703D496F90D0025F075FE78
:10ADD0000020F8BDC46402201D4B2DE9F04190F81D
:10ADE000008094B093F82620867842454778C5784D
:10ADF00004790FD193F82820B2420BD193F8272081
:10AE0000BA4207D193F82920AA4203D193F82A30F5
:10AE1000A3421AD050220021684631F0EDFF694666
:10AE200000208DF802808DF803708DF804608DF895
:10AE300005508DF8064026F02FF90028ACBF012000
:10AE40006FF00B0014B0BDE8F0810020FAE700BFFE
:10AE5000C4640220F8B51646044608460D46FFF7BE
:10AE6000BBFF16F0020701D1012803D11CB9002F46
:10AE700048D00020F8BDEB78D4F86421013B172BB3
:10AE80003CD8DFE803F03D0C2F31333537393B3BFD
:10AE90003B3B3B3B3B3B3D0C2F31333537391B2391
:10AEA00082F888352046D4F86431EA7883F8892519
:10AEB000D4F864312A7983F88A25D4F864312A7861
:10AEC00083F88625D4F864316A7883F88725D4F826
:10AED000641101F2845126F0DFF80028C7DA6FF020
:10AEE0000B00C7E72A23DBE72B23D9E70323D7E7A8
:10AEF0004A23D5E74B23D3E70523D1E7AB78CFE748
:10AF00001A23CDE72A68074BC3F826202A7983F84D
:10AF10002A20002CADD0F307ABD494F90D0025F016
:10AF2000CCFDA6E7C464022070B512F00206054607
:10AF30000C462CD10846FFF7EDFD012826D1F5B1CE
:10AF400023882846D5F8642103EB83035B00138430
:10AF50006388D5F8642103EB83035B005384D5F841
:10AF60006431227983F82420FF22D5F8643183F8F4
:10AF7000252000222346114600F01AFE2EB9206833
:10AF80006168044B03C3A0681860002070BD0028EE
:10AF9000D6D1FAE7F06402207FB512F0020605462A
:10AFA0000C461ED10846FFF7F9FD012817D185B1DF
:10AFB000E36828460293E3880193A38800932178ED
:10AFC000A3786278FDF72EFFA1682846FDF78CFF75
:10AFD00026B9054D94E80F0085E80F00002004B065
:10AFE00070BD0028E4D1F9E7FC64022070B50C467E
:10AFF000054688B190F82C30032B0DD14B88497948
:10B00000012905D80221617103EB43018900E18028
:10B01000282B84BF2823638012F0020604D1204627
:10B02000FFF7E8FD012825D1FDB123884FF47A719F
:10B030003222A86F4B433133B3FBF2F3A5F85830FB
:10B0400063884B433133B3FBF2F3A5F85A302379CD
:10B0500085F85C30637985F85D30E288A5F8642076
:10B0600018B105F1580129F05DFD1EB9024B2068A9
:10B07000616803C3002070BD3C65022010B500F17B
:10B08000100104462022174831F0C5FEC0B9164B06
:10B090002288B3F84810914212D1D96C626891426B
:10B0A0000ED1B3F850102289914209D1B3F8521051
:10B0B0006289914204D1B3F85420A3899A420DD0F9
:10B0C00023780E2B0BD96378632B08D9064B93F8A2
:10B0D0005030032B8CBF6FF00E00012010BD6FF0BD
:10B0E0000E00FBE71C650220C46402202DE9F84332
:10B0F00012F0020980460C46174633D10846FFF786
:10B10000BDFF01282FD1224E0FCC06F148050FC5F7
:10B110000FCC0FC594E80F0085E80F00336D23F4C2
:10B120007F4313F5803F06D11A4A04201A49A6F836
:10B1300052902FF03AFB96F850301BB14FF6FF7348
:10B14000A6F8523096F851307BB14FF6FF73A6F84F
:10B150005430B8F1000F05D0FB0703D498F90D0067
:10B1600025F0ABFC0020BDE8F883B6F854104FF68C
:10B17000FF729142EDD1094A04200749A6F85430E4
:10B180002FF013FB96F85130002BE2D0DDE700BF23
:10B19000C464022080320508AA320508AF320508CF
:10B1A00070B512F0020605460C4617D10846FFF7A7
:10B1B0006BFD012801D0002070BD3DB10023214668
:10B1C00028461A4600F0F4FC002EF4D1054D0FCCB1
:10B1D0000FC594E8030085E80300ECE70028EDD1F3
:10B1E000E9E700BF4465022070B512F0020605468B
:10B1F0000C461FD10846FFF76FFD012801D0002043
:10B2000070BD3DB1002322462846194600F0D0FC0F
:10B21000002EF4D12246094B04F1100510680832C3
:10B2200052F8041C1C46AA4203C42346F6D11068F7
:10B230002060E4E70028E5D1E1E700BF5C6502207B
:10B240000A4A034630B502F120051446083303CC00
:10B25000AC4243F8080C43F8041C2246F5D12068A0
:10B2600018600020A2889A8030BD00BFC46402200C
:10B27000044BD3F82620026093F82A300371002093
:10B28000704700BFC464022010B58CB002A8FFF75D
:10B29000D7FF68469DF80840FFF7EAFF9DF80210C7
:10B2A0009DF8030025F0EEFE124B98421AD9124B7E
:10B2B000984219D9114B98428CBF0320022074B1D7
:10B2C0000F4B13F82020A24210D203EB80035A78D0
:10B2D000A2420DD29B78A3422CBF03240424204613
:10B2E0000CB010BD0020EAE70120E8E70124F6E7F2
:10B2F0000224F4E7EF490200DF930400BF270900AE
:10B30000835B0508044A034603CA18605960106845
:10B3100098600020704700BFF0640220034B10B516
:10B3200004460FCB84E80F00002010BDFC6402200F
:10B33000034A034603CA186000205960704700BFE3
:10B340003C650220094A034630B502F11005144657
:10B35000083303CCAC4243F8080C43F8041C2246E3
:10B36000F5D120681860002030BD00BF5C65022068
:10B3700030B5044699B00846FFF780FA012847D156
:10B380000B786846274D2B70FFF75AFF0DF126000A
:10B39000FFF7B8FF0DA8FFF7C1FF11A8FFF7D2FF15
:10B3A00016A8FFF7C5FF2046FFF76EFF98B32046AB
:10B3B000FFF76AFF012830D02B78FF2B2DD02046D5
:10B3C000FFF762FF02282AD02046FFF75DFF164BE9
:10B3D000164A032808BF1346684698470022694664
:10B3E0002046FFF7D5FC00220DF126012046FFF78D
:10B3F0009BFD00220DA92046FFF7CEFD002211A9DA
:10B400002046FFF7F1FE002216A92046FFF7EEFDC9
:10B41000002019B030BD064BDEE7064BDCE7064BDB
:10B42000DAE700BFC464022015AA010891A9010847
:10B4300099AA010891A801080DA901082DE9F04178
:10B44000154C0026DFF85480274635463B6833B15B
:10B45000B889404498470028B8BF6FF0010504360A
:10B460001037242EF2D100260C4FA1890022A368A8
:10B47000394410469847002806DA6FF00105084A5B
:10B48000084908202FF091F904361034242EECD10D
:10B490002846BDE8F08100BF3CDF0408C4640220F8
:10B4A000D9320508AA320508024B1868002808BFDF
:10B4B0000520704770650220002373B51546D0F84B
:10B4C000AC001A460E462CF068FD0446D8B140F692
:10B4D00098020369AA4228BF2A469A4212D9F02D3F
:10B4E0000DD9EF2B0BD80821304614F02DF8227817
:10B4F0000346064900920820054A2FF056F940F607
:10B5000098032361E36002B070BD00BFEE3205080E
:10B51000F32905082DE9F0410D46174600212022A8
:10B52000984604469DF8186031F066FC00234FF001
:10B53000010C99B28D420FD8072F2ED1FF2E23D1A7
:10B54000B8F1010F14D140231A222946204625F0D4
:10B55000B5FC0020BDE8F081480901F01F0101336E
:10B5600054F820200CFA01F10A4344F82020E0E7C7
:10B57000B8F1020F02D120230C22E6E7B8F1030F45
:10B58000E7D115233A46E0E7012EDCD0022EF2D0B7
:10B59000052EDED10A230322D7E7032FD9D1203E7F
:10B5A000052ED6D801A353F826F000BFC5B5010873
:10B5B000DFB5010853B5010853B50108C5B5010849
:10B5C000DFB50108382337222946204625F076FCCE
:10B5D0003F233D2225F072FC42234122B7E71C2382
:10B5E0001B222946204625F069FC21231E22AEE7B6
:10B5F000064A13680360536843600B6883604B68B6
:10B60000C360037A83F00203037270473F5D05084D
:10B6100038B50C460546084613F042FF0549034677
:10B62000054A04202FF0C1F821462846BDE83840DD
:10B6300025F068BAEE320508F33205082DE9F34724
:10B6400004460F462AB33C235A43394B1D884FF614
:10B65000FF7302F101089D4208D1D0F87831D3F888
:10B66000AC301D7D284625F0F2FC2D1A04F1A0090E
:10B670003946EDB248462DF0ECFC70B142463946F1
:10B68000D4F87801FFF718FF2A4A2B4908202FF039
:10B690008CF8002002B0BDE8F08794F82C30032B22
:10B6A0000BD00121204629F039FC30B90820234A6B
:10B6B00021492FF07AF80820ECE7D4F878310026F9
:10B6C000D3F8AC30196849B1D1F818A04846013117
:10B6D0002DF0BFFC30445146C6B2F4E7AE420ED363
:10B6E000D4F878310420164AD3F8AC3012491B7DC7
:10B6F000CDE9005333462FF058F80220CAE74246FE
:10B700003946D4F87801FFF7D7FED4F878310D4ADE
:10B710000820D3F8AC3008491B7DCDE900533346EF
:10B720002FF043F801221121204626F056FFB0E702
:10B73000EC0C02200F330508EE3205083133050802
:10B74000613305088E33050830B599B00D460446BF
:10B750005C22002101A831F04FFBD5F86431D3F809
:10B76000E4052CF0D1F990B1D5F86431D3F8E405B3
:10B770002CF0CAF95C22014601A831F016FB5C22CC
:10B7800001A9204631F011FB204619B030BD034A13
:10B79000022003492FF009F8F1E700BFB73305088D
:10B7A000EE320508054A0346106800B97047D0F824
:10B7B000A0209A42FAD00068F7E700BF880A02206A
:10B7C000044A0346106800B97047026B9A42FBD0E6
:10B7D0000068F8E7900A022037B5A0B1FFF7F0FF44
:10B7E000044680B1002500F1540105232A46009546
:10B7F00000F06CFA054B2A4604F15C0100932046E8
:10B80000052300F063FA03B030BD00BF192104081E
:10B81000054A0346106800B97047D0F8C8229A421A
:10B82000FAD00068F7E700BF980A02202DE9F04F30
:10B8300000F50378002589B0044600F5E077464618
:10B84000AB46049105EB0513234493F8D031C3F3C1
:10B8500040029B07029246D55FFA85F9D4F8DC32A4
:10B8600007A9D4F8C8024A46984705F11103DDF844
:10B870001CA004EB4312127A12F00102039255D07D
:10B88000102231463846059331F0C5FA059B002851
:10B890004CD13369049A53453CBF5346C6F810A0B7
:10B8A0005AB1716901F5722202F6B7629A4207D263
:10B8B000013102D1274A934202D8DDF80CB07361FE
:10B8C00094F96031AB420ED194F98C32AB420AD07C
:10B8D00084F88C524A46D4F8D8323169D4F8C80278
:10B8E0009847DDF808B0013511372036042DA9D16D
:10B8F000BBF1000F02D1D4F80832A3B904F54775A3
:10B9000000F090FB4346CDE900012846B4F85C21E5
:10B91000D4F8C41200F07EFA29460F4800F00CFB60
:10B920000E4BC4F8083209B0BDE8F08F04EB4313A6
:10B9300007F110011A7A42F001021A723B463246B0
:10B9400053F8040B8B4242F8040BF9D1C6E904AA60
:10B95000B6E700BF47D1F0FFFA33050840190100F0
:10B960002DE9F04FB3B002AFB86179607A61FFF7AB
:10B970004FFF0446002800F00A814FF0FF3300F526
:10B98000E07500F5037A4FF00009FB615FFA89FB6F
:10B99000786859462BF013FC2E7C8046F30719D5A6
:10B9A00038B101461022284631F035FA002800F05F
:10B9B000F280B00704D5D4F8D0325946B869984718
:10B9C0002B7C0820764A23F0030376492B744B46E0
:10B9D0002EF0EBFE7B69ABB12B7C10220021504690
:10B9E00023F002032B7431F007FA002304EB491211
:10B9F000CAF81830CAE9043392F8281263F3000138
:10BA000082F82812B8F1000F77D02B7C03F00302E4
:10BA1000032A72D0D9076ED423F003032A4608F113
:10BA2000100143F001032B74434653F8040B8B427F
:10BA300042F8040BF9D107F1200140462BF0DEFB60
:10BA4000082107F1200013F07FFD574A4B46554966
:10BA5000009008202EF0A9FE04F59873C7F80CD0CA
:10BA600018463B61E4F788FC10F0FF026CD002F14D
:10BA7000100304F59871BB6002F1170303F4FC7323
:10BA8000ADEB030D3A6002AE304631F08EF93A6804
:10BA9000434608F11001324453F8040B8B4242F83C
:10BAA000040BF9D107F1580030F0E5FC002107F153
:10BAB000580018F005FA70B34FF0FF3607F1580040
:10BAC00030F0DDFCD7F80CD0002E3DD107F1280373
:10BAD000D4F8CC625A465946B869B0472B7C43F03B
:10BAE00002032B7404EB491393F82832DB0732D49A
:10BAF0000023FB6101E09A079DD509F10109113589
:10BB00000AF1200AB9F1040F7FF440AFF869C43795
:10BB1000BD46BDE8F08FBA68314607F1580030F0F5
:10BB2000B3FC0028C8D107F1380107F1580030F004
:10BB3000EBFC06460028BFD107F1380107F1280CBD
:10BB40000FC98CE80F00B9E73B690220174A154975
:10BB50002EF02BFED1E710225146404631F05BF922
:10BB60000028C5D1D4F8DC3207F158015A46D4F880
:10BB7000C8029847DAF81010BB6D9942B8D9B96578
:10BB80005A46D4F8D832D4F8C8029847B0E74FF0F4
:10BB9000FF33FB61BAE77B69002B3FF436AF1BE74D
:10BBA0001B340508F53305082D340508463405080F
:10BBB00070B515461E46FFF72BFE044688B31DB32D
:10BBC0006B8803EB83035B00A0F890320023AA8804
:10BBD00080F8943202EB82025200A0F89222AB79F4
:10BBE00080F895322A8802EB82025200A0F8962251
:10BBF000AB89A0F89832EB89A0F89A322B8AA0F88A
:10BC00009C32AB7C80F89E3219B104F5297026F085
:10BC10002FFC054B1B68C4F8C03216B17389A4F819
:10BC2000BC32002070BD00BF7465022010B510B199
:10BC3000044B1C6804B910BDD4F8C802FFF7CCFD52
:10BC40002468F7E7980A022038B5064B05461C68B9
:10BC500004B938BDD4F8FC320BB1284698472468A3
:10BC6000F6E700BF980A0220F8B5174B05463C26B8
:10BC700000271C6824B92846BDE8F84000F0FAB94E
:10BC8000D4F800330BB128469847B4F804329D42EB
:10BC90000BD25B1BA4F80432D4F80832AB420BD9A8
:10BCA0005B1BC4F808322468E4E701212046A4F8AD
:10BCB0000462FFF7BBFDEFE701212046C4F80872DC
:10BCC000FFF7B4FDEFE700BF980A02202DE9F0412D
:10BCD0000D680E4607460024294671B9A4B2944265
:10BCE00009D9A41AA4B213B19C4228BF1C4615B1AD
:10BCF000D5F8B4802CB9BDE8F0810134D1F8B41086
:10BD0000EBE72B68002BF6D105F10800013C2BF086
:10BD1000B1F9082113F018FC074A03460749082027
:10BD2000A4B22EF042FD2A46069B314638464546CF
:10BD300026F0A0FADBE700BFA33405089E3405080F
:10BD4000F8B5022304460F4603806B234380084660
:10BD50002BF00DFA621D002844D0012323710368E3
:10BD6000C4F8053043685360384604F10E062BF0E2
:10BD7000BAF90546D8B30123384663732BF0BCF9F2
:10BD800031462EF035FD05F120020646034655F8F2
:10BD9000041B954243F8041BF9D1203638462BF09A
:10BDA000B3F932462EF00EFD054638462BF0CCF99D
:10BDB0006E1C044610B3012338462B702BF0CEF9CD
:10BDC00031462EF015FD04F1300354F8042B9C424B
:10BDD00040F8042BF9D10D4A08200D49BDE8F84080
:10BDE0002EF0E3BC2071C4F805005060BCE70146AA
:10BDF00060732422304630F0FFFFCEE70146287002
:10BE00003422304630F0F8FFE5E700BF063505087C
:10BE1000013505082DE9F0470446984603231546E9
:10BE20000846211D238072234FF0000A4FF00109BC
:10BE30006380DDE908672EF0DBFC024639463046B8
:10BE40002EF0C0FC04462B0A04F8023B4570454620
:10BE500008EB4A13601C197FC1F3000311F00101C4
:10BE600013D1182204F8193B30F0C6FF0AF1010A79
:10BE70002035BAF1040FEBD10F4A08200F49CDE964
:10BE80000867BDE8F0472EF090BC2B4605F1100284
:10BE900084F8009053F8041B934240F8041BF9D136
:10BEA00004F1110128692EF0A3FC0146A8692EF0C7
:10BEB0009FFC0446DAE700BF153505080135050883
:10BEC00008B50FF031FE60B10FF02EFE054B0028D3
:10BED00008BF1846E4F750FA0138C7288CBF002085
:10BEE000012008BD74EC040838B504460D460FF077
:10BEF0001BFE074B002814BF014619462046E4F7F5
:10BF000033FA29462046BDE8384030F094BF00BFE0
:10BF100074EC040810B5E4F72FFA84B20FF004FEB5
:10BF2000044B0134002808BF1846E4F725FA2044E2
:10BF300080B210BD74EC0408F8B500AF05460C469D
:10BF4000FFF7BEFF90B32846FFF7E4FFC31D294665
:10BF500023F00703ADEB030D6846FFF7C5FF44B3BD
:10BF6000164968460FF0E6FD054648B902206B46C3
:10BF7000134A14492EF019FC6FF00300BD46F8BDBA
:10BF80006288214604320FF0F9FD064628460FF07C
:10BF9000E3FD638804339E420ED002206B460A4ABA
:10BFA00008492EF002FC6FF00100E7E76FF0040093
:10BFB000E4E74FF0FF30E1E70020DFE74128050824
:10BFC0006C2105080135050884210508044A03464B
:10BFD000106800B97047C2689A42FBD00068F8E761
:10BFE000A00A022038B50446436AC06804F150052F
:10BFF000984728462BF0D7F880B1E06826F026F95C
:10C00000044630B12946FFF79BFE21460448FFF75E
:10C0100093FF2846BDE838402BF0CAB838BD00BFB2
:10C020004035050837B50FF0F1FD0F4C20B9D4E9C4
:10C030000031184603B030BD68460FF0D7FDD4E993
:10C0400000310028F5D1094A9A428841DDE90054BF
:10C0500007D2074A9A1861F10000954274EB00007C
:10C06000E7D32B462146E4E730080220803A090056
:10C0700080C5F6FF044AD2E900311B1841F10001E6
:10C08000C2E90031704700BF3008022030B56FF0C0
:10C090006304C38985B0054694FBF3F403686434F4
:10C0A000B3F5616FE4B206D2C4EB04146423A400B8
:10C0B000B4FBF3F4E4B2AB7DA34206D92346214A94
:10C0C000214908202EF071FBAC752A680820A98947
:10C0D000EB89B2FBF3F3B2FBF1F293428CBF9C1AF3
:10C0E0001C460294A98ACDE90021184A16492EF06F
:10C0F0005CFBAA8A6B8AA2420DD9A34209D9A30884
:10C1000064082B826C820094114A08200E492EF09C
:10C110004CFB05B030BD9A42FBD2312A0ED9B2F5A4
:10C12000167F0DD8C2F516733621B3FBF1F39BB21F
:10C1300053436A821B112B820092E5E70A23F7E73B
:10C140000123F5E7493505086E35050873350508FF
:10C15000D435050806289ABF024B53F8200000206A
:10C16000704700BF4CE20408A0F11A03012B0ED95E
:10C17000A0F12A03012B0DD903280DD0A0F14A0309
:10C18000012B0BD90528064818BF002070474CF238
:10C190005030704703487047034870470348704762
:10C1A000E0930400A0860100F0490200400D030066
:10C1B0000138C0B255289ABF024B53F82000002026
:10C1C000704700BFF4E004082238C0B234289ABF98
:10C1D000014B185C002070470D5C0508032905D051
:10C1E00007294ED001294CD000207047A2F120032E
:10C1F000012B17D815280ED80028F6D0012303FAF2
:10C2000000F010F0281F43D100F00210003818BFD2
:10C210000120400170475438022898BF212088BF70
:10C2200000207047A2F12403012B13D815280CD845
:10C230000028DAD00123834013F0281F2AD113F0FD
:10C24000021F0CBF0020242070475438022898BFDA
:10C250002520E4E7223A012AC6D815280CD8002860
:10C26000C3D00123834013F0281F15D113F0021F00
:10C270000CBF0020222070475438022898BF23208A
:10C28000CDE70238C0B25428AED8044B185C7047D2
:10C29000212070472520704723207047B85B050890
:10C2A0000138C0B224289ABF014B185C00207047A7
:10C2B000935B05080138C0B224289ABF024B53F89B
:10C2C00020000020704700BF60E004080138C0B2C1
:10C2D00024289ABF024B53F820000020704700BF6B
:10C2E000CCDF040808B5084608F054FB38B9022032
:10C2F000044A05492EF059FA4FF0FF3008BD0020DE
:10C30000FCE700BF760705080D3605082DE9F04F5C
:10C310008FB0039108F032FB074600282ED090F82A
:10C320002C30032B2AD1D0F834313BB35C6A2CB3C8
:10C330009D6A1DB32B886382636B1BB104F13400CB
:10C3400026F0DAFBE36B43B10820464A46492EF05B
:10C350002CFA04F13C001CF0D4FA2B698BB9AB68C1
:10C36000002B45D1039B3BB16B6808203F4A01334A
:10C370003D496B602EF019FA6B6863620FB0BDE83F
:10C38000F08F3B4A082038494FF4167B2EF00DFA07
:10C390004FF0010A04F13C03D5F810800493B8F182
:10C3A000000FDCD0434698F80590049853F8066BCC
:10C3B00009F01F09CDF804A006F2572698F80420CA
:10C3C000494605930092B6FBFBF6B6B23246ECF74F
:10C3D000AFFCCDF804A098F804204946059B07F16E
:10C3E000940000923246ECF7A3FCD8F81880D6E708
:10C3F000204A08201C494FF000082EF0D6F9AE68FC
:10C40000002EAFD03378B2888DF81830737852BAD6
:10C41000B0688DF819307368ADF81C20190E1B0C2C
:10C420008DF81A100DF11E018DF81B302EF0E0F979
:10C4300006F10C0380F8008080F8018006F11C02F0
:10C4400080F80280043000F8018C53F8041B9342FA
:10C4500040F8041BF9D13A46214606A81DF043F9DD
:10C46000F669CDE7103605080D3605084136050892
:10C470002036050831360508F0B58BB0D0F83451B8
:10C4800004460E462422002101A86F6A30F0B4FC55
:10C49000EB89ADF80430D4F8783193F834308DF866
:10C4A0000630BDF80C306FEA53236FEA4323ADF832
:10C4B0000C30D4F874315BB142F21072254904207B
:10C4C00008F0E2FCD4F8740101AA0B210369984733
:10C4D00086BBD4F878310125D3F8AC002BF0AAFC48
:10C4E0000DF03EF9D4F834313146204683F820501F
:10C4F00094F830302B4384F8303027F09CFB84F8DC
:10C50000285184F82E50CFB194F93030002B13DA33
:10C510002B461E25324631462046EBF7C9FE65867E
:10C52000022594F90D10781C84F834500FF09AFB12
:10C5300084F8D5500BB0F0BDBE83F0E720461EF066
:10C540002BF8204608F0F4FD2146384608F0D2FAD0
:10C55000F0E700BFC17C000838B5D0F8343104469C
:10C56000002B53D05D6AC5B305F0EAF9284920468F
:10C5700027F019FA94F8F9302846013543F0020300
:10C5800084F8F93094F93030002BBCBF3223A5F881
:10C590001B30B5F811309B0803EB4303A5F81330AB
:10C5A0000A23A5F81930ECF741FF2946204601F08F
:10C5B00099FC184B01222046196808F0CBFDD4F8ED
:10C5C00034310022284683F8202094F89E3043F02E
:10C5D000010384F89E302CF05EFF94F90D000025D5
:10C5E0001CF0F1F91A232046012184F834306586C5
:10C5F0002DF0FCFD2146284608F07CFA94F90D0048
:10C60000054A0649BDE838400FF020B938BD00BFE3
:10C61000CC5C05081C640220E5C20108A3260408BE
:10C62000902970B5044686B046D1057A042D25D1EF
:10C6300000F1090302AD00F119061868083353F838
:10C64000041C2A46B34203C21546F6D1606B02A908
:10C65000A0302CF08CFC014640B1606B04F1090362
:10C6600040220093A030237A2CF054FD606BD0F868
:10C6700064310BB302A924F0D0FC1DE0032D10D1CE
:10C680000E4A02AB1068516803C3D4F80B00D4F80B
:10C690000F1003C39DF8103083F002038DF81030A3
:10C6A000D4E71021093012F04FFF2B4600900420F0
:10C6B000034A04492EF079F806B070BD3F5D0508C5
:10C6C000623605087636050870B5047A86B00246EB
:10C6D000042C15D100F1090302AD00F11906186808
:10C6E000083353F8041C2C46B34203C42546F6D144
:10C6F000506BD0F864310BB302A924F0A6FC1DE006
:10C70000032C10D10E4902AB0868496803C3D2F864
:10C710000B00D2F80F1003C39DF8103083F0020312
:10C720008DF81030E4E71021093012F00DFF234698
:10C7300000900420034A04492EF037F806B070BD7B
:10C740003F5D05086236050876360508F0B5037AC0
:10C7500085B004460A46042B18D100F109036E4641
:10C7600000F119071868083353F8041C3546BB421A
:10C7700003C52E46F6D16946606B28F096FB18B1CA
:10C780006946606BFEF744FF05B0F0BD032BF2D1A4
:10C7900008496B460868496803C3D4F80B00D4F80D
:10C7A0000F1003C39DF8083083F002038DF80830A2
:10C7B000E1E700BF3F5D05082DE9F047984690F896
:10C7C0007A3004468A465B071746DDF8209003D589
:10C7D000BDE8F04704F0ACBB09B9D0F834A0A38F92
:10C7E0001E0503D50121032008F072FA704A0820C3
:10C7F00070492DF0DAFFB4F84050B4F84260761B6F
:10C80000B6B2272E3ED98C35283E2544B6B2AA882A
:10C8100052BA92B2B24235D8AB79283592B33C2B9A
:10C820002CD8322B10D80BB12B2B2BD1072A29D97E
:10C8300068782B780130B2EBC00F4FEAC00121D3EA
:10C840000D44511A8AB2E9E7333B092B1AD801A1EA
:10C8500051F823F073C9010885C8010885C801088B
:10C8600085C801082DC8010885C8010885C80108C8
:10C870005BC9010885C801082DC801087533DBB202
:10C88000012BD3D9637AFF2B04D094F87A3013F0BC
:10C89000300F06D0022F04D0042F68D1B8F1020F58
:10C8A00065D104F11D0610224349304630F0B3FA39
:10C8B00000285CD0637FFF2B59D004F10905504656
:10C8C000294605F05FF9002866D110223146284636
:10C8D00027F01CF8204626F01FFF204626F0BCF962
:10C8E000002844D0656BB5F8D830002B3FD0013B11
:10C8F0004FF4A0612046A5F8D83026F0D1F9B4F85D
:10C900004030B4F84220C11FD21A91424FF00401C6
:10C91000DEBF083BC018A4F84200204604F09EFA8F
:10C920000446B8B1B0F84030043BA0F8403004F001
:10C9300019FA014648462DF05BFF002384F8777012
:10C9400084F87C3084F8788095F8F03084F876307C
:10C950004423A3872046BDE8F087032A92D92B7889
:10C9600084F877306A781D0684F8782010D4204641
:10C970002EE7072A86D968782B780230B2EB800F31
:10C980004FEA8001FFF47EAF48073FF57BAF57E7E2
:10C99000892B7FF477AFEAE704F11C0604F1080560
:10C9A0000FCE0FC533682B600023237792E700BFBB
:10C9B0007B36050876360508805C05082DE9F041D0
:10C9C000044686B01D3012F06BFD4C4A03464C49BC
:10C9D00008202DF0EAFEB4F84070B4F84230DB1BBA
:10C9E0002B2B05DC204606B0BDE8F04104F0A0BAD0
:10C9F00007F18C0020442DF004FFB0F5A06F054630
:10CA0000F0D30437666B2046A4F8407004F0AAF90E
:10CA100000F10801304605F0B5F80028E2D1B4F87D
:10CA200040C002AF0CF18C03234403F1180203F160
:10CA300028081068083252F8041CBE464245AEE889
:10CA400003007746F5D11046B4F842209B7928219F
:10CA5000283AA2EB0C0292B2914209D8521A2B2B1F
:10CA6000084492B236D027D8062B0BD006D853B341
:10CA7000204604F05DFA06B0BDE8F081112B01D02C
:10CA8000292BF5D196F90D1002A80FF08BFC074663
:10CA90000028EDD0C38CAB42EAD902A812F000FD09
:10CAA0002B4600900820174A15492DF07EFEFD8484
:10CAB000B6F81E313B85DBE73C2B04D0D8D82C2BB5
:10CAC000E0D03A2BDDE7012AD2D941780378013151
:10CAD000C900C1E7032ACBD9C378002BD2D0837811
:10CAE000032BC5D143780133B2EBC30FC0D302A9E6
:10CAF00028F05EFC0028C5D1BAE700BF8B360508D8
:10CB000076360508A8360508F0B5402A89B00446EF
:10CB10000E461F469DF8405014D145B990F89E30FE
:10CB20001B0704D504F082FF002818BF032504AAC0
:10CB30003068716803C2042D04D8DFE805F0061DD3
:10CB400006232800002009B0F0BD06AAD4F8E600AC
:10CB5000D4F8EA1003C29DF83C30402204A92046D4
:10CB600002930E9BCDE90073012304F00FFE002811
:10CB7000E9D000234362E6E706AAD4F8DE00D4F841
:10CB8000E210E7E704A9204604F058FFE3E7237B1F
:10CB9000002BD7D1D4F87831002BD3D0054B1868AF
:10CBA0009B880690ADF81C30B4F89C305BBAADF8A9
:10CBB0001E30D0E7395D050870B50421466B04F0DE
:10CBC0004DF9044600283CD0B0F84030043BA0F8B2
:10CBD000403004F0C7F842230546A387237F042B87
:10CBE00014D0002304F1090204F11D01304627F09E
:10CBF0006DF848B10220144A14492DF0D6FD2046A4
:10CC0000BDE8704004F094B90423237794F877309A
:10CC100000263A2120462B7094F87830AE706B7065
:10CC2000EE7026F00BFEE870030AAB703A2384F82E
:10CC3000786084F8773094F87C3023F0030384F82C
:10CC40007C30204670BD00BFC43605087636050826
:10CC50002DE9F34106467F20884626F00AFD04466A
:10CC600000284AD0B0F8407000F10901254B07F1C7
:10CC70008C050A46B8F1000F18BF4346054403F17E
:10CC8000100053F804CB834242F804CBF9D10423BB
:10CC900000223046237204F093FA28B9204602B0ED
:10CCA000BDE8F04104F044B9034604F11D0200F16F
:10CCB000100153F804CB8B4242F804CBF9D1042382
:10CCC0002744291D237748F2FF53A4F87630002328
:10CCD00084F8783087F88C306B70AB70EB70012380
:10CCE000009030461A4625F052FD04F18C0366632D
:10CCF000C01A4423A4F84200A387204602B0BDE82E
:10CD0000F08100BFEC5C05082DE9F04F85B090463E
:10CD10000E469A469DF838200746DDF83C9020B92B
:10CD20000024204605B0BDE8F08F0B780392FF2B5E
:10CD3000F6D07F2026F09DFC04460028F0D0B0F805
:10CD4000401048F2FF73039A01F18C05A0F8763089
:10CD500001440023054480F8783006F1100081F882
:10CD60008C30291D6B70AB70EB70334653F804CBDD
:10CD7000834241F804CBF9D1B9F1000F2ED114351B
:10CD800004F1090BBAF1000F4BD05B4656F8041BB7
:10CD9000864243F8041BF9D1042304F11D062372D3
:10CDA000002A50D010220021304630F025F8BAF188
:10CDB000000F40F0898004233A46594620462377E5
:10CDC00001F0BAF904F18C032046EB1AA4F84230C2
:10CDD00003F0C8FF44236763A387A2E721234946E2
:10CDE000243505F8103C022305F80F3C99F8023071
:10CDF00005F80E3C002305F80D3C05F80C3C05F841
:10CE00000B3C31F8033B4FEA132C05F8093C05F8BD
:10CE10000ACCD9F8033045F8083C4B6845F8043C87
:10CE2000AEE7314B594603F10C0053F804CB834273
:10CE300041F804CBF9D11B780B70B6F80D30E382C2
:10CE4000F37B2376A8E7B9F1000F27D0334608F12A
:10CE5000100258F8041B904543F8041BF9D197F8C9
:10CE6000A0305A060BD4B9F1000329464FF0010255
:10CE7000384618BF0123009625F089FC0546B9F114
:10CE8000000F2CD097F9A030002B94DAB9F80030BD
:10CE9000012B22D9154BC4F888308CE7B8F1000F6C
:10CEA00005D04146384626F05BFD0028CED1002251
:10CEB0003146384604F01CFE0028D0DA204605B082
:10CEC000BDE8F04F04F034B8B9F1000F7FF473AF50
:10CED00097F8A130DB077FF56EAF054BDBE7BAF1C2
:10CEE000000F3FF468AFF3E72C5D05084DC701085C
:10CEF00021C601082DE9F04F85B0074692469B46B2
:10CF0000DDF840800391DDE90E95002D48D090F9C1
:10CF1000A030002B49DAAB78002B46D10024204604
:10CF200005B0BDE8F08F039B46EA8316F6B2ADB1BB
:10CF3000AB789BB16D4A1368C4F809305368CAF8DE
:10CF40000430D5F80330C4F81130D5F80730C4F8F0
:10CF50001530637C83F00203637453E0534608F199
:10CF6000100258F8041B904543F8041BF9D149E01E
:10CF70005146384604F024F928B9204605B0BDE8EA
:10CF8000F04F03F0D5BF04F11D0300F1100250F87B
:10CF9000041B904243F8041BF9D147E0544A9FE038
:10CFA0001BB997F8A130DB07B8D4382026F061FB15
:10CFB00004460028B2D0B0F8403010224D498C33DE
:10CFC000C318029348F6FF03A0F87630002380F8D8
:10CFD0007830404697F8F9602FF01DFFB60126F033
:10CFE0007F0646EA4A1604F1090AF6B200289AD1E9
:10CFF000414B524603F1100153F8040B8B4242F8A7
:10D00000040BF9D1042349463846237226F0A8FCC4
:10D0100002460028ACD04B4604F11D0209F1100174
:10D0200053F8040B8B4242F8040BF9D10423029904
:10D03000300623772DF0DCFB4B46024609F1100148
:10D0400053F8046B8B4242F8046BF9D100F11001E4
:10D050005B4602223846CDF8009025F098FB064644
:10D06000ADB121232A461036037002234370AB78FA
:10D0700083700023C3700371437132F8033B190AB4
:10D08000C3718171D5F8033083605368C360D7F8EA
:10D0900064318BB185B1AB7813F0F70F0CD0E91C7C
:10D0A000384623F0DDFF00283FF467AFC02384F843
:10D0B0007C30124BC4F888303A465146204601F085
:10D0C0003BF804F18C032046F61AA4F8426003F002
:10D0D00049FE44236763A387002D3FF45FAF084AEE
:10D0E000084908202DF061FB19E700BF3F5D0508E6
:10D0F00000370508805C0508FC5C0508C9C6010806
:10D10000F3360508763605082DE9F04FB0F84030C3
:10D1100097B0B0F842200446D21A92B2032A19D925
:10D12000034490F87A10456B93F88C20490780F8F7
:10D13000772093F88D3080F8783011D5D5F86411C8
:10D1400019B19B2A0CD1012B0AD9524A0420524909
:10D150002DF02BFB204617B0BDE8F04F03F0E8BEE2
:10D160003A21204626F06AFB064648B14B4A042085
:10D1700049492DF01AFB0121052007F0A9FDE9E737
:10D18000B4F8403020460433A4F8403003F0EAFD00
:10D19000D5F8B43173B1214611AA28468DF8446000
:10D1A00098470446002800F06B839DF84430002B1C
:10D1B00040F0668394F877309F2B07D81A061AD46C
:10D1C000012B00F0DD84022B00F0FB8440F64F03BE
:10D1D0002046A387012384F877303A2384F87830F7
:10D1E0004FF6FF736383B4F84030043BA4F840303B
:10D1F00003F0B8FD44E3803B1F2BE7D801A252F8AF
:10D2000023F000BFFBDA010873DB0108B5DB01087E
:10D21000A7DB0108CDD1010885D20108A1D2010800
:10D22000CDD60108D3D8010879DA0108CDD101089B
:10D23000CDD10108CDD10108CDD10108CDD1010852
:10D24000CDD10108CDD10108CDD10108CDD1010842
:10D25000CDD10108CDD10108CDD10108CDD1010832
:10D26000CDD10108CDD10108CDD10108CDD1010822
:10D27000CFDB0108CDD10108E9DB010809DC010899
:10D28000DBDB01082946204617B0BDE8F04F00F06F
:10D29000C5BD00BF093705087636050828370508DB
:10D2A000656B95F8F830DF0702D49E077FF552AF23
:10D2B00000222846114604F01BFC0028FFF64AAF66
:10D2C0002B7B5BB995F83030D80607D404F12501E3
:10D2D00028461BF001F900287FF43CAF04F11D0340
:10D2E0001846059326F0E7FA00283FF433AF94F888
:10D2F0007630FF2B7FF42EAF94F87830002B7FF43C
:10D3000029AF0C21204625F082FB00283FF422AFF4
:10D31000B5F8DA30002B3FF41DAF013BA5F8DA3049
:10D32000B4F84230B4F840B00C3B0BF18C069BB221
:10D330002644089304EB0B0393F88CA0BAF1000F7A
:10D3400001D085F8F0A07378301D06F10808099324
:10D35000738807935BBA9BB206932DF052FA074687
:10D3600038B1D5F8F430984203D00146284607F08A
:10D370000FF940460C362DF044FA814608B1C5F845
:10D38000A800012305220C21204625F060FB10B1E6
:10D3900004302DF036FA14220021804611A82FF017
:10D3A0002BFD0C2100230122204625F050FB0146D5
:10D3B000002872D100230493B4F8403020460C3387
:10D3C000A4F8403003F0CEFC089B297BA3EB0B03B1
:10D3D0009BB2089309BB03232322204625F037FB89
:10D3E000D8B1069B821C214628460093099BECF786
:10D3F000C3FB00284CD0BAF1000F01D085F800A182
:10D400000FB1C5F80471B9F1000F01D0C5F808914A
:10D41000B8F1000F01D0A5F80C8195F8F87017F05D
:10D4200001071AD0079B002B4CD0099B03F018036F
:10D43000082B45D0182B4FF0FF3318BF0023069F51
:10D4400095F90D2000210293069B084601930623BF
:10D45000009304F11D032BF071FFB8F5A06F05D305
:10D46000B5F8EE30984501D8A5F8A680089B63BBB7
:10D4700077B1049B33B9059905F1A0002BF077FD36
:10D48000049028B1049B049A1B7C43F0010313749D
:10D49000204603F04DFD0446F2E1D5F8B83111AA5B
:10D4A00028469847002885D00DF145039DF8442073
:10D4B00004F11D0105F1A0002BF01CFE04907BE798
:10D4C0000123BCE7079F3B46BAE7337896F8018013
:10D4D000032B4FEAC80207924AD195F8F830990712
:10D4E0003FD5202A3DD196F803A0301D2DF089F9B3
:10D4F000804606F1080096F802B02DF082F91AF085
:10D50000800F06F1100909900AD00621002395F931
:10D510000D20484600915946CDE901832BF00EFFBE
:10D520001AF0400F10D0099B5A46494628460093EE
:10D53000434625F0C7F838B1099B5A464946284664
:10D540000093434610F00CF91AF0200F09D09DF813
:10D55000442032B10DF14503494605F1A0002BF0FE
:10D56000C9FDDDE907239B1A16449BB208937DE7AA
:10D57000182B4AD195F8F830DB07F2D596F802A0BF
:10D58000079A0AF10703DB0808339342E9D896F8B3
:10D59000038008F01808B8F1080F29D0B8F1180F67
:10D5A00029D0B8F1000FDCD1301D06F1080B2DF0A9
:10D5B00028F981465146584611F09AFFB24A03466F
:10D5C000B2490820CDE900982DF0EFF895F90D202B
:10D5D0000623B9F1000F11D000935146059B584620
:10D5E000CDE901982BF0AAFE4F4538BF4F46B8E76A
:10D5F0004FF00108D8E74FF0FF38D5E700935146C8
:10D60000059B58462BF0BDFEEEE71F2B32D14FEAAB
:10D61000C803072B05D89E4A9C4904202DF0C5F865
:10D620009FE7301D2DF0EDF808F11F03014606F1CC
:10D630000802DB00DBB26BB106F1070E06F1060C47
:10D640001CF803801EF80300B8F1000F0ED000286C
:10D65000FDD1DBB219B10698814238BF014695F978
:10D660000D000091059911F069FA7AE70028E7D1D9
:10D67000013BE0E7192B21D1B8F1020F01D8854A0F
:10D68000CAE708F1FF38301D2DF0BBF881464FEA9C
:10D69000680818B1069B984238BF994606F1080AF7
:10D6A0000AEB081852460AF1100A4B46059995F9FB
:10D6B0000D0011F003FAD045F4D152E7222B7FF48C
:10D6C00050AF314628461CF052F94AE700230DF1CD
:10D6D000280A714A08206D49B4F840900A93CAE9B3
:10D6E00001332DF062F894F878501DB994F8763033
:10D6F000FF2B05D0694A654908202DF056F8C7E68A
:10D700001421204625F083F908B9654AF3E7D4F8D7
:10D7100034802B4601221421204625F098F998F8F0
:10D72000A030064613F0020523D013F0400700D1C5
:10D73000B0B3002321221421204625F088F90546A4
:10D74000B8B14378022B01D183780BB1554AD2E7A7
:10D750007EB977B140F20123ADF844308368CDF84B
:10D760004630C368CDF84E60ADF8526011AECDF8CA
:10D770004A3004EB09030DAF03F19002B946A03320
:10D780001068083252F8041CBC469A42ACE8030008
:10D790006746F5D19DF83430FF2B03D1424AAAE702
:10D7A0000546E6E704F11D0B1022404958462FF0CC
:10D7B00032FB50B936B90D223D4904F109002FF072
:10D7C0002AFB08B13B4A96E735464946404626F0D3
:10D7D000D3F8074658B11022344958462FF01BFBA6
:10D7E00018B94946404604F085F8334A83E749466C
:10D7F000404604F0C7F990B1484626F05CF898F925
:10D800000D000EF0D9F800283FF442AE494698F9D1
:10D810000D000EF0F5F8074600283FF439AE002D54
:10D820004CD19DF8333083B97EB1D8F8B83104F1CA
:10D83000080231464046984738B104F10903227A7C
:10D84000594608F1A0002BF055FC637A87F00102DD
:10D850009DF83310A3F1FF00D2B20029CDF800905B
:10D8600014BF514600214342CDE9011B4341012130
:10D870004046FFF73FFB054620462C4603F058FB89
:10D88000204617B0BDE8F08F3A3705087636050810
:10D890005B37050882370508A4370508BC3705083B
:10D8A000D1370508E6370508EB370508805C050821
:10D8B0002C5D0508F93705081B3805085B4632461C
:10D8C00029464046CDF800A0EBF7DAFF0028A8D1A2
:10D8D000DEE594F87830002B7FF43CAC94F8763099
:10D8E000FF2B7FF437AC1421204625F090F8002858
:10D8F0003FF430ACB4F8403003F18C062644327962
:10D90000FF2A3FF427AC234493F88C80637AFF2BE3
:10D9100003D118F0400F7FF41DAC0436656B31461F
:10D92000284626F00FF848B190F8213099077FF586
:10D9300011AC3146284603F0DDFF0BE4022321221F
:10D940001421204625F083F80746002854D095F886
:10D95000A0309A063BD5082205F5907110442FF0AF
:10D960005AFAA0BB95F891308BB305F17C0128469B
:10D9700097F802B0B7F806A025F0E4FF814630B36F
:10D98000BBF1010F64D0BBF1020F66D0BBF1000FF9
:10D990001DD101465A46284603F056FDD9F82430D9
:10D9A000ABB19AFA9AFA1FFA8AFA042111A8E3F79E
:10D9B000E1FF119B13F13A0FF7D89B4AB3FBF2F347
:10D9C00003F5E1739BB20AFB03F3C9F81C30D5F8E9
:10D9D00064318BB1082205F59071B8182FF01BFA4D
:10D9E00050B9B97841B104F11D07384623F027FB3F
:10D9F00039462846FDF70CFE05F1A0093146484698
:10DA00002BF0B5FA074600283FF4A4AB14210023FD
:10DA10000222204625F01BF8014620BB002323727A
:10DA200004F10902237A39464846009242462BF017
:10DA300071FBD5F86431002B3FF48CABBB7C022B1F
:10DA40007FF488AB3146284623F0E7FAFFF782BB24
:10DA50000146284603F04EFFB9E701465A462846DC
:10DA600003F0F2FCB3E7D5F8B83104F10802284618
:10DA700098470028D2D0D3E71422002111A8B4F887
:10DA800040602FF0B9F994F87630FF2B31D104F1D2
:10DA90001D07384625F00FFF58B394F87880B8F189
:10DAA000000F26D12421204624F0B1FF08B38C3684
:10DAB0002644337DFF2B1CD02421434602222046DE
:10DAC00024F0C5FF014620B1D5F8B83111AA284687
:10DAD0009847636B0DF145023946301D93F90D30BF
:10DAE00001929DF84420009206F114020EF0D8FC39
:10DAF000CEE44E4A04204E49FFE5606B00283FF417
:10DB000029AB442304F11D05A387812384F87730D2
:10DB1000002384F8783090F8F03084F87630637A17
:10DB2000FF2B04F109031ED12A46194604F12D06E4
:10DB300052F8047BB24241F8047BF9D10022194625
:10DB400003F03EFB00283FF405AB00F1100350F852
:10DB5000042B984245F8042BF9D1204617B0BDE8B4
:10DB6000F04F25F0D9BD10222946184625F0CEFEEB
:10DB7000F3E7636B04F11D0093F90D102BF029FB03
:10DB800094F87730012B7FF421AB94F87830072B91
:10DB90007FF41CAB2046294608F0A0F90446002873
:10DBA0007FF414AB6CE62946204617B0BDE8F04F71
:10DBB00025F0CBBA2946204617B0BDE8F04F01F05A
:10DBC00091BE204617B0BDE8F04FFEF7F7BE2046E5
:10DBD00017B0BDE8F04F07F09BBD2946204617B0AF
:10DBE000BDE8F04F05F0A4BF2B7B002B7FF4B2AA59
:10DBF00095F82C30032B7FF4ADAA2946204617B0A8
:10DC0000BDE8F04F1BF036BE2B7B002B7FF4A2AAA1
:10DC100095F83030DB077FF59DAA2946204617B0DE
:10DC2000BDE8F04FEBF724BF535C32042D380508F4
:10DC3000763605082DE9F8431D46104B0746884601
:10DC400091461C680026A4B1638C33449EB2636A7B
:10DC500093F90D304B450FD12146384625F062FE31
:10DC600050B104F11001404625F05CFE20B105B131
:10DC70002E802046BDE8F883A46AE4E7A80A0220C3
:10DC800038B50D4604461022064928462FF0C3F841
:10DC900020B12846BDE83840ECF7FAB904F58A709F
:10DCA00038BD00BF805C05084FF0FA630022C0F861
:10DCB0000C3141F2707380F80021A0F81031D0F8D7
:10DCC000F83080F8182123F460631B041B0C43F028
:10DCD000A063C0F8F830064BC0F8FC30054B1B6859
:10DCE000A3F58033C0E94122C0F81431704700BF6A
:10DCF0001E03A0006466022038B50E4B04461D6862
:10DD000035B9224628210B48BDE838402CF0B2BE78
:10DD10006A8C638C9A4209D92246294628202CF025
:10DD2000A1FE6B8C628C9B1A6B8438BD9B1A63843A
:10DD3000AD6AE5E7A80A0220836A02461BB1598C46
:10DD4000408C014459842821014811F0B5BC00BF22
:10DD5000A80A02202DE9F34188461746064690F9A5
:10DD60000D200DF1060339464046FFF763FF96F894
:10DD7000FB1004460020013989B224F0CDFE05468F
:10DD800034B394F82030002B40D1BDF806308342E4
:10DD90003CD92046FFF7D0FF1E4A0123904584F866
:10DDA000203031D139463046FFF76AFF1A4B1A68E6
:10DDB0000368D21A96F8FC30934202D92B449B1A7E
:10DDC0009DB22046658402B0BDE8F041FFF794BFE4
:10DDD000302011F0DFFC0446C0B14346024608F192
:10DDE000100153F8040B8B4242F8040BF9D13B4667
:10DDF00004F1100207F1100153F8040B8B4242F8B2
:10DE0000040BF9D16662C7E71D46DAE702B0BDE848
:10DE1000F08100BFFC5C0508646602202DE9F0413A
:10DE200090F8763004460D46FF2B02D190F87860CA
:10DE300026B12046BDE8F04103F07AB8042124F071
:10DE4000E6FD0028F5D0334604F11D060122042129
:10DE5000204624F0FCFD10228046204930462EF05A
:10DE6000DAFF10B9B8F1000FE3D195F8F9309A074D
:10DE7000DFD505F1A007B8F1000F24D0D5F8B831EF
:10DE800004F10802414628469847E0B104F109032D
:10DE9000227A314638462BF02DF9014628B1037C11
:10DEA000DB0702D538460EF01DF995F8F93013F06E
:10DEB000040F0B4B08BF1E462B7B4BB9294630463F
:10DEC000ECF7C4F8B5E7314638462BF050F8E4E7F4
:10DED000024A31462846FFF73DFFAAE7805C050865
:10DEE000FC5C0508F8B590F8F93005460E469B072E
:10DEF0005AD5FFF7C5FE0746002855D0002395F9EF
:10DF00000D2031462948FFF795FE044600B3FFF780
:10DF100013FF95F8FD302BB1B5F8FE10002024F06A
:10DF2000FBFD608495F8FD303B71214B95F8FC209A
:10DF300018883B88C11A89B28A4204D9121A13443C
:10DF4000628C134463842046BDE8F840FFF7D4BEDA
:10DF5000302011F01FFC044630B3144B024603F18D
:10DF6000100153F8040B8B4242F8040BF9D13146EF
:10DF700004F1100306F1100251F8040B914243F82A
:10DF8000040BF9D10023656284F8203095F8FD0078
:10DF90000028BED1B5F81011B5F80E31C91A89B2F2
:10DFA00024F0BAFD6084B4E7F8BD00BFFC5C05084E
:10DFB00064660220F8B50D4B06460D461C68A4B1F8
:10DFC000D4E90937B34206D13DB92046FFF7B4FE84
:10DFD000204611F0EFFB3C46F1E704F11001284622
:10DFE00025F0A0FC0028F0D1F5E7F8BDA80A022032
:10DFF0002DE9F74F394E002381466D463468DFF82E
:10E00000E0800093CDF804D034B1638CA76A4B450F
:10E0100010D9A3EB09036384009C002C5BD022463B
:10E02000A66A2821284611F047FB2046FFF764FE28
:10E030003446F2E7A9EB030304F1100B2246282132
:10E0400030461FFA83F911F037FB5946606AFFF733
:10E0500017FE824618B9204611F0ACFB35E0626A23
:10E0600092F8F930990709D5137B21467BBB5846B6
:10E07000EBF7F0FED8F80030CAF800302378FF2B19
:10E08000E9D1636A93F8F9209207E4D5B3F8101147
:10E09000B3F80E0124F040FD60849AF804305BB1BF
:10E0A000013BDBB28AF8043033B1636A628CB3F8A7
:10E0B000FE309A4288BF6384002384F82030A36234
:10E0C000019BE3621C60283401943C469CE71046A7
:10E0D0000FF0B2F9CEE703B0BDE8F08FA80A022036
:10E0E0006466022038B5037A0446042B18D114F86C
:10E0F000093F456BFF2B05D121462846BDE8384036
:10E1000025F052BD1022084920462EF084FE48B169
:10E110002146284603F036FDB0FA80F0400938BDAC
:10E120000020FCE70120FAE7905C0508014B43F86A
:10E13000201070477C6502202DE9F04FD0F884B0A4
:10E1400087B0054688469246BBF1000F40F0D2806A
:10E15000242011F027FB0446C5F88400002800F0B5
:10E16000C980012305F10909C0F81CB080F82030EE
:10E170004846696B02F02CFF6E6B0490CEB9032801
:10E180000FD94FF0FF3148460EF00CF9074698B909
:10E19000484611F085F9894A0346894902202CF046
:10E1A00004FBD5F8840011F005FB0023C5F884308A
:10E1B000A0E096F90D10E6E7B8F1000F0BD190F84A
:10E1C0002030002B00F09A8000F1100890F9210017
:10E1D00006F0E0FB8246BAF1000F00F08F80049B4E
:10E1E000032B19D86B6B9A4516D0484611F058F995
:10E1F0006A6B0590404692F90D20049211F050F997
:10E200009AF90D10049A059B00926E4ACDE901011E
:10E210006B4902202CF0C9FA04F10C0308F110023A
:10E2200058F8041B904543F8041BF9D19AF90D30B6
:10E23000A3704FF6FF73A3801623237094F9020096
:10E2400006F0A8FB0028ACD090F8F8301A070DD5DE
:10E2500095F87B301B0709D56B7AFF2B06D1AB7A7B
:10E2600003F00F03022B84BF0F232370FB8CB0F845
:10E27000A620934281BFFA84B0F81E313B85134635
:10E28000A2889A423FBFFA84B0F81E313B851346FC
:10E29000A38094F9023087F821303B78FF2B05D01A
:10E2A00004F10C01A0300DF069FF386394F902000D
:10E2B0001EB196F90D30834206D006F06BFB064680
:10E2C00000283FF46EAF68632A7F92B94946304612
:10E2D00002F076FF00283FF464AF05F11D0300F162
:10E2E000100250F8041B904243F8041BF9D1042398
:10E2F0002B77A346584607B0BDE8F08F6B7AFF2B0B
:10E3000023D1FEB932464FF0FF3148460EF0BEF938
:10E3100000283FF446AF90F90630A370B8F1000F23
:10E3200014BF43464B4604F10C0203F1100153F8AD
:10E33000040B8B4242F8040BF9D14FF6FF73A38014
:10E340000E237AE796F90D30E7E795F84C2012F0A6
:10E35000010208D0002E3FF424AF2946D6F8680108
:10E3600008F088F90246049B4846032B94BF96F9AF
:10E370000D104FF0FF310EF089F9804600283FF470
:10E3800010AF00F1040EA446BEE80F00ACE80F0089
:10E390009EE807008CE8070098F80130D9077FF560
:10E3A0004DAF4B4604F10C0209F1100153F8040B78
:10E3B0008B4242F8040BF9D140E700BF3B38050817
:10E3C000653805086A3805082DE9F04390F87A3079
:10E3D00085B004460D4613F00403164612D00930EA
:10E3E00011F05EF85F4A03465F4904202CF0DDF926
:10E3F0000121032006F06CFC204605B0BDE8F04387
:10E4000002F096BDD1F8A8715FB101468DF80F30CA
:10E4100028460DF10F03B847044620B39DF80F308E
:10E420000BBB95F8F830DB09E2D004F109071022A4
:10E430004E4938462EF0EFFC0028D9D004F11D08D3
:10E4400010224B4940462EF0E6FC0028D0D094F82C
:10E450007630012B0BD80023032200932046294657
:10E46000FEF7AAF90446204605B0BDE8F083314620
:10E47000204625F02DF994F84C30B4F84020204681
:10E4800043F00203224484F84C3094F87630013B88
:10E49000DBB284F8763082F8933024F0DDFB064658
:10E4A00070B90121042006F013FC204608F002F99F
:10E4B000034610B1BB23A387D5E700900122CDE727
:10E4C00094F87930D4F834909B070ED0D9F86821AD
:10E4D000D5F868319A4203D0002300930123EDE779
:10E4E000007826F034FF0028F6D099F90D2095F930
:10E4F0000D309A4228D02946404602F069FD09EBCA
:10E5000000032844DA7BC37B9A4204D0002365636E
:10E5100000930223D2E74946404602F059FD032802
:10E5200004D80023656300930523C7E749463846AE
:10E5300002F04EFD032801D86563CDE72946384631
:10E5400002F046FD0328F7D9B4F84230B4F8401081
:10E55000B2885B1A9A42ADDA65630222B3880093EF
:10E5600000237BE79738050865380508905C0508A7
:10E57000805C05082DE9FF41044624F06DFB68B975
:10E58000924A042092492CF010F98021204625F06F
:10E590009BFC0024204604B0BDE8F081636B002B97
:10E5A000F3D0227A042AF0D1227F042AEDD194F804
:10E5B00076201AB993F8F03084F87630D4F88030A9
:10E5C0005D1C2AD1834B1B788BB16FF00103C4F81B
:10E5D0008030618B04F11D00E38D94F87720009169
:10E5E00004F1090124F0BAFBC4F8800001E0C4F88A
:10E5F0008030D4F884301A78774B53F822307BB1CE
:10E6000020460DF10E020121984704460028C0D093
:10E61000BDF90E30002B05DAB7E7002BE9DAD8E7B1
:10E62000ADF80E302046B4F8426024F019FBA0F19A
:10E630002808014605462046B4F840701FFA88F8BD
:10E6400002F00CFC04460028A3D0B0F840305B1B5D
:10E65000A0F8403002F086FBD4F8803094F87C209B
:10E660000146C3F3130343EA025343F0C0402CF0C6
:10E67000BFF806EB080305460430DB1BC3F3072293
:10E6800000F8033C00F8042C94F87630EB70637FBC
:10E69000FF2B08D110F004FF504A03464C490220DA
:10E6A0002CF083F871E704F11D0304F12D0253F8F7
:10E6B000041B934240F8041BF9D1D4F8843005F1CF
:10E6C0001406DB690BB904F10903324603F11001AA
:10E6D00053F8040B8B4242F8040BF9D11022404945
:10E6E00030462EF098FB28B12B7DFF2B08D16B7D97
:10E6F000180705D1304610F0D3FE3A4A0346CDE75D
:10E7000094F8793059071FD4A81C94F87730037017
:10E710000023B4F84250204684F8773084F87830EB
:10E720002B23A387B4F84030ED1A24F0A1FA8542D8
:10E730007FF730AF94F87B309B063FF526AF20463D
:10E7400024F05FFB044625E700233B2205F124006B
:10E75000AB7085F8253085F8242094F8792052078D
:10E7600049BF052205F1260105F12A0185F8283067
:10E7700042BF85F82620022285F82930A1EB00034C
:10E7800048BF85F8272013F007031CD0C3F1080207
:10E79000D2B2012A0A4608D1002302F8013B121A1C
:10E7A000D210013A85F82520AFE70126C3F1060310
:10E7B00002F8026BDBB200264B70002BEFD0013B5E
:10E7C0008E70DBB2F9E70A46E9E700BFBE380508FC
:10E7D00065380508320D02207C650220D338050813
:10E7E000805C0508E53805082DE9F04F90F87A308F
:10E7F00085B004460E465D07904600F1BA80838FCF
:10E80000180504D594F87B30590700F1B28094F8CC
:10E810007630012B40F2AD8096F8F930DA0740F1FE
:10E82000A88004F11D051022564928462EF0F3FA5F
:10E83000002800F09E80D6F8AC3113B12146304656
:10E84000984794F8797017F0080740F092803146A5
:10E85000284694F80AB002F0BBFB3A46824696F985
:10E860000D1028460DF012FF002800F0828090F96C
:10E87000062096F90D309A427BD10BF00F0B424ADD
:10E880004FF6FF7906EB0B03156803932DBB4FF68C
:10E89000FF73994514D0B6F8D8308BB1B8F1000F9A
:10E8A00001D1002F52D0204624F096FF40B1002322
:10E8B00002223146CDF80090FDF77EFF06F0EAF81F
:10E8C000002F56D0B8F1000F4ED0204624F084FF20
:10E8D000394624F015FA254642E0B5422AD095F88B
:10E8E000F920D30726D505EB0B02039BD17BDA7BFE
:10E8F00091421FD105EB0A0106EB0A02C97BD27BCC
:10E90000914217D195F854205A450CD8B4F84220BA
:10E91000B4F84000B5F8A610121A8A420CDD8945F9
:10E9200028BF894606E004F10901284625F065F96B
:10E930000028EBD16D6AA9E70FB92F46FAE7204608
:10E9400024F04AFF394624F0DBF9F6E72B46022291
:10E9500031462046CDF80090FDF72EFF06F09AF8DC
:10E96000284605B0BDE8F08F3946204624F0C8F9A6
:10E97000F6E7B8F1000FAED1204605B0BDE8F04F84
:10E9800002F0D6BA805C0508000B022030B585B0D5
:10E990000446FFF7A7FB00B3637AFF2B36D194F848
:10E9A0007B305A0719D5204624F016FF054670B172
:10E9B00090F87B30002143F0040380F87B3024F092
:10E9C0009FFE40F6BB032846AB8706F063F894F839
:10E9D0007B3023F0040384F87B30204624F03CF99C
:10E9E0000546D8B90121042006F072F9534A54496A
:10E9F00008202BF0DAFE2B4601220095204619460E
:10EA0000FDF7DAFE0446204605B030BD0021204661
:10EA100024F076FE40F6BB03A387F4E794F84C306D
:10EA20009B0708D4637AFF2B05D1616B2046012236
:10EA3000FFF7DAFE0446D4F884301A78414B53F8D5
:10EA4000223043B120460DF10E02022198470446C0
:10EA500018B90024D7E7ADF80E30BDF90E30002B01
:10EA600034DB012B67D1B4F84030B4F84220D21A1D
:10EA7000B2F5A06F20DD8C33042204F11D01234484
:10EA8000227703F1180003F1080252F8045B824276
:10EA900041F8045BF9D104212833217204F1090102
:10EAA00052F8040B9A4241F8040BF9D14FF4A063D9
:10EAB000022200930023A1E794F87B3013F00102B7
:10EAC00009D0214A1E4902202BF06FFE80212046EA
:10EAD00025F0FAF9BDE763F03E0384F8792084F865
:10EAE0007B30237F73B9606B0028EFD004F10902FB
:10EAF00004F11D0125F0EAF8002801DA134AE1E7E4
:10EB000004232377292384F87730114B187870B1C8
:10EB1000B4F840508C352544681C2BF087FE05F175
:10EB20001801C0F3130205F1080024F037F9B223ED
:10EB3000C4F8800070E729236EE700BFFC380508A1
:10EB4000653805087C65022017390508283905084D
:10EB5000320D02202DE9F04F044693B0B54A08204B
:10EB6000B5492BF022FEB4F84060B4F84230D4F836
:10EB700034909B1B9BB2B9F1000F07D0272B05D90E
:10EB8000A31993F88C301A09062A0ED0AB4AAA4969
:10EB900008202BF00AFEAA4AA74908202BF005FE00
:10EBA0000121032006F094F8F7E094F879108C36F0
:10EBB0001B0104F11C0C11F02002264408AD0DF1DC
:10EBC000200B16BF01F0DF029246B4F846A084F88D
:10EBD0007920727843EA121384F87C30B379B788CD
:10EBE00084F87730002384F87830F37984F876302D
:10EBF000BCE80F000FC5DCF8003004F1080C2B60F6
:10EC00000DADBCE80F000FC5DCF8003006F10802BE
:10EC100006F118002B6004F11D03194652F8045B3D
:10EC2000824241F8045BF9D1042104F1090806F19C
:10EC300028052177414652F8040BAA4241F8040BFB
:10EC4000F9D1042205932272627FFF2A10D094F832
:10EC50004C2090070ED510227A4940462EF0DBF862
:10EC600030B1059B1022774918462EF0D4F808B928
:10EC7000754A8CE7637AFF2B04D1A37A190708D170
:10EC8000724A84E794F87A3013F0300F01D0704A5A
:10EC90007DE794F87A305A0707D54946404602F096
:10ECA00097F9022801D06B4A71E797FA97F8B4F800
:10ECB0004030B4F842201FFA88F8D21A08F1270130
:10ECC000914207DB04220023009249462046FDF7CB
:10ECD00073FD02E108F128018A42C2BF03F1280254
:10ECE0004244A4F84220B279002A5AD1ADF81E203D
:10ECF000002FE7D08C3320462A4649462344EB1A9E
:10ED00005345ACBF00230123CDE901B30DF11E0330
:10ED10000093434623F01BFFBDF81E300446002B32
:10ED20005BD0A8EB03082E461D441FFA88F894F820
:10ED30007A7017F0400717D0002321460DAA4846E5
:10ED40008DF81E300DF11E0300935B46D9F8B071AB
:10ED5000B8470446002840D09DF81E30002B3CD117
:10ED600090F87A70C7F3801733783A2B08D1B8F14E
:10ED7000030F05D92B78872B08BF47F00107FFB297
:10ED800094F879301B070ED5BAF1000F0BD152461B
:10ED90005146204605F024F828B9204602F0C8F86C
:10EDA0009BE00636C3E72C4A082023492BF0FDFCE4
:10EDB000BFB92046FFF796F907460346627AFF2A55
:10EDC00011D120463A464946FFF70EFD0446E0B908
:10EDD000224A082018492BF0E8FC204613B0BDE871
:10EDE000F08F0123EAE783B91D4A082012492BF06E
:10EDF000DCFCD9F8983113B12146484698475A4669
:10EE000049462046FFF7E0FA67E00027154A0A491D
:10EE100008202BF0CAFC3378ADF81E70B8F1000F53
:10EE200024D13B2B00F085800F4A082002492BF0AB
:10EE3000BCFC47E741390508653805085F39050816
:10EE4000CF3A0508905C05086C3905087939050842
:10EE50008639050893390508A03905088452050844
:10EE6000B7390508DF390508033A05082B2B66D0AA
:10EE700022D8112B00F0B380292B00F0DD80062B67
:10EE800000F0C18008209E4A9E492BF08EFC94F829
:10EE90007A3030785B0740F1208103469A4A9949DD
:10EEA00004202BF082FCB4F8403004228C3323443D
:10EEB000F31A0093012308E73A2B00F0B5800ED82F
:10EEC0002C2BDFD1914A08208E492BF06EFC434653
:10EED00032462946204600F073F904467DE73B2B75
:10EEE00027D03C2BCED18A4A082086492BF05DFCE6
:10EEF000B4F8403020462A468C3349462344EB1A66
:10EF00005345ACBF00230123CDE901B30DF11E032E
:10EF10000093434623F01BFE0446BDF81E30002B31
:10EF20003FF45BAFA8EB03082E461D441FFA88F898
:10EF300071E7784A082073492BF037FC2DE7764AB1
:10EF4000082070492BF031FC94F87A308DF81D7050
:10EF500013F004030DD0714A04206A492BF025FCFC
:10EF60000320012105F0B4FE204601F0E1FF044634
:10EF70002EE0B8F1030F06D804220092494620463D
:10EF8000FDF71AFCF3E76A78B4F8401001328C31CF
:10EF9000B8EBC20F21444FEAC20004D26A1C521AD5
:10EFA00000920422EAE76A1A52450FDBAA78032A84
:10EFB0000AD10DF11D032A464946204600930DF162
:10EFC0001E0307F027FDD2E7EA7832B9ADF81E003C
:10EFD0009DF81D30002BA0D011E7AA1CDFE7504A96
:10EFE0000820484905932BF0E0FB059B40F6B3024F
:10EFF00084F87730B4F84030A2878C332344EB1A7E
:10F00000A4F84630E9E6474A08203E492BF0CDFBFC
:10F0100040F6B703A387337884F8773004F18C0384
:10F02000ED1AA4F84050D8E63F4A082035492BF0A5
:10F03000BCFB40F6B403EDE794F8793013F00B0F06
:10F040003FF431AF5946204624F042FB337884F830
:10F05000773094F87930DF0711D40023B4F84220D8
:10F0600084F8793004F18C03EB1AA4F840309BB299
:10F07000D31A272B09DC40F6BB03A387ADE6204655
:10F0800007F0B6FA0028E8D18AE52A786B781001F3
:10F0900094F87C70254E40EA131007F0030700F047
:10F0A000FC0106EB870600F003003056461C3FF4D7
:10F0B00077AD014322F00F0203F00F03C8B2C1F392
:10F0C000031143EA00130A436B702A70EA7994F83B
:10F0D00076309A4288BFEB71CDE7012304F11C0220
:10F0E00004F1080102F036FF0146204624F008FB37
:10F0F000A36B002B3FF4D7AE40F6BF038AE700BFF7
:10F10000A03A050865380508A93A05082F3A050808
:10F110001D3A05080F3A0508413A0508523A050814
:10F12000763A0508833A0508903A0508425C0508D6
:10F1300010B5044602461021054810F0BDFAE068FB
:10F1400008B101F0F5FE2046BDE8104010F032BBDA
:10F15000B00A0220194BF7B505461C685CB323784A
:10F1600026692B44DBB23C2B237022D96389EBB197
:10F170006778DFB92189E2680B44A2F84230E3687E
:10F18000B3F84220B3F84010283A521A8C310B449D
:10F19000C2F307215A7103221971012339460097DE
:10F1A000E068FDF709FB05F075FCE7602046FFF716
:10F1B000BFFF3446D2E703B0F0BD00BFB00A022063
:10F1C000082B2DE9F04F054689B00BD80422002307
:10F1D000009219462846FDF7EFFA8146484609B0E5
:10F1E000BDE8F08F4E88083BB5F8404076BA98B23B
:10F1F0008C3426F007062C19B6B2049416FA83F361
:10F200009BB25F1E0293CB78BFB213F0010305934C
:10F2100001D04307DAD1BE4206D9049B0231042251
:10F22000C91A00230091D4E7049BCB1A0393BDF8BD
:10F230000C803EBB0B781370059B1BBB04994246A8
:10F24000A94601F108002DF0BEFDB5F84030284672
:10F250000833A5F8403001F085FD43790279083B79
:10F2600003EB0223C3F307224371027195F879304F
:10F27000A5F8468043F0200385F8793040F6BB03BB
:10F28000AB87ABE74B1B081DDFF870A24FF0000BFC
:10F29000843BA5F840302BF0B4FA05F11D038146FC
:10F2A000DAF80040069305F10903079334BBBBF17C
:10F2B000030F07DDDAF8000010B1DAF804001038A7
:10F2C000FFF736FF182010F06DFA044660B18C4B42
:10F2D00018882838404480B224F0CBF9E060002838
:10F2E00045D1204610F066FA0121032005F0F0FC1C
:10F2F000284609B0BDE8F04F01F01ABE61688945A3
:10F3000003D00BF1010B2469D0E7E16806981D31A9
:10F3100024F008FB0028F4D0E1680798093124F0B4
:10F3200001FB0028EDD06378002BDDD1D4F80C90E0
:10F330002189B9F84030724A8B42B2F800A018BF58
:10F340005B1A059A0CBFAAF128035344C2EB423260
:10F350009BB203EBC2039BB29F424ED37B1C694A14
:10F36000042069492BF021FA01216170BDE7B0F852
:10F3700040104FF0000E4FF6FF7205F11C0A414499
:10F3800089B2A0F84010E368A3F84210E3686281F4
:10F390000B4421818D3323F00103A3F800E05A8050
:10F3A00062899A80E368A4F80AE003F11C0CBAE8C9
:10F3B0000F00ACE80F00DAF8003005F1080ACCF8CD
:10F3C0000030E36803F1080CBAE80F00ACE80F0066
:10F3D000DAF80030224610214848CCF80030C4F852
:10F3E0000490A4F800E084F802E095F87C3003F083
:10F3F0000303E3702BF01DFB95E7224609F18C0B0C
:10F4000032F80A3F0B445B44013323F00103588870
:10F41000B0420BD21A1D4FF6FF709B888342F1D188
:10F420003A4A394904202BF0C0F99DE71988B142C6
:10F43000F6D8B842F4D39B88B142138012D2B4F804
:10F4400008C0E3688C44634406F1FF3C8D3323F02D
:10F4500001031980A3F802C0B2F800C0A3F804C0E9
:10F4600011801A1D059B002B3CD0B8420FD9218971
:10F47000DDF808C0E36861440B448D3323F00103D9
:10F48000A3F800C0588011889980A2F800C04FF6F8
:10F49000FF7398422CD020897A1CB5F84010304474
:10F4A000921B8C31584429442DF07FFC99F87A3016
:10F4B00095F87A10C3F38002C1F380010A4362F326
:10F4C0008203134A89F87A3094F9031095F87C3056
:10F4D00002EB810203F00303D356E37001331BD127
:10F4E0000C4A9EE74FF6FF73984299D10123A3700F
:10F4F0002389029A1A44A9F84220CCE7B00A0220D4
:10F50000EE0C0220E13A0508FA3A0508FF3A050830
:10F51000525C0508103B0508002E47D12189B9F837
:10F520004220A378521A92B20BB9083292B2039BCE
:10F53000BDF80C6012FA83F353453FF710AFB9F8EA
:10F54000403043450ED2B9F84430A8EB0A00594484
:10F55000184487B21BFA80F02DF035FCE368278150
:10F56000A3F84070B9F840304846A3EB0803A9F867
:10F57000403001F0F7FB324604992DF016FC99F863
:10F580007A60012229464846C6F3800624F0EDF849
:10F5900099F87A30A9F8468066F3820389F87A30C0
:10F5A00099F8793043F0200389F87930284601F042
:10F5B000BFFC62894FF6FF739A4226D1B9F84030FA
:10F5C00020468C334B445A7822F030025A70B9F8F6
:10F5D0004030E1788C334B445A7842EA01125A7039
:10F5E000B9F84220B9F84030283AD21A8C33C2F325
:10F5F00007214B4419715A710023E360FFF798FD0E
:10F6000040F6BB03A9F83C30E8E54FF00009E5E51A
:10F610002DE9F7430C46A0F1A00608464FF000087C
:10F620000FF03EFF154A0346154904202BF0BDF8A4
:10F6300054F8285FF5B1002120462A462F6810F0C3
:10F640003BF895F879308021284613F0020F0CBF63
:10F650004FF003094FF0070924F016FC40B14B4668
:10F6600001223146CDF80080FDF7A6F805F012FA28
:10F670003D46DFE703B0BDE8F08300BF1C3B050853
:10F68000343B05082DE9F043074685B008460D4692
:10F6900023F0E2FA60B93D4A04203D492BF085F899
:10F6A000284601F045FC0024204605B0BDE8F08363
:10F6B00000F10C0607F1A008314640460CF05EFD53
:10F6C000044608B9334AE7E7837C012B42D8D7F8D0
:10F6D000A091B9F1000F0FD003AB0DF10B02314631
:10F6E0003846C84740B1039B20222146404600933C
:10F6F0009DF80B3029F00EFDA37C012B2AD804F1D4
:10F700002807A36A0026ABB9012E16D82A46002185
:10F7100038462BF0AFF9A57C002DC4D121464046D8
:10F72000012229F0ABFC2B462A462146404623F015
:10F730003FFCB8E701361B68E5E7D4F828900021C4
:10F740003846013E4A460FF0B7FF8021484624F074
:10F75000BBFBD9E7207D287201F030FC04F13001B9
:10F76000024605F109002DF020FB95F87A30DB0701
:10F7700006D42146404605B0BDE8F0430CF068BD14
:10F78000304624F098F80028F3D08DE7393B05087F
:10F79000343B05085E3B05082DE9F0471D461B7804
:10F7A00007460E46FF2B904603D16B7813F00E0FE1
:10F7B00008D1822E03D000242046BDE8F087464BB6
:10F7C0009D42F8D1142023F054FF04460028F2D0C3
:10F7D00001234FF0000900F11D0A80F8776080F8DE
:10F7E00076304A4690F87930514680F8789043F068
:10F7F0000403476380F8793090F87B3023F00C03E2
:10F8000043F0040380F87B30A02380F87C3044234D
:10F81000838704230377384602F06AF9484504DAFF
:10F820001022494650462DF0E7FA0423842E04F1B5
:10F830000901237214D1294B0A4603F1100053F831
:10F84000046B834242F8046BF9D13A462046FEF736
:10F8500073FCD4F88430F3B9204601F069FBAAE7C1
:10F86000822E0DD11C4B9D420AD11D4B0A4603F13D
:10F87000100053F8046B834242F8046BF9D1E4E7BB
:10F880002B460A4605F1100053F8046B834242F8F8
:10F89000046BF9D1D9E7B4F840204FEA182102F1FE
:10F8A0008C032244234482F88C10002205F11001BD
:10F8B00083F801809A70DA701A1D55F8040B8D4296
:10F8C00042F8040BF9D11B1B2046783BA4F84230C8
:10F8D00001F048FA70E700BF805C0508EC5C0508A1
:10F8E000FC5C05082DE9FF47D1F8603106460D465E
:10F8F0002BB1002E59D1002004B0BDE8F08700F1F3
:10F900001D08404623F0D7FF30B910222D4940464C
:10F910002DF081FA0028ECD1B6F84030B6F842203C
:10F92000D21A132A41DD03F18C073344374493F88C
:10F930008C307C7807F1040904EB03243B79FF2B1E
:10F94000A4B205D010221F4948462DF064FA60BBCE
:10F95000DFF874A09AF80030B3B11022194940467C
:10F960002DF059FA80B100226946284602F0C0F80D
:10F97000002809DB1022694640462DF04CFA002889
:10F98000BCBF00238AF80030632C8ABF64230124A3
:10F99000B4FBF3F43B79FF2B0BD14946284623F007
:10F9A000F4FF10B1214623F0ADFB304601F0C0FA60
:10F9B000A1E76D6C002DF8D02846214623F0A2FB6C
:10F9C000AD69F7E7805C0508C294022037B5D0F82E
:10F9D000603105460C462BB1012203B0BDE8304032
:10F9E000EFF7E8B990F8F8305B0720D54B7813F0C3
:10F9F0000E0F1CD004210DEB0100E1F7BBFF019BB2
:10FA000013F1610FF6D80E4A83212846B3FBF2F3B7
:10FA1000013300226382237C43F0010323742346D5
:10FA2000FFF7BAFE03B0BDE8304005F033B800225E
:10FA3000237C62F300036282237403B030BD00BFF5
:10FA4000285C8F020C4A08B513781944C9B27C2986
:10FA500001D8117008BD00231370084B1B78002BD0
:10FA6000F8D0074B42F210728221FFF795FEBDE8F5
:10FA7000084005F00FB800BFC1940220C2940220D4
:10FA8000805C050830B585B0044610220021684628
:10FA900002252DF0B1F902F043F904238DF800009E
:10FAA00068468DF802308DF8085003942BF058FC0E
:10FAB00020B1034A284603492AF077FE05B030BD3D
:10FAC0007A3B0508A03B050838B5036804460025C5
:10FAD00018685D60437B43F03003437302F0B4FA6F
:10FAE000204625600FF066FE054A1388013B9BB255
:10FAF000138013B9022005F0F7F9002038BD00BFCC
:10FB00003E8E02202DE9F04706469EB034200D4679
:10FB10000FF040FE0446002847D05A4A13880133AC
:10FB20009BB2012B138004D196225749022005F085
:10FB3000ABF994F82B3094F82D2023F0010322F038
:10FB4000070284F82B30002384F82D206360238380
:10FB5000C4E908336DB3EF68022104A8E1F70AFF96
:10FB6000BDF81030284603F5743390333B44E3600E
:10FB700023F056FCE3682660A360012384F82C3050
:10FB80000023238584F82A300823E3856FF080233F
:10FB900023634FF40673638303F1986303F58023B3
:10FBA000E3617460306802F0A1F920461EB0BDE840
:10FBB000F087738D06F10808DFF8D09006F118077A
:10FBC000328DADF80A3099F81030ADF8082093B9AD
:10FBD000CA4629462B466A074ED1082104A8E1F7F8
:10FBE000C9FEDDE9041301350AF8011B102DF2D11D
:10FBF000012389F8103004A827F019FD04A809F0A2
:10FC0000FFFB102241460DEB020027F01DFD02A96B
:10FC100004A8022227F018FD102239460DEB02003D
:10FC200027F012FD0DF10A0104A8022227F00CFDB5
:10FC3000102216490DEB020027F006FD202203A931
:10FC400004A827F005FD04A827F0F5FC01210DF11B
:10FC50000700E1F78FFE0E4A9DF8073046F2A81024
:10FC6000116801330B4413600A4A1168039A00FBC0
:10FC700001221A44E2607DE7090A41EA03611B0A96
:10FC8000B1E700BF3E8E022085FA0108C39402202E
:10FC9000D86502206466022010B5036804461B681C
:10FCA000D86948B10420054A05492AF07EFD20465E
:10FCB000BDE8104023F0DABB10BD00BFA43B05082F
:10FCC000A03B050890F82C30023BDBB2092B9ABF11
:10FCD000024A52F823000248704700BF68E2040855
:10FCE000CF370508F8B50C460546002800F0088116
:10FCF00019B9BDE8F84001F01BB9B0F84210B0F8EE
:10FD0000402091420CD094F82D305F0708D5022096
:10FD100094F82C307B4A7C492AF047FD2846E8E7D6
:10FD200095F8783093B1FF2B2AD1102385F87830DD
:10FD300014272846394601F091F8054620BB734A3E
:10FD400002207149BDE8F8402AF02FBD94F82C300C
:10FD50006F48C35C85F8783020680668881AB66BEF
:10FD600080B2864208D8914203D043F0080385F858
:10FD70007830FF2BDCD003E003F0FE0385F8783009
:10FD80009E07D5D51827D4E7B0F84030DB1BA0F884
:10FD9000403000F0E7FF2368011D1B8D1A0A4370F5
:10FDA000027023685B8D1A0AC3708270E0682AF0C3
:10FDB0001FFD0146206A2AF01BFD0646BB000370AA
:10FDC00095F878304370204623F06DFAD4E9082383
:10FDD0009B1AC3F30722F3700023B270337173715F
:10FDE000B371F37195F87830980707D50223337211
:10FDF00004237372E38B1A0AF372B272236805F15B
:10FE0000090103F11802283352F8040B9A4241F811
:10FE1000040BF9D1236805F11D015B8D6B8304236D
:10FE20002B72236803F10802183352F8040B9A422C
:10FE300041F8040BF9D12368062128461B8DEB8578
:10FE400004232B7723F0FAFCB5F84030020A8C33F8
:10FE50002B441A745874B5F84260B5F84030F61B5C
:10FE6000F61A95F87830B6B2990744BF0136B6B2A3
:10FE7000DA0710D594F82D3001365B07B6B204D5F9
:10FE8000244A022020492AF090FC94F82D3043F0B7
:10FE9000040384F82D3066B1E3683344E360238DB6
:10FEA0000BB9E38D238594F82D3043F0010384F8DA
:10FEB0002D3072232946AB87062385F8773000233F
:10FEC00085F87830206823F00EFA94F82C20124937
:10FED0008B5C83B1013B20468B54FFF7F3FE0A494C
:10FEE00003460E4A08202AF060FC28465021BDE84F
:10FEF000F84023F0E9BF2846BDE8F84004F0CABD49
:10FF0000F8BD00BFC43B0508A03B0508E33B05085E
:10FF1000625C0508F83B0508D4940220043C0508FF
:10FF2000F8B5036804461B68DF6C39B18368C360A9
:10FF300090F82D3023F0040380F82D30002F52D19B
:10FF400094F82C303A4AD35C990705D4DA0743D5A4
:10FF500094F82D305B073FD494F82D30002623F021
:10FF6000020384F82D30304623F083FB054680B32E
:10FF7000236800F109015B8D438304230372236826
:10FF800003F11802283352F8040B9A4241F8040B8B
:10FF9000F9D1236805F11D011B8DEB8504232B7717
:10FFA000236803F10802183352F8040B9A4241F80F
:10FFB000040BF9D13FB1B7F84010324628468C31D6
:10FFC000394423F0F3FB6368214628466B63FFF74F
:10FFD00089FEE38D238520E0164A04201649BDE8FA
:10FFE000F8402AF0E2BBB7F84030B7F84260228B05
:10FFF000F61AA38B9342B6B228BF13469E4228BF7F
:020000040802F0
:100000001E465EB989B994F82D3084F82A1043F061
:10001000020384F82D30E38D2385F8BD94F82D304C
:1000200023F0020384F82D309DE701269BE700BFF3
:10003000625C05080F3C0508A03B050838B590F840
:100040002C3004460D46052B08D0082B06D0022084
:10005000124A13492AF0A9FB052038BD0021284681
:1000600023F04EFB002329466B652368186838305F
:1000700024F051F894F82D3013F00101C3F300027D
:1000800001D00020E9E743F001032046218584F8F0
:100090002A2084F82D30FFF743FFF2E72C3C0508B7
:1000A000A03B0508F7B50B680C46896806461F6833
:1000B000411A384650F8383F994228BF194602F095
:1000C0001BFDA660D4E9000393F90D10183029F048
:1000D00080F894F82C30BD6B042B09D9636839463D
:1000E000902093F90D20ABB20093234602F05EF905
:1000F000E368B34257D194F82A3023BB94F82D30EB
:100100009F07C3F340061ED4E38D228D9B1A1BB2BA
:10011000002B05DA254A022025492AF046FB334602
:10012000B4F9301047F6FF72914222D1D9005B003A
:1001300009B221861BB2638603EBE1039BB2072B56
:1001400098BF0823E385002384F82A3023854DB91E
:10015000184A94F82C30D35CDA071ED594F82D3069
:100160005B071AD40021204603B0BDE8F040FFF73A
:10017000D7BEC1F3CF009BB21E1AB2B211FA86F1FC
:10018000360409B248BFC01AB4F93230218648BFDC
:1001900082B2A3EBA3031344CCE794F82D3023F0F1
:1001A000010384F82D3003B0F0BD00BF443C0508C6
:1001B000A03B0508625C050838B5274B04461B8840
:1001C000002B48D0254B1B68002B3DD0DA7C5D6DA1
:1001D000012A17D19A695068A0B1038D93B1A34247
:1001E00002D91B1B03850DE00023038513685A7B8E
:1001F000530707D490F82C30012B03D00B2B03D1DD
:1002000023F00EF92B46DFE790F82D10C9070BD528
:10021000C38D5B009BB2B3F5C87F28BF4FF4C87392
:10022000C38523F09BF9EDE7072BEBD1130605D52A
:100230000B2380F82C304FF4C863D3E7084A022020
:1002400008492AF0B2FADDE7962207490220BDE804
:10025000384004F019BE38BD3E8E0220CC0A022080
:100260004A3C0508A03B050885FA01082DE9F04F36
:1002700089B0436B0546039333B1437AFF2B03D018
:1002800090F87A305C070AD5A04AA14902202AF0EA
:100290008CFA284609B0BDE8F04F00F049BEB0F82E
:1002A0004230B0F840209B1A132B01DC994AECE74E
:1002B000062123F0C3FAA0B105F11D000FF0F0F8FC
:1002C000044605F109000FF0EBF8234600900420E6
:1002D000914A8F492AF069FA0121052004F0F8FCBF
:1002E000D7E7B5F8409009F18C0405EB09032C44DD
:1002F00093F88C20637803EB0223B5F84220EB855A
:10030000A2EB090263885BBA6B83237B1B09B2EB08
:10031000830F4FEA830801DA804AB6E7201DC14403
:100320002AF06FFA064604F108002AF06AFAA5F8E6
:1003300040900746284600F015FDE389B5F84020B7
:1003400007935BBA94F80DB0ADF81630B5F84230AB
:100350009B1A1BF002029BB206920BF001021CBF1B
:1003600001339BB2B8F1140F13449BB202936CD9C2
:10037000A8F114084FF4067314341FFA88F8049394
:100380002378002B67D0012B5CD0B8F1010F07D088
:1003900094F80190B9F1010F02D9C145CA4638D984
:1003A0004FF001095E4A5A4902202AF0FEF9002363
:1003B00005F11C0205F10801062001F0CBFD804685
:1003C00028B183691BB15C68002C40F03681B9F11B
:1003D000000F42D00024B5F81A8005F11D000FF07F
:1003E0005FF8504A00904346494908202AF0DDF959
:1003F0001BF004027FF44DAF1BF0100340F03C8172
:1004000014220192029A324400922A467021204618
:100410006DE0022B10D1B9F1040F0DD163885BBAE6
:100420009BB20493A8EB0A0A4C441FFA8AF8B8F16D
:10043000000FA5D1C146BAE73B4A082034492AF04B
:10044000B4F9EFE799469A46ECE74FF406734FF09C
:1004500000090493ABE79946A9E74C46334B05F1F5
:100460000908B5F81A90D3F800A0BAF1000FB1D07E
:100470009AF80D30590702D4DAF854A0F5E7DAF803
:100480001800038D4B45F7D12949083023F04AFA6B
:1004900038B9DAF818004146083023F043FA00284A
:1004A000EAD0DFF8909099F8023053B1224A082040
:1004B00017492AF07AF999F80230013B89F802309D
:1004C000E7E61BF0040903D01C4A11490420DEE6CC
:1004D0001BF0100F0FD01A4A04200D492AF065F9BD
:1004E00004232A464946CDE900933B46084622F0BC
:1004F0009AFF05468BE0069B002B00F09C8050463F
:1005000023F0E9FC0746F8B90E4ABEE6673C050849
:10051000A03B0508763C0508873C0508AC3C05086F
:10052000C63C0508873D0508D83C0508CC0A0220D2
:10053000AD5D0508E0940220EE3C0508FD3C050891
:100540000F3D0508213D0508D0F8189005F11D0361
:1005500005F12D0109F1180253F8040B8B4242F802
:10056000040BF9D109F1080308F1100258F8041B33
:10057000904543F8041BF9D16B8BA9F82830EB8D1B
:10058000A9F82A30D9F83C309A1C04D0013306D19E
:10059000B24B1B781BB122F023FCC9F83C0021466A
:1005A0004846FFF7AFFA044640B9AD4A0220AD49CC
:1005B0002AF0FBF8384601F09DFE6AE6039B436093
:1005C0001B7B33B9C38BB3F5967F84BF4FF496730F
:1005D000C383BDF8163020462383049BC4E9086614
:1005E000638322F018FE284600F0A2FC0121204679
:1005F00022F025FE78B99C4A02209A492AF0D5F8C3
:10060000204622F00DFF384601F074FE00252846F2
:1006100009B0BDE8F08F0423122280F8782084F816
:100620002C3094F82B3043F0010384F82B30214612
:10063000FFF758FBEAE78D4A47E794F82C30012B87
:100640003FF4C9AEB9F1000F7FF4C5AEDFF82092D8
:1006500019F80330ABB120468249FFF733FB854AD6
:10066000034608202AF0A1F894F82C2019F802304B
:10067000013B09F802300CE60423CDE900233B4698
:10068000C3E60146284623F03BF894F82C300BF0E3
:100690001F0A032B29D11BF010010BF0040300F0FB
:1006A0002A82E268BA4200F06382002B7FF4F1AD47
:1006B0000423002101933B462A46009116E70423B8
:1006C000012184F82C3022F0BAFD064648B1A96B0E
:1006D00023F016F812232146304686F87830FFF7CB
:1006E00001FB284600F024FC90E70BF01702022AD9
:1006F0000CD10B2B0AD1216AB1423FF4AFAE304688
:100700002AF0CAF800287FF4A9AEC2E508F11C005F
:1007100023F070FDD4E90893A3EB090323EAE37304
:100720008342B8BF034604935BB9029B0BB9B14542
:1007300020D0284600F0FCFB0021204622F07FFD5F
:1007400075E709F1FF33049A1344994510D8B14570
:1007500001D8B3420ED2029A002AEAD0721E029940
:1007600099450A446CD89145E3D8934202D2E0E718
:10077000B145EED8314648462AF08EF808B3A9EBC9
:100780000609069B1FFA89F953B1029B09F1FF394B
:100790000BF01D0A0136013B1FFA89F99BB2029347
:1007A000B9F1000F0DD0B5F8403028464E444B4407
:1007B000A5F8403000F0D6FA029BA3EB09039BB2E8
:1007C0000293B5F84220B5F840B0D4F82090A2EBDF
:1007D0000B00049B069203EB090130442AF05CF8FD
:1007E000E0B11AF0010FB0B21FFA89F9BDF810306C
:1007F000069A05D002990AF0FE0A013989B20291DF
:10080000ABEB020BD9444B441B1A12FA83F2A5F846
:100810004220029A12FA83F39BB202931AF0040365
:100820002AD094F82C30082B0DD8042B13D87FF441
:1008300030AD94F82B30D80740F19C8100219AE12B
:10084000914597D991E7093B012B3FF622AD204610
:1008500022F0E6FD1DE570218DE100BF320D022082
:100860003A3D0508A03B0508583D0508703D0508C0
:10087000E0940220A73D05081AF0020110D094F878
:100880002C20042A03D194F82B20D107D6D41AF0B7
:1008900010033FF4B5AD00230422CDE90032EEE6AB
:1008A0001AF0100F3FF4F5AC94F82C30042B19D14A
:1008B000E268BA4266D1BDF81630039A23832368F2
:1008C000C4E90467186892F90D1001F0D7FD0523FB
:1008D00084F82C3094F82A3023B1E38D142B01D8FE
:1008E0001523E385A36839461846049329F0D4FFFD
:1008F000002840F02C81D4F80CB03846594629F035
:10090000CBFF00287FF415AFD4F81090304649464D
:1009100029F0C2FF40B9B14515D16169B94203D090
:10092000384629F0B9FF70B1BDF816302383079B14
:10093000C4E904673BB9BB451EBF94F82D3043F0B2
:10094000020384F82D30049BBB421DD0214638465B
:10095000FFF7A8FB94F82D3013F0040304D0D4E97A
:100960000232981A4342434194F82C20063A052A51
:1009700000F2ED80DFE812F01A00EB00EB0032002D
:1009800029002F00019396E694F82D309A07E1D5BF
:100990000022079984F82A200029DBD062F3410362
:1009A000204684F82D3022F0D9FDD3E7002B00F04B
:1009B000CE80072384F82C3098F90D30002BB4BF7B
:1009C0004FF4FA7300232385C1E0002B00F0BF80B1
:1009D0000B2384F82C304FF4C863F4E7002B00F0AD
:1009E000B680039B4146602093F90D2000230093BD
:1009F00001F0DCFC2BE7B5F84220B5F840309A4214
:100A000040D094F82C30053B022B3BD898F80D30A1
:100A1000990605D55A4A04205A4929F0C6FE3AE7F4
:100A20004FF4076308F11C062946AB87304623F0D4
:100A300072FB1AF0090511D00025404601F01EFB9B
:100A40001AF0010F12D094F82C30043B072B0DD86C
:100A5000DFE803F01D1D29370C0C0C4D304623F048
:100A6000C9FBD8F82030B0EB530FE5DD029B002B1B
:100A70003FF4CDAD1946204622F0E1FB2146FFF7B9
:100A800031F9C4E5284600F053FA0546D8E70823B3
:100A900084F82C3000232385039B404693F90D10E6
:100AA00023F0E3F9E2E7D4E902239A4205D10B23CC
:100AB00084F82C304FF4C863EDE70A2384F82C3017
:100AC000EAE70B23404684F82C304FF4C8632385B3
:100AD000039B93F90D1023F0C8F9039B4146602056
:100AE00093F90D200023009301F060FCBEE74FF462
:100AF000C8632385BAE7002B7FF4CBAB069B002BA2
:100B00003FF404AE049B2046C4E90866638322F0E8
:100B100082FB00293FF4D3AD21463846FFF7C2FAE5
:100B2000BDF81630039A23832368C4E90467186864
:100B300092F90D1001F0A2FC052384F82C3094F8F2
:100B40002A3023B1E38D142B01D81523E385029BB2
:100B5000002B3FF450AF236AB3423FF44CAF002167
:100B6000204622F06CFB2146FFF7BCF8FFF791BB53
:100B7000002BC3D02021204622F043FCFFF789BB85
:100B8000B23D0508A03B05082DE9F341838F0446DB
:100B900003F0F003B02B1CD1B0F84030B0F8462081
:100BA00003F18C0813448044A0F8403000F0DAF8D8
:100BB0000023A4F84630B4F84030B4F84250ED1A9F
:100BC000ADB2072D08D8204602B0BDE8F04100F0D4
:100BD000AFB94FF00008EEE703F18C06234420463E
:100BE000264493F88C20737803EB0223E385738803
:100BF0005BBA6383B788E6F7EFFE04467FBABFB2FD
:100C000020B90024204602B0BDE8F081072FDAD9D0
:100C1000BD42D8D3B0F840301F440344A0F842701E
:100C2000B3F8923033BB04F11D000EF039FC4A4A90
:100C300003464A49022029F0B8FD0121052004F0AD
:100C400047F8204600F074F904460028D9D004F192
:100C50008C0706F10803DB1BA4F84030638B7BB9DB
:100C60003F4A02203D4929F0A0FD0121032004F064
:100C70002FF8A8E7112122F0E1FD0028D3D1E6E703
:100C8000072B3CD1E38D072B39D0254615F8093FBA
:100C9000FF2B2DD100222946606B00F091FA00282D
:100CA00091D004F11D0304F12D011A4652F8046B92
:100CB0008A4245F8046BF9D100F1100250F8041B88
:100CC000904243F8041BF9D1E38D20466383072348
:100CD000E3853323A387402384F87630002384F808
:100CE0007C3084F84A3002B0BDE8F04122F014BDF7
:100CF000102204F11D01284622F008FEE4E7B8F1B5
:100D0000000F1FD0A36BEBB9012304F11C0204F107
:100D10000801112001F01EF90146204622F0F0FCE6
:100D2000A16B79B9F61BA8EB0708204604233544CC
:100D3000A4F840800122A4F842500091FBF73CFD4A
:100D400004465FE7012384F87730112384F8783074
:100D500040F63F03A38755E7393E05084E3E050898
:100D6000523E050813B5044600B3B0F84020B0F871
:100D70004210B0F844308A4201D8994214D9022076
:100D8000CDE900210B4A0C4929F00FFDB4F84000D1
:100D900038218C3020440EF0D7FB084A0346064920
:100DA000022029F002FDFEE78C321444204602B0F6
:100DB00010BD00BF5D3E0508903E0508953E050844
:100DC0000844904238BF10460330F8B520F00305C0
:100DD0000E46B5F5803F05F18C0730D238460EF04F
:100DE000E1FC044658B3E4F7E1FD194AADB21368DB
:100DF000AE1B0133B6B21360E4F7ECFD8C22002188
:100E000020462BF0F9FFFF23A4F8406084F84B3014
:100E10004FF0FF33A4F84260C4F8803084F8763095
:100E20000423A4F8445084F860306FF0370384F84A
:100E30007B300121132003F04BFF2046F8BD3B46D9
:100E4000044A05490220002429F0AFFCF1E700BF65
:100E5000DC6502209E3E0508903E05082DE9F8431A
:100E60000D46B0F84270B0F840100446B0F8443077
:100E70007F1A1FFA87F815FA87F7BB423CDA07F1A9
:100E8000030929F00309B9F5803F26DA09F18C003E
:100E90000EF088FC064600B38C2221462BF085FF1D
:100EA000A6F84050A6F8427005F18C00A6F84490D0
:100EB0004246B4F8401030448C3121442BF075FF89
:100EC0001420012103F004FF20460EF073FC30468D
:100ED000FFF748FF3046BDE8F883134A0220134964
:100EE000002629F062FC0121162003F0F1FEA0216A
:100EF000204622F0E9FFEAE7A94212D2A0F84050CA
:100F0000A0F84270B8F1000F0BD08C3105F18C00C5
:100F10004246214420442BF056FF0121152003F0C6
:100F2000D7FE2646D3E700BFBB3E0508903E050826
:100F300010B5044608B3E4F739FD134B1A68B2B193
:100F40001A68013A1A60E4F745FD204622F09BFB3F
:100F50000446806B01F078F8206B0EF02BFCA06D3E
:100F60000EF028FC20460EF025FC002010BD074A9C
:100F70000220074929F019FCE5E7064A0220044946
:100F800029F013FCF1E700BFDC650220C93E05082B
:100F9000903E0508D03E050838B5074B05461C684D
:100FA0000CB9204638BD227C2946204629F0A2FCF7
:100FB0000028F6D16469F3E7BC0A02200238C0B207
:100FC00005289ABF014B185C002070476E5C05082D
:100FD00070B5067804460D46FF2E03D1407800F028
:100FE0000F0070BD22F067FC28B91022134920467B
:100FF0002BF011FF08B90220F3E7FE2E04D163782D
:1010000003F0C003C02B14D02946204619F03AFF44
:1010100088B90C220A4920462BF0FDFE28B9237B13
:10102000A92B04D1637BFE2BE5D00E20D9E77F2BC3
:10103000FAE70520D5E70320D3E700BF905C050859
:10104000A05C05082DE9F04107461C200E4690469D
:101050001D460EF09FFB044650B33246394629F038
:1010600067FC154BA5741D68267484F811802DB992
:1010700022461421104829F0FDFC17E02B7CB342D6
:1010800001D96D69F3E70CD132463946284629F07B
:1010900031FC30B120460EF08DFB6FF00100BDE851
:1010A000F08122462946142029F0DCFC0020F6E7D6
:1010B0004FF0FF30F3E700BFBC0A022070B52C4DA3
:1010C00086B02C6854B122466669142128460EF079
:1010D000F3FA20460EF06EFB3446F3E72346322245
:1010E00080212448FFF7AEFF214601232822204615
:1010F000214CFFF7A7FF0423232260211F48FFF79D
:10110000A1FF238810211E22ADF8103002230DEB21
:101110000100FFF797FFD4F8020005232021059076
:1011200005A81A46FFF78EFFFC23032207218DF83E
:10113000043001A80D23FFF785FF0323012260215E
:101140000C48FFF77FFFE38801220A21ADF80C303D
:1011500003A80B23FFF776FF238901221021ADF8A6
:1011600008300C2302A8FFF76DFF06B070BD00BF6A
:10117000BC0A0220905C0508DEDA0408A05C0508C1
:101180000E4B70B506460D461C6814B94FF0FF3083
:1011900011E0237CAB420FD12A463146204629F08C
:1011A000A9FB48B12246142104480EF085FA2046D6
:1011B0000EF000FB002070BD6469E6E7BC0A022067
:1011C0002DE9F04F0F4687B00146914680463846DC
:1011D000FFF7FEFE01903846FFF7DEFE0490B9F1FE
:1011E000000F02D14B4BD3F80090D8F838400026BE
:1011F0001CB9304607B0BDE8F08F94F821309B074A
:1012000016D4A6B11022394620462BF004FE002841
:1012100079D041463046FFF7DBFE05464146204681
:10122000FFF7D6FE854205D2019BAB4200D9264688
:10123000E46ADDE703D9019B8342F9D8F7E7B26995
:10124000A3690AB3002BF3D03046FFF7A5FE029046
:101250002046FFF7A1FE049B02999A7C897C837C3F
:101260009142039013D19942E2D196F8213094F83B
:1012700021505D4015F001050CD003F00103C9F3C6
:1012800000429342D4D1D2E7002BDDD0CFE79A427F
:10129000EBD1CCE7337C3A4630461946059322F031
:1012A000DFFA94F810A083463A465146204622F0D1
:1012B000D7FA8345BCD8BAD3059B402B25D106224B
:1012C000154906F108002BF0A6FDBAF1400FB0FA5F
:1012D00080FB4FEA5B1B08D106220F4904F108008E
:1012E0002BF099FDB0FA80F56D09AB4504D0C9F338
:1012F00000235B459BD19BE7029B5A7C039B5B7C55
:101300009A4294D394E7264673E7BAF1400FF3D19B
:10131000AB46E1E7B80A0220395D05082DE9F04740
:101320008046894692461F460BB9334B1F68D8F852
:101330003850002615B93046BDE8F08795F82130C1
:101340009B0712D452464946284629F0D3FA60B189
:1013500056B141463046FFF73BFE0446414628461B
:10136000FFF736FE844202D22E46ED6AE2E7FCD851
:10137000B269AB69E2B1002BF7D03046FFF70CFE43
:1013800004462846FFF708FE627C437C9A42ECD86C
:10139000EAD396F8213095F821405C4014F001041E
:1013A00009D003F00103C7F300429342DDD1DBE72C
:1013B000002BE2D0D8E7337C402B08D106220F491E
:1013C00006F108002BF027FDB0FA80F464092B7CAD
:1013D000402B0FD10622094905F108002BF01BFD17
:1013E000B0FA80F35B09A342BFD0C7F30023A34246
:1013F000BAD1BAE70023F6E7B80A0220395D05083A
:101400000E4B10B504461B685BB90C200EF0C2F9F8
:10141000024658B90A4A02200A49BDE8104029F09C
:10142000C4B91A68A24208D05B68EDE704600421E1
:101430000248BDE8104029F01DBB10BDC40A0220BF
:10144000D83E0508F73E05080C4B2DE9F04105464E
:101450000C4616461F683FB9636A63B1324621469F
:101460002846BDE8F04118473B68324621462846E9
:1014700098477F68EFE7BDE8F08100BFC40A02200B
:1014800010B501460446054822F04CFA28B9214619
:101490000348BDE8104022F045BA10BDFC5C0508C9
:1014A0001C5D05082DE9F04390F830300F4687B0F9
:1014B0000546190772D5846B3B4E002C6ED0E3694C
:1014C000D4F82C801BB1BB4203D9DB1BE36144463B
:1014D000F3E70023E36194F821309A0761D594F88B
:1014E00020302BBB314B02AA03F1080E18680833D9
:1014F00053F8041C94467345ACE803006246F5D1EA
:10150000186802A91B79CCF8000028468CF8043032
:10151000B4F80D30ADF81530E37B8DF8173022F0BC
:1015200042FA28B194F8213043F0040384F82130C2
:1015300094F8202095F81C319A4214D3238C20462D
:101540003340238495F90D900DF0AAFF184A0090BE
:101550004B461849082029F028F900222146284640
:10156000FFF772FF16E00023012221462846CDE94D
:1015700000231A46FBF7C8FB03F08CFAD5F8A83015
:1015800064223233B3FBF2F3E36194F82030013389
:1015900084F8203095F830301B0798D407B0BDE8A8
:1015A000F0830322DAE700BF00FDFFFFE8DA04085A
:1015B000FC3E0508F73E0508F8B5094B06460F4600
:1015C0001C6804B9F8BDE56C0DB9646AF9E72A46F0
:1015D0003B463146204622F030FA6D69F4E700BF01
:1015E000000B0220F8B590F8F93004460D4603F0E0
:1015F00001038B4216D0114F31B93B68984203D199
:101600004FF0FF300DF082F994F8F93043F0010308
:1016100084F8F9303B6833B994F8F93065F3000386
:1016200084F8F930F8BDE66C002EF5D032462B4632
:101630003968204622F001FA7669F5E75C660220F7
:1016400038B50A460C46084905460023096822F0C9
:10165000F4F905F14C00224614210EF02DF8204635
:10166000BDE838400EF0A6B85C660220F0B591F8EF
:10167000213085B005460C465B071BD5164B6A46E4
:1016800003F108071868083353F8041C1646BB42D8
:1016900003C63246F6D1186869461B793060284681
:1016A0003371B4F80D30ADF80D30E37B8DF80F30A9
:1016B00022F0AEF9224605F138002C210DF0FCFF96
:1016C000284607222146FFF7BFFE204605B0BDE8A9
:1016D000F0400EF06FB800BFE8DA0408F8B5054630
:1016E0000E46846B002C3AD0A369E76A5A1E033277
:1016F00003D8B3420AD99B1BA3616369591C03D069
:10170000B34214D99B1B63613C46EBE720460DF0C6
:10171000C7FE1B4A03461B49082029F046F8002350
:10172000042221462846A361FFF78EFEE5E7204606
:101730000DF0B6FE144A03461249082029F035F888
:1017400000230522214663612846FFF77DFE636979
:10175000002BD9D121462846FFF788FFD4E7E96C52
:1017600069B1D1E904345A1C03D0B34203D99B1B9D
:101770000B612146F4E72846FFF762FFF9E7F8BD61
:10178000143F0508F73E05082B3F05082DE9F043F7
:1017900087B00E46054690461F469DF8409022F0C1
:1017A000D1F8014620B10024204607B0BDE8F083FF
:1017B000012F0BD195F8400040B1AA6B0B46002ACF
:1017C0006BD1984202D22846FFF750FF34200DF02B
:1017D000E1FF04460028E6D0342200212BF00CFB68
:1017E0003346224606F1100153F8040B8B4242F8AF
:1017F000040BF9D10E9B84F8108063610F9B84F871
:101800002270A361B9F1000F03D195F81C31002BB0
:1018100050D1324B02AA03F1080C1868083353F870
:10182000041C1746634503C73A46F6D1186802A957
:101830001B79386028463B71B4F80D30ADF815308F
:10184000E37B8DF8173022F0AEF828B194F8213000
:1018500043F0040384F82130002221462846FFF794
:10186000F3FD94F8213030461D4F13F0020F1D4B4D
:1018700095F90D8008BF1F460DF012FE1A4A3B462F
:101880001A49CDE90080082028F08FFF22462C213C
:1018900005F1380029F0EEF886E792F82240012C95
:1018A00006D10133002908BF1146DBB2FF2B88D0D7
:1018B000D26A84E794F8213043F0020384F821309F
:1018C000042102A8E0F756F8029BDA1DF8D8084A6E
:1018D000B3FBF2F301339BB2E361C2E7E8DA040839
:1018E000433F050874EC04084E3F0508F73E050821
:1018F0009999991970B504460D4622F023F80646C9
:10190000C0B128460DF0CCFD0B4A03460B4904201C
:1019100028F04BFF94F89F303146204601330122D6
:1019200084F89F30FFF790FD29462046BDE87040BF
:1019300022F0A0B870BD00BF6B3F0508F73E050858
:1019400038B504460D4922F02EF80D49204622F004
:101950002AF80C4B1D682DB920460B49BDE83840CC
:1019600022F021B82A7D237D9A4204D106492846D7
:1019700022F00BF808B96D6AEDE738BD0C5D05087B
:10198000EC5C0508000B0220BC5C0508F8B50646B7
:10199000C06C0F46154622F016F928B10369AB4218
:1019A00000D205610120F8BD1C200DF0F3FE0446B5
:1019B0000028F8D03B46024607F1100153F8040B0B
:1019C0008B4242F8040BF9D12246142106F14C0057
:1019D00029F050F8044901233A460968304622F0BC
:1019E0002CF82561DEE700BF5C66022010B50822F6
:1019F0000B4904462BF00FFA70B105220949204625
:101A00002BF009FA40B10722074920462BF003FAD0
:101A100020B9E079C00910BD0120FCE70020FAE7F9
:101A2000885C05087B5C0508745C0508024B186837
:101A3000003818BF01207047E46502202DE9F04707
:101A400004469AB00D46274FDFF89C80DFF89C9043
:101A50003A6805F108064AB194F89F3033B9136823
:101A6000AB60536873601AB0BDE8F087684625F034
:101A7000DEFD684607F0C4FC08222946684625F0CA
:101A8000E3FDD4F820A0BAF1000F27D05046DEF7CE
:101A900073FC51460246684625F0D6FD012204F14A
:101AA0009F01684625F0D0FD98F80020D9F8001075
:101AB000684625F0C9FD40223146684625F0C8FD3C
:101AC000684625F0B8FD3046FFF790FF0028CAD0E1
:101AD00094F89F30013384F89F30B9E7012204F174
:101AE0000D01D8E7E0650220EC940220E4650220B5
:101AF0002DE9F0470C469146804600283CD0002650
:101B0000876B35467FB95DB3B9F1010F28D03CB181
:101B100005F1100355F8042B9D4244F8042BF9D12C
:101B20000020BDE8F08797F821309B0710D4384695
:101B3000BA4621F0C0FE58B198F80C3053B90622CD
:101B40000F4907F108002BF066F918B936B93D4680
:101B5000FF6AD7E73E46002DFAD0AA465546D3E79E
:101B600056B1002CDCD006F1100356F8042B9E422F
:101B700044F8042BF9D1D3E74FF0FF30D1E700BF91
:101B8000395D05082DE9F04105460E4621F0E8FED5
:101B900010B10020BDE8F08129463046FFF718FA61
:101BA000114B074605EB00081C6814B94FF0FF30D5
:101BB000F0E7AC4201D1646AF7E7E319DA7B98F801
:101BC0000F309A42F7D13146204621F0C9FE002855
:101BD000F1D0D4F86031002BDBD021463046FFF73E
:101BE000F7F90328D5D8E6E7000B022038B50578C9
:101BF00004460A462846FFF7E1F9014670B1023D66
:101C0000012D9CBF82F00102A0EB420104F1010012
:101C100098BFC9B2BDE838400DF096BC004838BD49
:101C20007A3F050870B5234D2A68A2B1938A94685B
:101C30001844136980B290825969A1420CD991600D
:101C4000117B022908D002230120137322F055F8DA
:101C50002B6800229A8270BD0928FCD90A3890822C
:101C60009C6853689C4212D9137B022BF3D001204D
:101C700022F043F82B6802221A731B690E4A9B68F4
:101C8000E31A0E490820BDE8704028F08EBD1368A5
:101C90009C420CD9107B0028DDD122F02EF82B6855
:101CA00001221A731B69064A9B68E31AE9E70023BD
:101CB0001373D0E7E8650220803F0508A33F0508BD
:101CC000A83F050870B5154E346814B16FF00100D7
:101CD00070BD0DF0FFFC0028F8D018200DF05AFD63
:101CE00005463060B0B10DF0F5FC336828615F2126
:101CF000186902684A436421B2FBF1F21A60026873
:101D000063201C73424320469C829C60B2FBF1F22C
:101D10005A60DDE74FF0FF30DAE700BFE8650220E8
:101D2000014B93F900007047340D0220C3B20F2B12
:101D300008D8054B53F8200028B1837C002B08BF3E
:101D400000207047002070470466022070B590F9AB
:101D50000C30044601331BD08368CBB1056B90F97E
:101D60000E000EF049FF0B4B00221A70227B5A70B6
:101D700065B16A6B95F87450527B9A70E2699D71F7
:101D80009A800448A368BDE8704018479D70F5E745
:101D900070BD00BF488E022013B50D4C94F9003081
:101DA000013304D100210B480EF07AFE207004218B
:101DB0000DEB0100DFF7DEFD019B13F5804FF6D23E
:101DC000054AB3FBF2F3054A138002B010BD00BF11
:101DD000340D022081210208FFFF0300508E0220F3
:101DE000084B10B51B680BB9184610BD9A69148DC5
:101DF000844203D192F834208A4201D05B6DF2E72D
:101E00000120F2E7CC0A02202DE9F34104464FF409
:101E100080461C4F1C4D04210DEB0100DFF7AAFD8D
:101E2000019A12F5947FF6D23B880021B2FBF5F2BD
:101E3000013313449BB21A461046A2F58042B0F516
:101E4000804F92B218D29A0BA3F5804802EB42025F
:101E5000920392B290441FFA88F879B9214640461D
:101E60003B80FFF7BDFF58B1013EB6B2002ED2D184
:101E7000304602B0BDE8F0810121DDE71344EDE713
:101E80004646F5E7508E02206E128300F8B50546EF
:101E90005C200DF07FFC044620B35C2200212AF078
:101EA000ABFF04F11C07FF2304F138063846E57444
:101EB000237322F0F5F8304622F0F2F8012D0CD110
:101EC0004FF400734FF400613846A36422F080F9A8
:101ED0004FF40061304622F07BF92246542102483B
:101EE00028F0C8FD2046F8BDCC0A022010B50446F3
:101EF00020B1038A01339BB213B10382204610BD87
:101F0000024A0220024928F050FCF7E7C73F0508C3
:101F1000D43F0508F8B50D4E10230D4F3478013429
:101F2000102CA8BF002457F8242042B965B20573CD
:101F3000FFF7DCFF347047F824002846F8BD013B6A
:101F400004F10104ECD14FF0FF35F6E7330D022028
:101F5000046602202DE9F84F1F46224B06468846AC
:101F600091461D6802F1010A01F1010B002D36D0E6
:101F7000AC6994F83430B34201D06D6DF6E7112EA0
:101F800001D0062E0DD1238D002BF6D0B8F81220EB
:101F90009A42F2D1638D07B19BB1B9F812209A42EF
:101FA000EBD177B9594604F1080021F0BBFC0028B9
:101FB000E3D06FB9514604F1180021F0B3FC70B9B9
:101FC000DBE7094904F1080021F0ACFC0028E9D066
:101FD000054904F1180021F0A5FC0028EAD02846A4
:101FE000BDE8F88FCC0A0220AD5D050810B5038A64
:101FF000044623B1104A0220104928F0D6FB637B27
:102000005B0604D50E4A02200C4928F0CEFB22467E
:1020100054210C480DF050FB04F11C0022F0CFF8C5
:1020200004F1380022F0CBF8A06921F00EFF204621
:10203000BDE810400DF0BEBBD83F0508D43F0508F1
:10204000E33F0508CC0A022008B540B1038A43B932
:1020500090F90C300220074A074928F0A6FB00201F
:1020600008BD013B9BB20382002BF8D1FFF7BEFFF6
:10207000F5E700BFF03F0508D43F05081FB504464B
:102080001022002168462AF0B7FE0B4B20461B7831
:102090008DF8003003238DF80230FFF727FF019001
:1020A000684629F05DF928B12046FFF7CDFF0020F2
:1020B00004B010BD0120FBE7340D02207FB5856B15
:1020C00004467DB900F11C0300F1080290F8781075
:1020D00090F8770021F066FE054650B30146204691
:1020E00021F00EFB6B7B3F2B23D895F90C3001338D
:1020F0001FD02B8AB3F5007F16D22E6AF6B105F1F8
:102100001C06304622F076F8B4F84230B4F840208D
:102110009B1A98420DDB2846FFF7B0FF48B12146D5
:10212000304621F0E5FF21E0124A0220124928F052
:102130003CFB2046FEF7FCFE012018E0A06BFFF7F9
:10214000D5FE1022A063314668462AF055FE0B4B9F
:10215000684601941B788DF8003002238DF8023018
:1021600029F0FEF810B12046FEF7E2FE002004B090
:1021700070BD00BF08400508D43F0508340D02209B
:1021800070B58378013B032B00F28580DFE803F014
:102190000237777E4468236893F90C20013218D007
:1021A00093F90E000EF028FD23685B7B9A0718D583
:1021B000394D0026A3682846AB6023792B7023682D
:1021C0006E601B7B6B706379AB7023689B6898476C
:1021D000AE602068FFF738FF2046BDE870400DF084
:1021E000E9BA2E482379037023681B7B4370E38888
:1021F00083806379837023689B689847E9E7456823
:102200000DB1AC6B4CB90220254A264928F0CDFA15
:102210002846BDE87040FEF78BBE94F90C300133C0
:1022200001D0A3683BB92846FEF782FE2046BDE8F0
:102230007040FFF709BF637B9B0710D594F90E0030
:102240000EF0DAFC1848227B002342706A6B0370A0
:10225000527BC0E901538270A3689847E6E704F116
:102260001C06304621F0ABFF2946304621F040FFE6
:102270002046FFF76BFD304621F0A1FFD6E744680A
:10228000002CD3D02046FFF761FDCFE78089BDE861
:102290007040FDF791BF70BDF8650220408E0220AE
:1022A0002A400508D43F0508EC65022038B5437B79
:1022B00004460D465B0606D40C4A02200C49BDE8D4
:1022C000384028F072BA0246002180680DF0F4F917
:1022D000637B2046A56023F0400363730023C4E9B9
:1022E0000034BDE83840FFF7AFBE00BF50400508DE
:1022F000D43F050810B5437B044663F04F03437396
:1023000083695868C8B1FDF7C7FCA369586808B16C
:1023100021F0FBF8A369586808B121F06AF804F1CC
:102320001C0021F04CFF637B5B0622D4206830B395
:102330000468FFF7DFFF2046F9E7114A083302F18E
:10234000100152F8040B8A4243F8040BF9D1A36937
:102350000B4A183352F8040B8A4243F8040BF9D1A4
:10236000A26900231385A2695385A26982F83430DB
:10237000D5E720460021BDE81040FFF797BF10BD0C
:10238000AD5D050870B5084EFF23044656F8205091
:102390002B732846FFF7AEFF2846FFF755FE0023B4
:1023A00046F8243070BD00BF046602202DE9FF41CD
:1023B0001F464B7B80460D463F2B164626D80C20E9
:1023C0000DF0F0F9044608B32846FFF78FFDBDF87D
:1023D000283020601022E3800021684684F80480C1
:1023E000A76066712AF008FD0A4B684601941B78C5
:1023F0008DF8003001238DF8023028F0B1FF28B1AC
:102400002846FFF721FE20460DF0D4F904B0BDE8C0
:10241000F08100BF340D022073B5437B04460E46A5
:10242000154613F0090F07D1124A0220124902B0D3
:10243000BDE8704028F0B9B923F00103383043F00B
:10244000380300F82B3C21F0BAFE637B13F0400305
:1024500006D00021204602B0BDE87040FFF726BF3D
:102460002DB13246214628460093FFF79FFF02B068
:1024700070BD00BF5C400508D43F050813B5447B20
:102480000A46E30707D4114A1149022002B0BDE809
:10249000104028F08AB914F0080301D00D4AF3E780
:1024A00024F0010114F0400441F0080108BF234664
:1024B00041730BBF014600931020816814BF402078
:1024C0000094FFF773FF02B010BD00BF8040050805
:1024D000D43F0508994005082DE9F84FDDF82CA0F8
:1024E00081460C461546BDF8287098469DF830B0D8
:1024F00013B1FF2388F80030BAF1000F0BD0B9F107
:10250000010F20D154B1012C1BD0112D1FD82D4B00
:10251000EB40DB071BD50120BDE8F88F11252FB15B
:1025200029463846FFF75CFC012849D02046FFF7D2
:10253000ADFC044670B9244A2449022028F035F93C
:10254000E9E70625EBE74FF6FF770025E8E74FF6CA
:10255000FF77E5E721F0F3FB064620B92046FFF7B9
:1025600045FD1B4AE8E7A0612046FFF7D3FC88F849
:102570000000013008D1174A0220144928F015F94B
:102580002046FFF733FDC6E74FF0000884F80D80C2
:102590000EF02CFBFF23A07384F81290C4F808A05F
:1025A000A382C4E90084BBF1000F03D0637B43F036
:1025B00002036373002086F8345037853460ABE73C
:1025C0000220A9E741000200B5400508D43F0508F4
:1025D000CC400508E54005082DE9F04F85B0804660
:1025E0009A460C46FFF7A2FB1646074608B18569D6
:1025F00045B94346B64AB749042028F0D6F84FF00B
:10260000FF350FE2002957D0B1F84230B1F8402031
:102610009B1AADF80E30FB7C012B57D17B7B03F06E
:102620001803082B40F052822EB133681BB1736837
:10263000002B40F04B82BDF80E80B8F1000F00F087
:102640003F82002C44D107F1380021F0D3FD8045B2
:1026500008DDBB6C834200F33C821AF4804F01D149
:10266000ADF80E00BDF80EB0584621F002F8044651
:10267000002800F00A81B36803F108090023F2681A
:102680009A4225D959F8042C204659F8081C09F11A
:1026900008095A45019328BF5A461FFA82F8424654
:1026A000ABEB080821F082F81FFA88FBBBF1000FA2
:1026B0000ED0019B0133E2E70DF10E01104621F02F
:1026C00094FB0028A7D14FF0FF30E7E0002CC9D0E1
:1026D000BDF80E30A4F84830FB7C012B10D168689F
:1026E00028B97D4A7B49042028F05FF805E021469F
:1026F000FDF7A4FC002800F0E3816FF0020591E1F2
:102700003B8AB3F5007F03D3744A0220714974E712
:102710003946204620F0F4FF2B8D002B00F0AD80D1
:1027200095F8383084F87C3094F87B3095F8362072
:1027300062F3871384F87B3095F9373094F87B2067
:10274000003B18BF012363F3451284F87B2095F802
:10275000392094F87B3062F3820384F87B3095F85B
:10276000393094F87B20C3F3001363F3041284F828
:102770007B206B8D002B00F08B8005F118085849E9
:10278000404621F0CFF8002840F08280404604F116
:10279000090305F1280250F8041B904243F8041B7A
:1027A000F9D16B8D638304232372002E00F01D8109
:1027B0007268002A75D17369032B40F21181336965
:1027C0004FF000094FF0FF3804F11D0B002B40F0D3
:1027D0008B80237A002B5FD0FB7C002B00F00D81D7
:1027E000022B7FF40CAF95F834303A2B40F0018186
:1027F000B4F84030B4F84220D21A032A40F36C8176
:10280000E2180433204692F88C1084F8771092F87E
:102810008D20A4F8403084F87820FEF7A3FAF42342
:10282000A387237F002B40F0EA8005F108062C499E
:10283000304621F077F8002840F0E180304604F17E
:102840001D0305F1180250F8041B904243F8041BC5
:10285000F9D10423237704F11D06304602F01EFA55
:10286000002800F0D08030460CF01AFE1D4A0346C6
:102870001849042027F099FF3FE795F83400FFF747
:10288000C3FA288500287FF44BAF6FF00105C9E03B
:1028900000232372002E8BD16FF0040005B0BDE839
:1028A000F08F3368002B3FF4AAAE142A7FF4A7AE52
:1028B0005A8A04F109016283042222725A1C1133DC
:1028C00052F8040B9A4241F8040BF9D173E700BFA8
:1028D000FA400508D43F05080741050825410508C9
:1028E000AD5D0508474105089A78292A29D1DA788B
:1028F000181D013A0D2A24D8DFE802F036232323DD
:10290000475923290723232323681A88152A7FF48C
:1029100076AE0246594600F1100C52F804EB6245BF
:1029200041F804EBF9D16F49019320F0FBFF80F0EF
:102930000100019B8000207793F91420002AC8BF72
:1029400090461946304627F01AFF03463EE71A889C
:10295000062A7FF454AE9A88013292B2B2F5807F93
:102960003FF64DAE8146ECE71A88062A7FF447AE63
:10297000B3F90420511C04D14FF0000284F87C20EC
:10298000DFE791B2FF29F9D939E61A88052A7FF4E1
:1029900036AE93F904104A1CD2B2022A3FF62FAE8B
:1029A00094F87B2061F3871284F87B20C9E71A88AA
:1029B000052A7FF424AE1A7993F90410012A3FF610
:1029C0001EAE94F87B2061F34512EDE71A88052AC4
:1029D0007FF415AE197994F87B2061F38202E3E766
:1029E0004FF000094FF0FF38F3E6B1464FF0FF38E3
:1029F000F2E684F87730F22312E7F32310E7237F1F
:102A0000042B3FF428AFB8F1000F16DD404601F06B
:102A1000C1FF0646B0B96FF00305334A33490420BD
:102A200027F0C3FE324A0420304927F0BEFE14B11D
:102A30002046FEF77DFA284630E72146384621F049
:102A4000DDFAE6E7606395F9353094F87A20B3FA59
:102A500083F35B0963F3000284F87A2097F9153059
:102A6000002B09DD94F8603023F0040384F8603013
:102A70004FF6FF73A4F86A304A462146284621F0F3
:102A80009FF9EB6BC4F88030237FA3B92A6B04F164
:102A900009013046FEF794FB08B9164A22E604F114
:102AA0001D0300F1100250F8041B904243F8041B70
:102AB000F9D1042323772B8D2046E38501F0EAFF2B
:102AC0001AF4804F0BD1BDF90E00E7E66FF0040554
:102AD000A8E76FF06305A5E76FF00505A2E7002002
:102AE000DCE600BFAD5D050870410508D43F050870
:102AF0008F41050884410508F8B506460C4600F1EB
:102B00001407C4B1756935B9124A02201249BDE8EB
:102B1000F84027F04ABEB5F84020B5F842309B1A7D
:102B2000A34209D922442846A5F84020FEF71AF905
:102B300033681B1B3360F8BD29463046E41A21F088
:102B4000C8FA38462A4600210CF0B6FD2846FEF7A2
:102B5000EFF9D6E7AB410508B841050810B5064CBA
:102B600023683BB10BF080FD20B1206828F01DFCEC
:102B70000023236010BD00BF446602202DE9F0430E
:102B8000052A95B007460D4614461E46BDF87080CE
:102B900043D0082A03D1002015B0BDE8F083012AF4
:102BA0006CD105AB0BAA4146304626F03FFF81466B
:102BB0000028F0D1384608990BF076FD074600282A
:102BC000E9D04146304626F018FE0DAB8DF84C009A
:102BD00005AAADF80C90D7E9080183E80300069B2D
:102BE0000BA9384600941193079B1293059BCDE9DE
:102BF0000F530023049303AB21F00EFB0146002882
:102C0000C9D1049C2846BDF80C3022460BF036FB97
:102C100020460CF0CFFD0120BEE70DF114090DABED
:102C20000BAA41463046CDF8009026F0DAFE002887
:102C3000B1D1089938460BF037FD04460028AAD0D8
:102C40000DA9203026F0B4FD07460028A3D1414647
:102C5000304626F0D2FD069B8DF84C004A46119373
:102C60000BA9079B2046ADF80C701293059B0097AB
:102C7000CDE90F530023049303ABBDE7134603498B
:102C8000034A042027F091FD85E700BFD9410508DC
:102C9000BD4105082DE9FF4706462C4A884601211B
:102CA00099460BF0AFF80546304601F073FE074633
:102CB000002847D0DFF898A09AF90040631C06D19D
:102CC000012124480DF0ECFE04468AF80000002C97
:102CD0001EDBDFF884A0DAF8001011BB1022684672
:102CE0002AF08AF84FF481738DF8004002244FF4E3
:102CF0007A716846ADF802308DF808400EF0AAF9F6
:102D0000CAF8000068B9154A2046154927F04DFD5C
:102D10006FF001047DB128460BF046F9FFF71EFF66
:102D200009E04B4607F59072314640460BF0D4FC63
:102D300028B100244580204604B0BDE8F0874FF05C
:102D4000FF34E7E74FF0FF34F5E700BF7D2B0208C3
:102D5000350D02200B42040844660220DE410508BE
:102D6000D941050837B514461D460BF085FCD0B196
:102D7000437864F3000343709CB12C460B4B4278BC
:102D80000B4964F34102427008200A4A002D18BF23
:102D90000A4609490092094A27F007FD002003B0BE
:102DA00030BD074BEBE74FF0FF30F8E7FB4105087C
:102DB0002042050824420508D94105082B42050890
:102DC0000D4205084FF6FC7310B51446013A9A42BD
:102DD0000BD80BF051FC58B1046123460820064A79
:102DE000064927F0E2FC002010BD6FF00100FBE770
:102DF0004FF0FF30F8E700BF46420508D94105080B
:102E0000772A10B514460BD90BF036FC58B1C461C3
:102E100023460820054A064927F0C7FC002010BDBC
:102E20006FF00100FBE74FF0FF30F8E76042050864
:102E3000D9410508054A0346106800B9704790F962
:102E40001C209A42FAD0006AF7E700BFD40A022099
:102E50002DE9F04390F90D4091B017460E462046FB
:102E6000FFF7E8FF0546002800F09080A9B1204652
:102E70000BF0A6FB0446002800F08880052F10D137
:102E80000BF0FEF820460BF005FB464A46490420AD
:102E900011B0BDE8F04327F088BCC07C0BF00EFBFE
:102EA000E8E7032F72D1D0F82880B8F1000F01D0E5
:102EB0003E4AEBE76B7F4246418FC3F38003408E6F
:102EC00083F0010303F0010326F0CDFD81460CF0F1
:102ED00069FC074630B90EB1C823F361344A0220B9
:102EE0003149D5E72422414607A829F085FF05236B
:102EF0006A7F8DF81C3009AB12F0010FD4E90C0188
:102F000083E80300636A0B93E3690C93236A0D93D0
:102F100004F138033DD002F005020121052A8DF8A5
:102F20001C1036D14246CDE90C8807A9384626F058
:102F3000B8FD688926F008FB034600B9A31D0021EF
:102F40001C4A288903910097CDE9019222460BF093
:102F5000C7F9A06250B938460CF02CFC0EB1C8235A
:102F6000F361154A0220104927F01FFC9DF81C3020
:102F7000012B06D1E98921B1AB7C2A8AA06A26F00F
:102F8000EDFA0E4A0820084927F00FFC11B0BDE801
:102F9000F08304F148020492626C0692226C05925E
:102FA00004AAC2E7794205088B4205088F4205084A
:102FB0007D1C050885300208B5420508CC4205088D
:102FC0002DE9F04780460E4601F0E4FC8246A0B1B0
:102FD0004046FFF72FFF054688B1437F002223F0CC
:102FE0000703C260028211468274437740460AF0AA
:102FF00009FF28810BF06EFAE874BDE8F0873046CF
:1030000026F0FAFA871C2820FFB20CF0C3FB044616
:1030100038460CF0BFFB814604B138B920460CF0AD
:10302000C9FB4846BDE8F0470CF0C4BB294628223E
:10303000204629F0E1FE2A46294684F81C804046B5
:103040000AF0E0FE20810BF045FA032322462021FE
:10305000E074C4F81890E782A382094827F00AFDBB
:10306000A469330A30466670237026F0C5FA0AF563
:1030700090710246A01CBDE8F04729F096BE00BF43
:10308000D40A02202DE9F04F99B0084617461E4693
:10309000BDF888A00BF0ACFA044658B9924A022059
:1030A000924927F082FB204621F024FA012019B032
:1030B000BDE8F08F90F90000FFF7BCFE054608B9A7
:1030C0008B4AECE7A06A0AF0CFFF0023072F059098
:1030D000A36201D0874AE2E7334612AA08A906A8EC
:1030E000CDF800A026F05BFC08B1834AD7E7129820
:1030F0000BF000FA844201D0804AD0E7626A129B4A
:103100009A4201D07E4ACAE706A904F1300026F0AF
:103110004FFB08B17B4AC2E7A06920B1BDF822206D
:10312000A3789A420ED90023A3700CF043FBBDF89C
:1031300022000CF02FFBA06108B9734AAFE7BDF87D
:103140002230A370089B04F14809BDF82220A36334
:103150000999E06329F029FE6B7F13F0020F0DD06F
:1031600010221599484629F056FE38B195F91C00F1
:1031700001F010FC10B1494620F0EDFC159B4A46C9
:1031800003F1100153F8040B8B4242F8040BF9D100
:10319000179B6364169B2364139BE361149B236258
:1031A00095F91C0001F0F6FB804608B3204626F096
:1031B00007FA0123074649464046237120F0C2FB27
:1031C000226C8346002862D102904946636C4046D7
:1031D000CDE9002302234022FEF7D8FA83460028D7
:1031E0005ED14A4A0220414927F0DFFA84F804B050
:1031F00000232F6827B14A46A11D95F91C00B84746
:103200006B68002B3FF452AF236C002B3FF44EAFA2
:103210000F93E36B02331193238FADF83830638F34
:10322000023BADF83A30059B1093BAF1030F7FF6DD
:103230003DAF7388AAF10407328806F104085BBA2F
:10324000BFB292FA92F99CB21FFA89F9BC423FF6DA
:103250002DAFA9F11001012931D8032F36D9AAF1D8
:103260000807043C404606F10808A4B2BFB227F0A4
:10327000C8FACDF834800B90ADF830406B680EAAD8
:103280000AA995F91C008DF8289098471EE0014680
:10329000404620F030FB626C5946404620F01EFC50
:1032A00037B11B4A974236BF0A226FF001075743D6
:1032B000184A0123CBF81C70CBF8242099E7B2F50B
:1032C000B85F09D10F2C01D9220708D03F1B08EBAA
:1032D00004061FFA87FAA8E7B2F5C05FF6D1CDF869
:1032E0003080ADF82C30C9E7DF4205088B42050875
:1032F000F542050810430508214305083F4305082A
:103300005843050863430508774305088F430508BC
:1033100099999919512E02082DE9F04F91B007465D
:10332000884616460021242207A89A4629F064FD03
:103330003846FFF77FFD054648B95F4A5F490220DE
:1033400027F033FA4FF0FF3011B0BDE8F08F437F24
:1033500098074FD5E87C0BF0B1F8044650B94346C6
:103360003246E97C38460BF0D1F8044600284AD1B1
:10337000534AE3E76B7F9907E4D5037983B300F100
:10338000480908223146484629F045FD002838D032
:10339000384601F0FFFA07460028D3D020460AF04D
:1033A0006FFE4946384620F0D6FB00232371336870
:1033B000A3647368E364697F0022608EC1F38001B7
:1033C00081F0010101F0010126F0B0FB81460CF013
:1033D000E9F90746F0B920460BF05CF8394AADE749
:1033E00042463146384621F09AF8003818BF01208D
:1033F0004042A9E742463146384621F090F800287D
:10340000ADD10020A0E700F13003D5E9050183E844
:103410000300D0E7C5F800A0012309AA63718DF865
:103420001C30D4E90C0182E80300626A0B9226F09A
:10343000BBF86A7F07A908903846C2F38003520799
:103440004DBF002304AA04961A4658BFCDE90533A0
:1034500026F027FBAE8986B101364FF0FF3ABAFB62
:10346000F6FA0AFB06FB042104A8DEF783FA049EA1
:10347000B345F8D9B6FBFAF6B6B2134B2246288903
:10348000002103960097CDE9019343460AF028FFF7
:10349000A06230B938460CF08DF920460AF0FAFFE8
:1034A00050E700232371E9890029AAD0AB7C2A8A3E
:1034B00026F054F8A5E700BFA24305088B42050893
:1034C000B5430508C643050885300208034B1A6852
:1034D00082420CBFD8680020704700BF48660220B7
:1034E000F8B50C4B06460D468F1C1C680CB92046DF
:1034F000F8BD2368B3420AD10E22A11D384629F037
:103500008AFC20B96B78627953400F2BEFD9A46BFA
:10351000ECE700BFDC0A0220054B1A7832B9012221
:10352000044903201A70322201F0AEBC704700BF7C
:10353000EE940220393502082DE9F04FB04B0026F9
:1035400087B01E70AF4B01901C683CB9002E00F094
:10355000548107B0BDE8F04FFFF7DEBF04F124034C
:10356000019A04F12400029304F1320319460393F3
:1035700024F014F900284CD04FF00009D4F81CA016
:103580004D46BAF1000F52D1284620F072F8074696
:1035900000283ED0B0F84050D4F81CB08C3505441B
:1035A000BBF1000F6ED107F18C033846ED1AA7F876
:1035B0004250FDF7D7FB49F6FF7307F1090204F10A
:1035C0001401A7F87630231D87F878B053F8040B60
:1035D0008B4242F8040BF9D1BB7A23F00F0343F07E
:1035E0000203BB7204233B72B9F1000F0AD03B7790
:1035F00009F1100207F11D0359F8041B914543F826
:10360000041BF9D144233846BB8723687B6301F050
:1036100041FAE76904F12C09002F40F0838026B9B4
:10362000DDE9020124F0B3F80646A46B8DE7B9F199
:10363000000F0CD19AF80D30102B08D10AF11807A1
:103640002068394620F08CF9002818BFB9469AF84E
:103650000D70102F0BD1B9F1000F08D00AF118012D
:10366000484620F05FF980F001073F01FFB20235C4
:10367000504621F021FADAF800A02F4410FA87F71B
:10368000BDB27EE7584621F017FA9BF80C3082460F
:103690002B708300DBB26B709BF80D80B8F1100FBC
:1036A0000CD1B9F1000F05D00BF11801484620F0FC
:1036B00039F960B96B7843F0030320E0B8F1020FE9
:1036C0001BD0B8F1080F1CD0B8F1000F12D14FF089
:1036D0000008023542460BF118012846454429F0FE
:1036E00064FB52460021284629F086FBDBF81030A7
:1036F00053B95544DBF800B052E743F001036B7057
:10370000E7E743F00203FAE71A8B284604931A44CA
:10371000D17E9BF80C20891AC9B227F0D8F8049BF7
:103720001B69E5E73D690DB93F6875E705F1080AD2
:10373000019A4946504624F031F8002852D0EA7FD9
:10374000AB7F2832D5F810B002EB032292B21046BC
:1037500005921FF08EFF0490002843D0059A05F1D2
:103760001A0120F023F8049B298BB3F840208C32F7
:103770000A44995CBBF1000F3CD12068D0F860018D
:10378000C0BB41F02001995405F1420093F84C2050
:1037900003F1090142F0020283F84C204FF00402C9
:1037A0001A721A7705F1320252F804CB824241F8BC
:1037B00004CBF9D105F1220203F11D0105F132001C
:1037C00052F804CB824241F804CBF9D11846216863
:1037D0001FF081FA2B8B0C4A08202B440B49DB7E0F
:1037E00026F0E3FF26B94946504623F0D0FF0646AF
:1037F0002D6998E701F0DF01C5E707B0BDE8F08F5C
:10380000EE940220DC0A0220D6430508E6430508B0
:103810000A4A10B513880C46C97F283B5B1AA17F62
:10382000A3EB012310211380084422460BF044FF30
:103830002046BDE810400BF0BDBF00BF528E0220F5
:10384000094B70B505460E461C6854B12368AB425F
:1038500001D0A46BF9E73146201D20F063F8002861
:10386000F7D0204670BD00BFDC0A02200B78FF2B8A
:103870000DD14B7803F00F03032B06D190F8F830ED
:1038800013F0100F034B18BF1946FFF7D9BF0020E4
:10389000704700BFAC5C05082DE9F04F1F460B7860
:1038A00089B00546FF2B0E469046BDF84CB0DDF8BA
:1038B00050A004D00024204609B0BDE8F08F4B781A
:1038C00003F00F03022BF5D9032B00F0A880664B01
:1038D0001A782AB9012265490F201A70FAF726FCD6
:1038E00031462846FFF7FCFD0028E3D117F5807F1D
:1038F00004BFB5F9567005F1660827EAE7795FFA63
:1039000089F909F144000BF045FF04460028D1D0A5
:103910003346021D06F1100153F8040B8B4242F8A6
:10392000040BF9D12560012104A8DEF723F89DF8E6
:103930001030002223752346627543F81C2F236242
:10394000129B934278DA95F85530A375BBF1000FBE
:1039500001D1B5F864B0A4F818B0BAF1000F70D076
:10396000DAF80000E062BAF804302386159B04F10F
:103970003201002B6AD01B68C4F83230159B9B883B
:1039800004F1240A8B80504623F0DDFE504623F0DC
:103990003CFF4A46414604F14200A4F8407029F039
:1039A00004FA22463821324827F064F83146284686
:1039B0001FF0F9FF94F83730BBB104AA06F11007E5
:1039C0003068083656F8041C1346BE4203C31A4634
:1039D000F6D19DF8113004A9284623F00F0343F0D7
:1039E00002038DF811301FF0DEFF214B1A6800230F
:1039F0009ABB012B7FF45FAF4FF0FF331D49284680
:103A0000019200936FF0FF03CDE90222FFF744FF1C
:103A100095F8F83043F0080385F8F8304BE790F854
:103A2000F830DB067FF553AF124930461FF07AFFBE
:103A300000287FF44CAF3DE7129B003B18BF0123E9
:103A400083E7D5E91601E06221868FE7D5F85E307D
:103A5000C4F83230B5F8623092E71168926B8D424B
:103A600008BF0133C4E700BFED940220E54002081F
:103A7000DC0A0220AC5C05082DE9FF4105460F4633
:103A8000FFF7DEFE044600284AD0274B4FF000081F
:103A90001E68AEB9254938461FF044FF40B1B8F161
:103AA000010F3CD195F8F83066F3C30385F8F83080
:103AB000E16961B10E68204621F01FF83146F8E750
:103AC0003368B66B9D4208BF08F10108E1E739464B
:103AD000284620F05DF894F83730C3B1231D6A46BC
:103AE00004F114071868083353F8041C1646BB4247
:103AF00003C63246F6D19DF801306946284623F0C8
:103B00000F0343F002038DF8013020F041F806481E
:103B1000224638210BF0D0FD20460BF04BFE012051
:103B200004B0BDE8F08100BFDC0A0220AC5C0508EF
:103B30002DE9F04F437A87B00446FF2B039108D15B
:103B4000837A03F00F03022B03D190F87630FF2B1A
:103B50000AD0794A0420794926F027FE204607B08A
:103B6000BDE8F04FFDF7E4B900F109010398FFF754
:103B7000B7FC06460028F1D0B4F840304FF0000AF8
:103B8000B4F842808C33477D08F18C0804EB030BBA
:103B900087F0010704EB08034775009304F11D0348
:103BA0000493009B9B4509D2009BA3EB0B02012AC7
:103BB00028D1634A0220614926F0F7FDF5694FF0EC
:103BC000000906F12C0B002D40F0838006F124053E
:103BD000BAF1000F40F09C80B9F1000F00F0A7800F
:103BE00004F11D000BF05CFC564A034653490820C3
:103BF00026F0DBFD06F13201284623F0B9FDFFF780
:103C00008BFCABE79BF801200BF102099BF800301D
:103C100002F00300832A02934FEA920301934A4B76
:103C2000195CC6D8009B019AA3EB09038A1893423A
:103C3000BFDB80BBDDE903152846EAF78DFC68B3DE
:103C400004F12B0502212A46304620F042FF019B59
:103C5000804609EB030B002838D005690772FDB9CF
:103C6000C5F3C400019BE9B298429AD24846059137
:103C700026F022FE059938B3029B1944C8B2D8F841
:103C80001010B9B998F80C1026F0F5FD40EA0A00BA
:103C90005FFA80FA18E04D468944D4E71021D2E754
:103CA000298B02982944C97E26F0E5FD00B16F708A
:103CB0002D69D4E7B1F818C08C449CF81BC084452A
:103CC00001D00969DDE74F700135C9E74FF0010AFE
:103CD00067E72B7AD5F81080BB421CBF4FF0010973
:103CE0002F72B8F1000F01D12D686CE798F8013000
:103CF000BB420AD04FF00109594608F1080088F884
:103D0000017023F035FDFFF707FCD8F81080E8E7D5
:103D100004F11D000BF0C4FB0C4A034607490820C0
:103D200026F043FDB9F1000F3FF464AF58E7284691
:103D300023F018FD12E700BFEA430508E643050833
:103D4000FA4305080C440508565D05082844050893
:103D500001290BD90378DA060AD49B09054AD05CFD
:103D600001308842ACBF002001207047002070471E
:103D700001207047565D050838B5044608461546CB
:103D800094F87930190703D494F87A305A0706D595
:103D9000104A1149042026F008FD002038BD2B7878
:103DA000DB0601D50D4AF4E704F10901FFF75EFDDA
:103DB0000028F2D094F87930012043F0080384F809
:103DC0007930B4F840308C332344ED1AA4F86C50A9
:103DD000E4E700BF3C440508E64305084444050801
:103DE0002DE9F74FB0F840900646B0F86C300D461C
:103DF00009F18C0992469944B64B10F8094000EB42
:103E00000908A40998F8017013F804B022B990F8D1
:103E10007B305A0700F1498155B906F10901706BF1
:103E2000FFF724FD054618B9002003B0BDE8F08F68
:103E3000002C61D008F1020842465946284620F07D
:103E400048FE044608BB0BF118000BF0A3FC044627
:103E50000028E9D0077302462B8B414680F80DB04D
:103E6000183020F80E3C6B7D00F8103C002342F81F
:103E7000103F40F8042C5A4628F097FF00232246B2
:103E800005F11C00194626F0F5FD16F809309B06D1
:103E900041D43946207B26F0EEFC0028C4D12069AD
:103EA000002856D12B8B6381B6F84030334493F809
:103EB0009390BAF1000F06D1B9F1000F03D009F1C8
:103EC000FF395FFA89F995F83130002B4CD1013771
:103ED0002569FFB22773002D00F0E7802B8B384651
:103EE0002E692B44D97E26F0C6FC18B129462046FF
:103EF000FFF78EFC3546EEE706F11D08716B404674
:103F0000EAF72AFB20B106F12B084FF0020B93E7EA
:103F10004FF0100B90E7736BD3F86031002BB8D1E2
:103F2000D4F8108005F12C09B8F1000FB1D0B8F821
:103F3000183039464344D87E26F09DFC30B14946BE
:103F400008F1080023F014FCFFF7E6FAD8F8108017
:103F5000EAE7038B0344DB7EBB4201D000699FE7A5
:103F6000083023F0FFFB5FE7B9F1000FAFD02868FE
:103F7000D0F860311BB11BF0CDFF0028A7D0B6F8F8
:103F80004280B6F84030A8EB03081FFA88F8524B7D
:103F9000DFF848B11B68DBF800A00193504B1B8889
:103FA0004344B3F5005F2CDD0021DDF804C0084672
:103FB00004E0DCF81C3073B9DCF838C0BCF1000F49
:103FC000F7D10029F0D00B8B0B44DB7E0133037358
:103FD000FFF71EFCDBE71A697AB181B1D2F804E081
:103FE000D1F804B0AAEB0E0EAAEB0B0BDE4594BF82
:103FF0000A4618461B681146DDE70A46FAE71846E6
:10400000F8E73946207B26F036FC00284DD108F130
:104010001C000BF0BFFB8246002846D0B6F84010CB
:1040200042461A308C31314428F0BFFE8AF8219084
:10403000B6F86C200AF1080605F12C01AAF8182040
:104040003046227A8AF80120DBF80020CAF80420E2
:1040500023F079FBAA7D52B3FFF75EFAD4F81090F3
:10406000B9F1000F2BD06669103E328B38463244CE
:10407000D17E26F000FCF0B1102153463246601884
:1040800026F0E3FC164A05F1240432351388204655
:1040900029469844A2F8008023F079FB2946A0B174
:1040A000204623F065FBFFF737FA0120BDE63046D6
:1040B00023F0ABFBD2E7B14501D07669D4E71021FC
:1040C0005246601826F0B5FCDCE7204623F03BFBA7
:1040D000E9E700BF565D0508DC0A0220646602209D
:1040E000528E02202DE9FF4700F109050F460446D4
:1040F000406B29469046FFF7B9FB022F014641D19C
:1041000088B90123A8F800307C4B03F1100253F862
:10411000041B934245F8041BF9D100232377204662
:1041200004B0BDE8F08794F87930DB0626D5B4F802
:1041300040308C3323449A791AB993F82A206D2A97
:104140000AD06F4A6F49022026F02FFB204604B0A8
:10415000BDE8F047FCF7ECBE027D501C0875204618
:1041600083F82D20012294F8793023F0100384F88D
:1041700079302C23A4F86C30FFF732FE0023A8F826
:104180000030CCE748B9A8F80000012294F87B3051
:1041900062F3871384F87B30C1E7B0F94050002DFB
:1041A0001BDDEDB200F14206616BD1F86431002BEA
:1041B0003CD1102D3AD104F11D0130461FF0B2FB65
:1041C00080F001052D01EDB2002F44D0012F46D023
:1041D0002046FCF7ADFE0446A1E70435606B032DD5
:1041E0001AD8DFE805F016130E0214F07AFD4FF628
:1041F000FD73984205D840BA02256E46ADF800001E
:10420000D2E7666B06F590760825CDE700F1DE066D
:10421000FAE700F1E606F7E700220431FCF7D0FFE9
:10422000064608B9384A8DE71025BDE7022DCBD1E7
:1042300004F11D00EAF790F90028C5D0327894F80F
:104240002B309A42C0D1757894F82C30ED1A18BFF3
:1042500001256D00B8E70435A8F800505FE705F1C7
:104260000D0920465FFA89FA09F0F8094946FCF77A
:10427000F5FD044600283FF452AFB0F840304FEA55
:10428000DA0AA3EB09030AF1FF3AA0F84030FCF781
:1042900069FD94F877306D2207460370002331469C
:1042A000063084F8773000F8042CAA1C00F805AC1E
:1042B0004FF0000A00F8032CAA1E00F801ACD2B29D
:1042C0000E2A9CBF114B9B5C2A469B0100F8023CC6
:1042D00028F06BFD022D1EBF4F44012307F8023C5E
:1042E0004FF0000318BF07F801ACA8F8003094F8AD
:1042F000793043F0180384F8793010E7AC5C050896
:104300004B440508E643050852440508475D050887
:10431000254B2DE9F74F0746D3F80090DFF88C8046
:10432000B9F1000F02D103B0BDE8F08F0A22B9F84D
:104330001860D9F81C4009F12C0A564340F6631264
:10434000964294BFB6084FF416764CB36289236840
:10435000BA42019305D82146484620F0CEFB019C85
:10436000F3E7D21B25696281002DF8D0514605F193
:104370000800D5F810B023F00AFA0028EFD1D8F8D9
:1043800000206968521AB242E9D32A8B2946204696
:104390002A445D46D27E01322273FFF739FAE3E701
:1043A000D9F83890BCE700BFDC0A0220646602201E
:1043B0000B4B70B505461C6804B970BD2368AB4251
:1043C0000BD1637913F00C0F07D1E16929B10E68A5
:1043D000204620F092FB3146F8E7A46BECE700BFE3
:1043E000DC0A022038B50C4C054664220B4901203A
:1043F00000F04AFD23782B446578DBB223704DB979
:10440000012207486270074AC3601278027026F0E2
:10441000BEFF257038BD00BF548E0220E543020860
:10442000E40A0220360D022070B505464FF4E47010
:104430000BF0B0F90446D8B14FF4E472002128F033
:10444000DBFC174B01221868014653B291B9012DCC
:104450006373DBB2257323746374A37404BF0623F0
:1044600084F82C30FF23A3734FF6FE73A4F89C301E
:10447000204670BD91F90D609E420AD00E7C964296
:1044800007D04E7C964204D08E7C964201D0496A79
:10449000DCE70132802AD7D14FF0FF33D7E700BFE6
:1044A000000B0220014B93F900007047360D0220EB
:1044B000024A137803431370704700BFEF94022041
:1044C000024A137823EA000313707047EF94022026
:1044D00010B5044C6388834203D804F04FFD0123D8
:1044E000638010BD548E022008B500210D480CF0E9
:1044F000D7FA0D4B187000F0A5FC013004D10B4A1F
:1045000002200B4926F051F900220A4B01200A49EA
:104510001A600A4B1A8064225880BDE8084000F0F7
:10452000B3BC00BFED4B0208360D02206144050804
:104530007C44050864660220E5430208548E02208C
:104540001FB50C460021102284F8340068466186AD
:1045500028F052FC0B4B68461B788DF80030062380
:104560008DF80230637B02248DF803308DF808400B
:1045700026F0F6FE20B1044A2046044926F015F93B
:1045800004B010BD360D0220814405087C440508A6
:1045900037B54FF4167305460C46C0F8F410A0F872
:1045A000F23004210DEB0100DDF7E4F9019A12F578
:1045B000004FF6D20B4BB2FBF3F202F58042A3B2EE
:1045C000240C92B25343190C02FB0412002AAABF16
:1045D000C3F3C0334FF0FF3043EA4200C5F8AC00EC
:1045E00003B030BDFFFF01002DE9FF41964A0646AA
:1045F000964F136803441360954A1388834200F270
:10460000BF80C31A0A203C689BB2B3FBF0F101F1F2
:10461000010800FB11331FFA88F5C31A5FFA88F806
:104620001380B4BB2846FFF773FE284601F0A0FCB8
:10463000284608F077FA404607F0C2FF4046FAF7EE
:1046400089FD2846E4F77EFA28460AF0FBFA284658
:10465000F7F70AFB2846E4F765FA2846FDF7E2FA81
:104660003C68002C40F08F80304601F06BFC3046F7
:10467000F9F7BEFC3046FFF72BFF3046F7F7E4FAB8
:10468000E1F794F9734B5C7004B0BDE8F041E1F7D9
:10469000A1B9237B002B67D194F8303019071DD5C1
:1046A000D4F86021002A50D02946204617F0E9F8B6
:1046B000D4F8783123B12946D3F8AC0023F0C6FBF7
:1046C000D4F8800110B143690021984794F90D0096
:1046D000294605F095F9204613F092FDD4F83801EB
:1046E00008B1C368984729462046FCF7F7FF2946DA
:1046F0002046FBF7A7F9414604F1A00007F0F6FDBC
:10470000294604F5A87024F036FB294604F5AC7060
:1047100024F048FBB4F8F230AB422BD95B1BA4F871
:10472000F230B4F8DA302B449BB2032B28BF0323BA
:10473000A4F8DA30B4F8DC302B449BB2022B28BF4B
:104740000223A4F8DC30646A6BE7D4F8642122B158
:10475000294620461CF038FCAAE7DA06A8D594F9C9
:104760000D0014F030F9A3E7012BB7D1204624F057
:10477000A1FEB3E7D4F8F4102046FFF709FFD0E715
:104780001B1A13806CE7217B002955D194F8303037
:104790001B0730D5658EF5B16B1E012D63861AD1CE
:1047A0001022684628F028FB2B4B022768461B780E
:1047B0008DF808708DF8003006238DF80230637B89
:1047C0008DF8033026F0CCFD28B1244A3846244920
:1047D000658625F0EAFF31462046E5F76BFCD4F804
:1047E000603103B3F1B2204616F02BFD314604F1DF
:1047F000940014F096F804F1A000314624F00FFD67
:1048000020463146FCF74EFE204631461EF0E4FCC1
:10481000B4F8D83033449BB20A2B28BF0A23A4F83B
:10482000D830646A1DE7D4F86431002BDED03146FD
:1048300020461CF0E3FBD9E70129DCD1F1B2204688
:1048400008F0D4FCD7E700BF64660220000B02200A
:10485000F00C0220548E0220360D0220AF440508D1
:104860007C44050870B5B0F89E300025044601264A
:1048700003F0E00380F82F50458647F2305143F0B3
:104880000A03C0F83051C0F83851A0F89E300A230E
:10489000A0F8D8300223A0F8DC30B0F8F83023F4C8
:1048A000E77323F0010343F4E37343F00103A0F83B
:1048B000F830294B1A689B88C0F85E20A0F8623057
:1048C000264B84F8556018689B88A0652046A4F89C
:1048D0005C304FF4E163A4F85650A4F864304023F0
:1048E00084F8F030FFF754FE4FF4A063204684F8BC
:1048F0001C61A4F8A630A4F8EE304FF41673A4F8A7
:104900001E31F9F7D1F9164BC4F894512562C4F859
:104910003451C4F86051C4F86C5184F84050C4E973
:104920000933234643F8945FC4F89830234643F88C
:10493000385FE363234643F8445FA364234643F8A8
:104940004C5F2365052384F85430234643F8CC5F3D
:10495000C4F8D03070BD00BF26E504082CE504087B
:10496000EFBEADDE044B186800B97047037B012B26
:10497000FBD0406AF8E700BF000B0220044A034660
:10498000106800B97047027B9A42FBD0406AF8E792
:10499000000B0220054A0346106800B9704790F9E1
:1049A0000D209A42FAD0406AF7E700BF000B0220C0
:1049B000074A0346106800B9704790F90D208A42F3
:1049C00003DDD0F868219A42F6D0406AF3E700BFD1
:1049D000000B0220064A0346106800B97047D0F861
:1049E00064211AB1D2F8E4259A42F7D0406AF4E77C
:1049F000000B022037B5054658B3234B1C6864BB37
:104A0000284620F01EF9044618B300F5A47022F0E1
:104A1000CBFD04F5A87024F06DF904F5AC7024F01A
:104A20006DF994F90D1004F1A00024F0AEFA1021F4
:104A300020461EF05DFF6B6969462846984703468D
:104A400088B10220114A124925F0AFFE20460AF033
:104A5000B1FE0024204603B030BDD4F87C31AB4217
:104A6000F8D0646ACBE76946204620F062F8224617
:104A70002421054825F0DDFF1022062194F90D00C0
:104A800024F08AFCE6E700BF000B0220D7440508AB
:104A90007C4405081FB50446B8B1102200216846C1
:104AA00028F0AAF9114B684601941B788DF8003064
:104AB00008238DF8023002238DF8083026F050FCD0
:104AC00028B90B4A13680133136004B010BDA38FDB
:104AD0001B0506D42046A0211FF0D6F90446002865
:104AE000F3D02046FCF724FAEFE700BF360D022092
:104AF000606602207FB591F830300C4691F90D20A8
:104B0000022623F0020305460390684681F8303000
:104B100000238DF803204B86C97F01938DF8001088
:104B20002C498DF8086009788DF8011001218DF865
:104B3000021026F015FC20B1274A3046274925F0FF
:104B400034FE002D3BD194F82C30033B042B26D8A7
:104B5000D4F82C31002B3AD004225A70D4F82C31DE
:104B60001B78A3BB2046FCF7EBFE94F8F9301C49F8
:104B7000204643F0020384F8F930F9F7B3F9D4F88A
:104B80002C319B78012B22D0294620461DF0DBFDDD
:104B90002946204604B0BDE870401DF0E6BD204621
:104BA00013F08AFFD4F868313BB90E4A0B4908204C
:104BB00004B0BDE8704025F0F8BD0B4AF6E7D4F824
:104BC0008C3123B1204604B0BDE87040184704B0D2
:104BD00070BD00BF360D0220FC4405087C4405086A
:104BE000805C0508244505082845050870B58378CC
:104BF000082B4CD8DFE803F0054B094B4B4B111643
:104C00001B00BDE87040FDF75DB8848900F07CF9B9
:104C10002046BDE8704000F083B9C078BDE8704020
:104C200020F035B88089BDE87040FFF7DDBC184D35
:104C300044682B68013B2B60D4F884306BB92B6837
:104C4000002B1DD107F092FF636B9BB1D3F8943119
:104C500083B12046BDE870401847187807F080FF00
:104C60000028ECD020461EF00EFD20461DF0F4FF7B
:104C70000028E4D120465021BDE870401FF024B93F
:104C8000E2DA044A0220044925F08FFDDCE770BD1A
:104C900060660220324505087C44050838B5084B9B
:104CA00005461C6814B94FF0FF3038BD2946204630
:104CB0001EF056FE08B9646AF4E70020F5E700BF6D
:104CC000000B0220014B00221A6070476866022028
:104CD00010B5484C2368C3B11B2816D8DFE800F094
:104CE0000E1916203824282C30343C4044484C50AF
:104CF00054585C5F63676B6F72757E821A6801320D
:104D00001A60226853690B44536110BD9A690A44C2
:104D10009A615A6801325A601A690A441A61F4E7C2
:104D20009A6801329A60F0E7DA680132DA60ECE7FB
:104D30001A6A01321A62E8E75A6A01325A62E4E7F3
:104D40009A6A01329A62E0E7DA6A0132DA62DCE7F3
:104D5000DA690132DA61D8E71A6B0A441A63D4E7D8
:104D60005A6B0A445A63D0E79A6B0A449A63CCE7B9
:104D7000DA6B0A44DA63C8E71A6C0A441A64C4E7B7
:104D80005A6C0A445A64C0E79A6C0A449A64BCE7B5
:104D9000DA6C0A44DA64B8E7DA6C521AFAE71A6D88
:104DA00001321A65B1E75A6D01325A65ADE79A6D65
:104DB00001329A65A9E7DA6D0132DA65A5E7A3F851
:104DC0006010A2E7A3F862109FE7B3F86620A3F88B
:104DD00064108A4299D2A3F8661096E79A6E01325F
:104DE0009A6692E7B3F86C208A4238BFA3F86C1039
:104DF0008BE700BF686602200E4B4FF47A7170B5E6
:104E00000D4C93F900000CF01BF80C4D23882E7804
:104E10000133238066B9FFF745FB0346084843701A
:104E2000037023882680C36026F0B1FA01232B701B
:104E300070BD00BF370D0220588E0220F094022072
:104E4000080B022010B50D480BF0C4FF00220C4BDC
:104E50000C4C90429A8020701A811A829A829A830E
:104E60001A841A859A859A861A8703DB4FF47A7119
:104E70000BF0E6FF94F9000010BD00BFF94D0208E9
:104E80006C660220370D022070B505460E4631B320
:104E9000134B9A421ED8632A1FD93223B2FBF3F474
:104EA000E0F784FD0F480C23A2B2012C03FB05039D
:104EB0009A80DA8007D01989312981BF02F1FF3247
:104EC00032399A8019810C235D434651BDE8704008
:104ED000E0F780BD4FF6FF72DFE70124E0E770BD29
:104EE000EDFF12006C66022010B50446E0F75EFD8F
:104EF0000C220448002302FB04004360BDE810407C
:104F0000E0F768BD6C66022008B5E0F74FFD034B83
:104F100000221A70BDE80840E0F75CBDF094022062
:104F2000F8B500260546174C3746A388FBB1AB42BF
:104F300024D82289EB1A312A9BB281BF323A01333D
:104F400022819BB2E2889A4216D8B3FBF2F102FBAF
:104F50001133481C228903EB830380B203EB8303E4
:104F600002EB430323812368A780E7809847033639
:104F70000C340F2ED9D1F8BD0120F4E75B1BA380C0
:104F8000F5E700BF6C6602202DE9FF410A9F0C4641
:104F90001546FFF7FFFC08B3D0F86881B8F1000FA1
:104FA0001CD0A5421DD3F4B94FF6FF73ED1A18BFFC
:104FB0000125404620F038FF1D4A06466B46106822
:104FC000516803C33868796803C39DF8083083F0DB
:104FD00002038DF80830D8F8004034B904B0BDE8B9
:104FE000F0810125E5E70025E3E7204621F029F8D7
:104FF000024620B1204620F011FD2468EDE7694605
:10500000204675B121F034FD0028F6D0204621F06D
:1050100014F802460028F0D03146204603F0A0FAEA
:10502000EBE721F012FD0028E7D02A46F4E700BFA5
:105030003F5D0508024B1860024B1960704700BFC6
:10504000300B02202C0B022010B5044638B1064864
:105050000368083B5B1A03601220FFF739FE204605
:10506000BDE810400AF0A6BBA86602209142F8B540
:1050700005460E46144610D01B4B1A6892B1A14249
:1050800010D260B1611A194B89B21B680B449A4265
:1050900008D200250A20FFF71BFE2846F8BD04F1C0
:1050A0000801F0E720460AF075FB0746B8B10F4A41
:1050B000214611201368083323441360FFF708FECC
:1050C0003DB1B44222462946384628BF324627F031
:1050D0006CFE284631463D46FFF7B6FFDDE7214628
:1050E0000A20FFF7F5FDF4E72C0B0220A86602204A
:1050F00010B528201FF04EFE044698B1002302464A
:105100000821436183614362C0E90030C0E907338D
:10511000FF23038201238374034825F08AFC03489C
:10512000FCF76EF9204610BD240B0220094E04083E
:1051300010B5D0F86811044649B100221FF077FE7F
:10514000034920461EF024FD0023C4F8683110BD39
:105150005A5D050870B5D0F8683104460D4616460C
:105160008B4207D0FFF7E4FF0B492046C4F8685193
:105170001EF019FC16B194F90D302B74267B2846CD
:1051800094F90D4020F04EFE044B02462146304675
:10519000BDE8704004F0F0BB5A5D0508894F020875
:1051A0002DE9FF410746884616461D4621F0FFF9C6
:1051B000044628B94146384603F02EFB044668B140
:1051C0003146204603F0F2F9074678B121F0ADF8F8
:1051D00048B1284A2849022025F0E7FA002630463F
:1051E00004B0BDE8F081384621F09FFA31469DF8C1
:1051F0002C20204603F0EEF9064608B91F4AE9E7DD
:105200006B786946EA888DF80230AB78ADF80620F5
:105210008DF80330EB78AA688DF804302B79029270
:105220008DF805302A78AB89ADF80C301301C2F344
:10523000420203F0100313438DF8003000231A4696
:105240008DF8013003F00CFA0121304621F0D6FB35
:1052500020F0B4FE0146304621F022FA014618B98A
:10526000304621F062FAC9E7BDF82820204621F037
:1052700076F8B4E7604505087A4505087F450508D6
:105280002DE9F0411C464423DDF818800746A3872A
:105290009B2304F109000D4684F877300423164659
:1052A00084F8782023720246274BB8F1000F18BF0C
:1052B000434603F1100153F804CB8B4242F804CB70
:1052C000F9D12946023EFBF783FE02284FF0FF305A
:1052D00088BF0020012E84F8760002D9637AFF2B64
:1052E00002D0C02384F87C30B8F1000F1DD19DB9E5
:1052F0004FF0FF3109E08DB120461EF06DFA10B17C
:105300004663FFF7C7FB96F90D103846FFF750FBD1
:1053100006460028EFD11DB165630FE03546F2E780
:105320002046BDE8F041FBF703BE002DF4D197F90C
:105330001000FFF72FFB05460028EDD12046BDE801
:10534000F041FFF7A7BB00BF5A5D05082DE9F04FFC
:105350008BB005939DF85430BDF850B006939DF87E
:10536000583002900793DDE91773CDE903213846E1
:105370000893DDE9194A21F05AF80190384621F0E6
:10538000C0F85B468046AD4AAD49082025F00DFACD
:10539000029B93F91000FFF7FDFA002C8146D8F824
:1053A000006014BF28251825002E76D1019B1E68A9
:1053B000002E40F0A38028461EF05BF90546002829
:1053C00000F03981B0F84020039902F18C030244C7
:1053D000034482F88C10059A03F1080183F803B0A6
:1053E0005A704FEA1B229E719A70069ADE711A71EA
:1053F000079A5A71089A02F1100052F8046B82421F
:1054000041F8046BF9D1002C40F0818003F11804BD
:10541000D8F800B04FF01E094FF008080026BBF185
:10542000000F00F0BE809BF80120DBF81C3002F07A
:105430009001039380292DD0910640F1938084F848
:105440000080211D84F801909BF80020A2709BF839
:10545000012022F01F02E270DBF8040025F0C8F9F9
:1054600004F10801DBF8080025F0C2F90BF10C0289
:1054700004F110010BF11C0026736673A673E6732A
:1054800052F804CB824241F804CBF9D1BAF1000FB3
:1054900078D02034DDF80CB0C1E7737803F09003C6
:1054A000802B29D0B9F1000F18D03146002348468F
:1054B00011F80C2B0991FBF731FF78B1737809993A
:1054C00043F02003737000F1100350F8042B98424E
:1054D00041F8042BF9D12035ADB20DE07378384690
:1054E00023F02003737020F0EEFE0828F3D17368D8
:1054F00013B973785806EED4F66955E7337C08354E
:1055000076680733DB0813FA85F5ADB250E704225D
:105510001A760E225A7622789A76E278DA76A2788D
:105520001A7722795A77E288110ADA7799772289ED
:10553000110A83F8212083F820106289110A83F868
:10554000232083F82210627883F82420627983F87C
:105550002520A28903F12804110A83F8272083F863
:10556000261055E7384620F0AEFE08287FF467AFD6
:10557000DBF80420002A8DD19BF8012052063FF56C
:105580005EAF87E79BF80120130782D512F0070171
:105590003FF47FAF013922F007020A438BF8012064
:1055A00077E7019B4FF003091E688EB396F810B0A1
:1055B000211DD6F804800BF1070B84F800904FEA08
:1055C000DB0B0BF106030BF1080B6370337CA3704C
:1055D000B37BE370306825F00BF904F10800327CEE
:1055E00006F111015C4425F0BFF9BAF1000F07D1B3
:1055F00033682BB9737B2BB93146384620F071FFE5
:105600004646D2E7013BDBB27373002BF8D1F3E7D8
:1056100005F18C032846E41AA5F84240FBF7A2FBEB
:105620002B46012204990298CDF850A00BB0BDE89A
:10563000F04FFFF725BE0BB0BDE8F08F954505088C
:105640007A4505082DE9F04F85B0161E99460746A4
:10565000109B14BF172002208846DDF838A09DF863
:105660003CB003931EF005F80546002848D0B0F87A
:105670004020002102F18C040244044482F88C1082
:105680006170C6B9023405F18C032846E41AA5F806
:105690004240FBF767FB039B4146384600930022DC
:1056A0002B46FFF7EDFD184A1849082005B0BDE864
:1056B000F04F25F07AB80722A01D6671A270132260
:1056C000E27016F0400218BF4A4616F0200122711F
:1056D00012D053460AF1100253F8041B934240F8CB
:1056E000041BF9D116F0800F04F1170408BF4FF026
:1056F000000B04F801BCC6E7102227F07DFBF1E7A0
:1057000005B0BDE8F08F00BFAC4505087A45050837
:105710002DE9F04F95B0436B0446049323B1D3F8C1
:1057200068B1BBF1000F0AD1B84A0420B84925F08E
:105730003CF8204615B0BDE8F04FFBF7F9BB437FBE
:1057400090F809A0FF2B02D101210F2016E390F859
:105750007850032D00F2B583DFE815F004004B000C
:10576000D9028A03B0F84060B0F84270BF1B012F25
:10577000EADD8E36023F0644394630461FF0C8FA4D
:105780000028E1D030461323072239461FF0D1FA12
:105790000646D8B1C5780436877890F81480049B03
:1057A0009C4A109304F11D0311939B4BBAF1FF0F18
:1057B00014BF91469946DBF800A0BAF1000F08D15A
:1057C0002046FBF7B5FB15B0BDE8F08FA8462F4685
:1057D000E5E7294633463A465046CDF8008020F0AA
:1057E00061FC014610B110AA5046C847DAF800A083
:1057F000E3E7B0F84020B0F84210891A17290ADD13
:1058000002F18C061839064406F11803184607936E
:105810001FF07EFA20B901210F20FFF759FACFE7D8
:105820000023758804F11D0906F108078DF83F3043
:10583000A318484693F88C80737809936BBA9BB28F
:1058400005933379069373790A9309F029FE059A33
:1058500003466F4908200092704A24F0A6FF38469C
:105860001EF029F810B9337AFF2B05D16C4A0220BB
:10587000674924F09AFFCEE73A464146584620F061
:1058800096FE0646B8B93A464146584620F0B8FA60
:1058900050B9384609F004FE434600900820614A9A
:1058A0005B4924F082FF8BE74146584602F0B4FF83
:1058B0000646002884D0049B4946304693F90D20C3
:1058C00020F02FFC4FF6FF7382469D4210D03B46DE
:1058D00042460699584620F095FA90B9384609F0A4
:1058E000DFFD069B009008204F4A494924F05DFFE8
:1058F000BAF1000F3FF464AF5146304620F086FE07
:105900005EE73946304602F051FE054678B93B461F
:1059100042460699584620F075FA0028DED0069ACD
:105920003946304602F056FE05460028E0D02846AB
:1059300020F0FBFC0028DBD1284620F0FBFC08907F
:105940000028D5D139460498FCF71CF948B93846E7
:1059500009F0A6FD354A03462D49082024F025FF0D
:10596000C6E7B4F840000E23B4F842100422091A26
:10597000A430183920441FF0DCF950B383784A462C
:1059800010A98DF84030C3788DF8433003798DF835
:10599000423043798DF84430C3885BBAADF8463065
:1059A00003895BBAADF8483043895BBAADF84A3039
:1059B000037B8DF84130437B8DF84530C389284601
:1059C0005BBAADF84C300DF13F0302F049FE002800
:1059D0008ED0284620F01EFD014648BBDBF81C5047
:1059E0005DB90023602204995846CDF80890CDE9AE
:1059F00000734346FFF726FE7AE7059B3246DBF845
:105A000024104846A8470028EBD171E7B94505089E
:105A10007A4505085D4D0408654D0408DA4505081A
:105A2000EF450508FB4505081C4605083C460508EA
:105A30000DF13F02584620F0E7F90B9000283FF4A3
:105A400057AF0999284620F064FB804638B9099978
:105A5000284620F025FE804600283FF449AFB4F8E0
:105A600040000023B4F842100222091AA430183969
:105A700020441FF05EF910B101238DF83F3030460D
:105A800020F0DDFF002800F0C980304620F0D3FA76
:105A900080450CD1304620F0D6FF059902462846B5
:105AA00020F04EFAC30702D5304620F021FBBAF1B0
:105AB000000F12D1DBF81C70002F40F0B780049B60
:105AC0004946404693F90D200A9B0093069B20F01F
:105AD0003BFB824600283FF473AE41465046DDE969
:105AE000052302F051FE0A99504620F096FBC8B1FA
:105AF000484609F0D5FCA34A0346A349082024F0F0
:105B000054FE284620F0DFFB00F0F703102B00F0D6
:105B10009780082806D1304600211FF085FF2846CF
:105B200020F0E6FBB4F8423030468C33E3180A9399
:105B300020F0ADFA8245814602D1284620F0E3FCF0
:105B400007980A991E230822091A1FF0F2F807463F
:105B500000287DD0C3780430069324F052FE0990CB
:105B600007F1080024F04DFE07F1100203460C92E5
:105B7000049AD2F86421002A67D197F802B04A4605
:105B8000514628460D9321F0A3F80D9B002837D0ED
:105B900000224FF0010C019307F11001099B2846E8
:105BA000CDE9022C00935A46069B20F0B7FC0990E1
:105BB00030B3B9F1000F23D004991FF08AFA049B87
:105BC000D3F868B1BBF1000F1AD0DBF81830BBB1C5
:105BD000484620F007FB0DF1400C034600F1100E83
:105BE0001868083353F8041C6246734503C2944690
:105BF000F6D1DBF8183010AADBF824100998984782
:105C0000069B980607D5089B1BB90C99504620F0B7
:105C1000EBFA0B9B089307F1200092E705994046A9
:105C200020F01CFB00283FF430AF61E6059B3246B4
:105C3000DBF824104846B84700287FF440AFBFE5A2
:105C4000514630461FF0F0FE6CE74FF0400B96E7F0
:105C5000CA4502D1284620F09CFCB4F84270304678
:105C600020F0EBF9854207F18C07274413D1304629
:105C700020F0E1F90146404620F0FDFA81071FD5EA
:105C8000304620F0E0FE05990246284620F058F9FB
:105C900010F0010F2FD00799002303220798791ADB
:105CA0001FF047F8804630B34278931C052A03441E
:105CB000079308D8354A0420334924F076FDEAE7F3
:105CC00010F0040FE6E790F8029009F10703DB08F3
:105CD00006339A42EED390F803A0043024F091FDED
:105CE00001234A4608F10801CDE90003534628463E
:105CF00020F09FFBCFE79DF83F301BB101212846E4
:105D000020F01DFB2946304620F06FFC58E5B0F826
:105D10004030B0F84220D21A032A7FF715AD03F1C4
:105D20008C06034400F11D07064493F88C30384676
:105D3000059306F10409F37896F80180069309F0BB
:105D4000AFFB134A03461049082024F02EFD18F03B
:105D500040050AD0B4F84220B4F84010521A132A71
:105D60007FF7F2AC4D4606F114092A4605995846CC
:105D700020F01DFC064668B901210C20FEF7A8FFA3
:105D8000D7E400BF4F4605087A4505086A4605086E
:105D900078460508B4F8422048468C322244A2EBEB
:105DA000090291B21EF0B4FF00283FF4CDAC616B44
:105DB00092B291F90D0010A9CDE90092AAF1FF026B
:105DC00002913946534253410246304601F048FBA6
:105DD00000283FF4F5AC18F0800F9DF840A003D1E7
:105DE000BAF1000F3FF4ECAC002D0CBF04201820DA
:105DF0001DF03FFC064600283FF4E2ACB0F840300E
:105E0000002D059903F18C02034483F88C1014BF14
:105E10000123002302444FEAC31382F803A0537006
:105E2000069B937002F1040309D005F1100155F8A7
:105E3000040B8D4243F8040BF9D102F1140306F16F
:105E40008C0230469B1AA6F84230FAF78BFF334695
:105E50000499032258460097FFF712FA384609F0D2
:105E60001FFB1B4A03461B49082024F09EFCA7E4A5
:105E7000B0F84030B0F84220D21A032A7FF764AC61
:105E800003F18C050344054493F88C1095F9013017
:105E9000002B14DA132A7FF757AC2A1D584620F03E
:105EA00086FB00283FF468AF626BE978AB7892F923
:105EB0000D20009104F11D0101F00CFD39E40022D8
:105EC000ECE72B46044A0349042024F06EFC3BE433
:105ED000844605087A4505089C4605082DE9F341E6
:105EE000B0F840500446B0F842300E465B1B272BFA
:105EF00018DDD1F86831ABB1A83500F11D080544B3
:105F0000404609F0CDFA0746284609F0C9FA3B4653
:105F100000900420094A0A4924F047FCD6F8683169
:105F20001E681EB9204602B0BDE8F08130464246E8
:105F3000294601F049FA3668F3E700BFB046050884
:105F40007A450508094B70B506461D6805B970BD50
:105F50002C680CB9AD68F9E72046314620F040FEC8
:105F6000204631461FF0C2FD2468F2E7240B0220D0
:105F70002E4B2DE9F04F89B01B68074604930DF1B5
:105F80001C092B4B1B6805932A4B1D6815B909B0DA
:105F9000BDE8F08F2C68002C45D0D4F800A04FF05D
:105FA000FF314FF0010B2846FEF702FD064680B98F
:105FB0003946204620F07FFD394620461FF064FD1B
:105FC000DDE90432934202D9204602F04DFC5446EA
:105FD000E1E7D6F83880B8F1000F02D196F90D103C
:105FE000E1E798F821309B071AD440461DF063FC86
:105FF000B0B998F82220414607902846CDF8009085
:10600000D8F828301FF023FF079BCDF800B080227E
:106010004146CDE901032046D8F8143000F04EFF88
:10602000D8F82C80D7E7AD68B0E700BFA86602209B
:10603000300B0220240B02207FB5174B0A220446A6
:10604000164E18683668B0FBF2F302FB13003C22D0
:10605000B3FBF2F5B5FBF2F1CDE90003CDE90206A1
:1060600002FB15330E4802FB1152A0470D4B1D6871
:106070000DB904B070BD29460B48A0472E680EB973
:10608000AD68F5E73046214602F0F8FE304621467D
:1060900001F0F4FC3668F2E764660220A86602208C
:1060A000CB460508240B0220FE46050838B50546F8
:1060B00090F902000C46FEF76DFCF8B1D0F868319B
:1060C000E3B12B78053B072B2BD8DFE803F0172A29
:1060D0000419192A0404144B1B7813BB134B05F144
:1060E0000C011A681FF0B4F8D8B9A86820F0A8F815
:1060F0000F4B1C68844214BF00240124204638BD85
:10610000094BAC681B7823B9094B24681B689C4277
:10611000F1E7064B05F10C011A681FF099F8002809
:10612000F2D00024EAE700BFF6940220AC66022019
:10613000B06602202DE9F7434A4D04460E462F680B
:1061400037BB58201EF026FE286000283BD0402395
:106150000760838030681FF06AFB96F824305A0687
:1061600031D52B68002220461A60073303F8012C32
:1061700004F1100250F8041B904243F8041BF9D1BB
:10618000B146D9F8344027697FB92B681E6008E012
:106190003B688B42DED10146F81D1DF0C3FB002891
:1061A000D8D0012003B0BDE8F08397F824305B0617
:1061B0000BD4397D381D09F09BF92B4A03462B4936
:1061C000022024F0F2FA0020ECE72B6893F8068016
:1061D0004FEA081828682146073040441DF0A2FB0A
:1061E000A8B101210920FEF773FD99F8141009F1F7
:1061F000040009F07DF90546204609F051F92B46C7
:10620000009002201A4A194924F0CFFADBE7B8F1CE
:106210001008DFD52868837981880133B1EB031F2B
:106220000DDA01F10C021831520089B292B2FEF778
:106230001DFF28600028C6D083885B008380827998
:1062400000F1170303EB021304F1100254F8041BCE
:10625000944243F8041BF9D18379B9460133837121
:106260008FE700BFB46602200C47050823470508E6
:10627000284705082DE9F04F89B0D0F884800446FE
:1062800008460D469B46129E04921FF0D6FE074616
:1062900018B94FF6FF73338041E0D4F88430D3F857
:1062A0001C90B9F1000F01D104F1090908F10C0AA1
:1062B000494650461DF036FB70B1A36D2BBB4FF025
:1062C0000809BBF1010F36D0BBF1020F00F0898045
:1062D000BBF1000F21D012E001F0C4FF30B907F18B
:1062E000080148461DF01EFB0028E6D1BBF1010F56
:1062F00019D0BBF1020F74D0BBF1000F0CD02046B7
:1063000009B0BDE8F04FFAF713BE93F8009009F119
:10631000090909F4FC79D4E7D946A6F8009020468B
:1063200009B0BDE8F08F94F87B306BF3871384F8E5
:106330007B300023AFE720464946FAF78FFD04463D
:106340000028ECD0B0F840304FF0000AA3EB09036E
:10635000A0F84030FAF706FD94F87730074603704E
:106360004FEAD90384F877A0013B4370632383701D
:10637000A16DC9B10A780330013226F016FDA06D77
:1063800009F018FAC4F858A0A9F10402FB78D21A4F
:10639000D2B2012A1BD10023BB7094F8793043F0AC
:1063A000010384F87930C4E704230171C3702B7BA7
:1063B0001A06437107D598F80020083A022A84BFCC
:1063C00043F040034371FF23BB71FB71DCE7E4D969
:1063D0000123023A0021381DBB70FA7026F00CFD33
:1063E000DBE707A920461EF055FFDDF81CB0BBF126
:1063F000000F12D10123338095F90C30002B09DBFB
:1064000004F109030AF110025AF8041B924543F8FB
:10641000041BF9D10023237781E794F84C209307DC
:1064200025D5BBF8041011B349BAAA8E384689B2F3
:106430001FF06CFD9BF902109BF802200029ACBFF5
:1064400004210121814212D050060CD501210920DE
:10645000FEF73EFC3A4A3B49082024F0A6F92846BC
:106460001FF03EFE15E742F040028BF8022094F840
:106470004D109BF8022089062FD542F020028BF8A0
:10648000022095F90C20002A0EDA07F1080904F120
:10649000090A484651461DF045FA40B39BF80320CF
:1064A00042F040028BF8032094F84D2093060AD462
:1064B00098F80020083A022A05D9049B1BB11968F4
:1064C0002A6B914239D1A98E38461FF015FD020A78
:1064D0008BF805008BF804202BE798F8001008399A
:1064E00002298CBF02F07F0242F08002C7E704F16C
:1064F0001D034846194605931DF014FA20B19BF878
:10650000032022F04002CDE7484608F0C9FF0746C5
:1065100004F11D0095F80C8008F0C2FF05465046B6
:1065200008F0BEFF3B46084A0649CDF80080CDE999
:106530000150022024F039F9ABE64FF6FF70C6E7B0
:106540003747050823470508524705082DE9F34159
:106550001E46537804460F4680F84B30154690F897
:106560004C3043F0010380F84C3013789B0627D55C
:1065700009305EB908F094FF1A4A03461A4904200C
:1065800024F013F9002002B0BDE8F08108F088FF84
:10659000804601213046FBF729FB4346134A124946
:1065A0000090042024F001F9D7F868616D78204646
:1065B0001EF031FE0246294630461FF0F8FFE1E7A3
:1065C00090F8793043F0010380F8793090F87B300F
:1065D00043F0020380F87B30137880F84D300120BF
:1065E000D1E700BF7A47050823470508A7470508F4
:1065F000F7B501A904461EF04DFE019D35B395F98E
:1066000003606B78F00FEF78013303EB001009F0B3
:10661000C9F8A065D0B1294611F8012F013226F042
:10662000C4FB002E12DA7A066978A26D01F101012D
:106630004CBF04F1090304F11D030A4403F11001E6
:1066400053F8040B8B4242F8040BF9D194F87930DB
:10665000DB0709D5A46D3CB90420044A044924F0A1
:10666000A4F8204603B0F0BD0120FBE7CF470508A2
:106670002347050838B50C46054608461EF0CBFDF5
:1066800094F84B10024628461FF091FF054B064A2E
:10669000186094F84D300548DB091370226B044BE9
:1066A0001A6038BDB0660220F6940220AD60020880
:1066B000AC660220F0B590F84C3085B00446DB079C
:1066C00013D5456B8DB1D5F8686190F84B701EF00D
:1066D000A2FD0246304639461FF069FF064640B922
:1066E000204A0220204924F060F80025284605B001
:1066F000F0BD94F94D30002B23DA226B002AF4D040
:10670000284612F8011B6B461CF0B0FC0546002819
:10671000EBD094F84D30204643F0200384F84D3000
:106720001CF0B1FF626B69462046F7F705FD0028B3
:10673000DBD0D4F884300D229E60D4F884301A70F7
:10674000D4E71FF07EFC0028CFD101210920FEF7FD
:10675000BFFA064A0449082024F027F830461FF003
:10676000BFFCC2E7E84705082347050814480508A9
:10677000034B1B68987910B103EB0013D81D7047C9
:10678000B46602202DE9F04FD0F884308A4685B0F7
:106790000446996891460D6825B94FF6FF73A9F82C
:1067A000003015E091F8243000F1090BD8073FD5EF
:1067B00094F87B3013F001030ED1BAF1010F0BD81E
:1067C0001380012294F87B3062F3871384F87B30C6
:1067D000204605B0BDE8F08F4B6B002BDDD019468D
:1067E0008022284698461EF069FF01460028D4D032
:1067F0004046FFF79FFC0028CFD094F87B30DA07A3
:106800007D4A126854BFFF2394F8763091794F1C6B
:10681000FFB29F4228BF1F46012F0BD82046534688
:1068200000222946CDF80090FFF724FD0446CFE76B
:10683000D846DDE74346D01D08F1100C53F8045B41
:10684000634540F8045BF9D102EB0112013F6B4E46
:106850000021D31DFFB20F250393A2F10903777026
:10686000013F184602938F42B57035DC6FF00F037D
:10687000029A03FB072200239918985C097C88423E
:1068800002D101330F2BF7D1C5F11005F37015FBC1
:1068900007F51035ED1AA9B205F0070315F0070545
:1068A0001FBFC3F1080351FA83F1DDB289B2BAF117
:1068B000010F3571C1F3C701317001F101014FEAD8
:1068C000C10519D0BAF1020F79D0BAF1000F40F02A
:1068D0008D80A9F800507BE700239D4206D9DDF8A2
:1068E0000CE0C25C1EF803E0724503D0DDB2103844
:1068F0000131B8E70133F0E720462946FAF7AEFA4E
:10690000044600283FF464AFB0F840306FF00F0841
:106910005B1B0025A0F84030FAF724FA94F8773092
:10692000857103703378C571437003238370737866
:10693000B278C370F37843EA02132F4A03713379B4
:1069400012681B01437100F10803917902EB0112F7
:10695000A2F10907727808FB0571013A954220DB24
:10696000F078C0F110020144184626F01EFA327980
:10697000034632B1F0780021C0F11000184426F02F
:106980003BFAFFF7F5FED4F884202B23D06184F87E
:10699000773094F8793043F0020384F8793000239B
:1069A000FDE6B0780135C0F110020144184626F02A
:1069B000FCF9B2780346C2F110021344CAE794F816
:1069C00079309B07EBD4D84505D058F8043BE04517
:1069D0004BF8043BF8E7FFF7CBFED4F88420012303
:1069E000D061A9F8003000232377F1E6204605B0F6
:1069F000BDE8F04FFAF79CBAB4660220F194022089
:106A0000034B1B6813B100221A609A71704700BFD4
:106A1000B46602202DE9F04F8DB01D4604460F46A6
:106A2000169B93460593D1F8683173B9744A0420D4
:106A3000744923F0BAFE01210320FEF749F92046EC
:106A40000DB0BDE8F04FFAF773BA90F8793043F023
:106A5000020380F87930D1F8643113B108461AF096
:106A6000EFFB9BF801209BF803600132D20026B9AE
:106A70002A8020460DB0BDE8F08F9BF80480A2F17B
:106A800008059BF805204FEA181908F00F08A5EB38
:106A90001215C8F11002C9F11003AD1AB4F8402064
:106AA00095FBF3F5013504928C32AE4222440DD9A8
:106AB0000BF1030B0023ABEB0202169204223946C2
:106AC00020460DB0BDE8F04FF5F776BE013EF6B2B8
:106AD0008BF80360617AFF29ADD0AE1B711E4B436A
:106AE000B54214BF49464146083303910BEB030AF4
:106AF00019B91BF80330FF2B9DD0731CAB4212D881
:106B000002F118030DF1200E28321868083353F8EB
:106B1000041CF4469342ACE80300E646F5D1D346A4
:106B20000123AE4231D9049B04F109065146A43336
:106B3000E518039BC3F11002E818D2B21CF0E6FE80
:106B40002B46324605F1100153F8040B8B4242F8F4
:106B5000040BF9D120461CF096FD324697F90D1032
:106B6000D7F8680101F0ACFBFDF714FF02460028DE
:106B700041D031462046F7F7DFFA00283BD00A2300
:106B8000059A03700123137073E70CBF4046484613
:106B9000079308ABC0F1100259461844D2B20692CE
:106BA00026F003F9069A08A938469344FAF7EAFF53
:106BB00000280CBF012200221AD1079BC3B9012172
:106BC00009200393FEF784F80F4A04200D4923F0AF
:106BD000ECFDB4F840202046039B8C323946224419
:106BE000AAEB020200920422F5F7E6FD044640E714
:106BF0000136134695E700230122169307235EE72B
:106C00002F480508234705084148050808B50B49E2
:106C10000C2005F02FFD0A490C20F7F787FA0849E8
:106C20000720F7F783FA06490B20F7F77FFA0549A3
:106C30000D20BDE80840F7F779BA00BF4D520408AF
:106C40001B530408055304080549092008B5F7F744
:106C50006DFA04490920BDE8084005F011BD00BFE8
:106C6000856702086F53040870B5002386B0044698
:106C70000D468DF80E30012316468DF81730D0F8EA
:106C80002031CDF80F30D0F82431CDF8133001F099
:106C9000D1FBADF80C0030B973693C22B3FBF2F3C1
:106CA0000133ADF80C3003AB043520463246019376
:106CB0000023294600930123F6F726F80446A0B1E5
:106CC000C02380F87C30304608F0EAFB06462846B0
:106CD00008F0E6FB3346064A06490090082023F0F8
:106CE00064FD2046FDF7D6FE012006B070BD00BF52
:106CF0004A4805085C48050870B5836A04460E4694
:106D000015467BB1013B8362A36A8BB922463046AC
:106D10003C2108F0D1FC224628463C21BDE87040C9
:106D200023F0A8BE034A0220034923F03EFDEBE70F
:106D300070BD00BF614805085C4805082DE9F047B3
:106D4000089E0546894617469846AC6CACB9002E9D
:106D500053D1AB6C3246002B5AD1002A4DD095F856
:106D600056300420314AFF2B31491EBF0133DBB2BC
:106D700085F8563023F019FDE7E794F824209107B1
:106D80002CD4B4422AD094F8291094F82A3094F8DC
:106D900016A00B4394F82B100B433AEA030A1DD0BC
:106DA00036B9B9F1000F1BD1A37D88F8003024E07B
:106DB0009306607D01D51FF003F994F8243096F80E
:106DC0002420534013F0090F08D1737D834205D16D
:106DD00094F8282096F828309A42E2D0E46BB5E780
:106DE0003B687BB9AB6A002BDED093F8262012EA11
:106DF0000A0F05D088F800203B602046BDE8F087E8
:106E00005B6BF0E793F826301AEA030FCCD1E5E785
:106E100093F82410C1F34000890705D493F82B1090
:106E200011B1012283F82B00DB6B94E7774805084A
:106E30005C4805082DE9F041054644208846164681
:106E40001F461DF0A7FF044660B93146404608F0D2
:106E50004FFB184A03461849042023F0A6FC20469D
:106E6000BDE8F0814422002125F0C6FF32464146AC
:106E7000201D23F079FD256026751FF09FF894F8FA
:106E80002430607567F3410384F8243027B123462A
:106E9000002243F8342FA363AB7B23F00C03AB73C6
:106EA000FFF7AEFD22463C2105F1480023F0E2FD4C
:106EB000D5E700BF8D4805085C4805082DE9F14F6E
:106EC000DDF830B00546884692461E469DF828708B
:106ED0009DF82C901EF0C8FB0446B8B1C369C6618A
:106EE000B3428CBF9B1BF31A002F46D13C2B44DDD1
:106EF00090F824303946876243F0200380F824302C
:106F0000284601B0BDE8F04F1EF000BC03465246D3
:106F100041462846FFF78EFF60B95146404608F0CB
:106F2000E7FA174A03461749042001B0BDE8F04FBD
:106F300023F03BBC87F001027B1EC66142F0840255
:106F4000C362FF23C0F820B042EAC702C38242EA0C
:106F500009120376838C22F0620223F4CE73D205E9
:106F600023F00103D20D1A43828401F057FAAB7B60
:106F7000214660F3C713AB73C2E701B0BDE8F08FE1
:106F8000AA4805085C48050800232DE9F04F8FB09A
:106F9000A0F8523004461FF050F8069048B31FF096
:106FA000C4F9824628BB06981FF08DF900F0F7035C
:106FB0000790102B0DD008281BD194F90E30A57B1B
:106FC000002B09DA3C2120460FB0BDE8F04F1EF03F
:106FD0009DBB4FF0010AF0E715F020050CD0079992
:106FE000A06801F04BF9B4F85430834201D9A4F8F9
:106FF00054000FB0BDE8F08F01F05CF900281DDDF2
:1070000094F8566001F056F9864217DBAD49082026
:10701000AD4A23F0CAFBA16A11B120461FF0F6FA6F
:10702000A37B23F02003A373002384F85630A4F835
:1070300054304FF6FF73A4F85230DAE700230D9373
:10704000BAF1000F1AD1D4F84880B8F1000F0BD074
:1070500098F8243003F00C030C2B0CD198F8143062
:10706000802B08D108F1040806981FF0D3F9089086
:1070700030B90021A7E7D8F83C80E6E79846F3E767
:107080004FF4A06008F08EFB83460028F1D0069BE9
:10709000A06A9A7E802302F0070213415B42DBB2B2
:1070A000F0B92B40A26CDD43FAB9D4F84890B9F19D
:1070B000000F2AD1B8F1000F5D4614BF142304233A
:1070C0000B930BF540730993099BAB4233D85D4595
:1070D00040F0FC8028460FB0BDE8F04F08F06ABBD6
:1070E00090F82620406B1543DAE7917D92F82A60EC
:1070F000294082F82900314382F82A1092F82B1097
:10710000194082F82B10D26BCEE799F828307BB962
:10711000D9F81C00089B451C5A7907D099894B1E49
:107120000344B3FBF1F39A4228BF1A4689F828209A
:10713000D9F83C90BBE700230DAA514620460093A6
:107140000DF13303FFF7FAFD06460028BFD09DF886
:1071500033300A93BAF1000F0DD190F8243018079C
:1071600009D4B8F1000F06D196F82A300A9A1A43CA
:1071700086F82A20A8E796F82430990609D5707D6C
:107180001EF01EFF96F82430707523F0200386F859
:107190002430314628461EF042F90A9B074686F8FD
:1071A0002930099BBB4209D951460DF133030DAA81
:1071B00020460096FFF7C2FD0146F8B9089B5A79B0
:1071C00096F82830A2EBD201C9B28B4202D3934287
:1071D00038BF1346BAF1000F21D04FF006029DF8D8
:1071E0003310BD1D3A7004227A7096F82420F9708D
:1071F000D201BA70727D7B713A7165E7737D437518
:1072000090F8243023F0200380F824309DF83330A8
:1072100080F8293038461EF002F90746C1E796F893
:10722000242012072DD5A26A3D464FF0140E002AE5
:107230003FF44AAF92F826109DF8330001401ED06B
:107240004FF0060085F801E0063502F1240705F845
:10725000060C96F8240005F8031CC00105F8040C80
:10726000717D05F8013C05F8021C02F11401284665
:1072700051F804CBB94240F804CBF9D11035526B28
:10728000D5E74FF006029DF83310BD1D3A700B9AFA
:107290007A7096F82420F970D201BA70727D7B71F1
:1072A0003A71B8F1000F3FF40FAF43462A4608F198
:1072B000100153F8040B8B4242F8040BF9D110353E
:1072C00002E700BF5C480508CA480508069B03F1B1
:1072D0000806BAF1000F6BD00D9B93F929001F1D12
:1072E000FDF758FB814694F856307BB133490820AE
:1072F000334A23F05AFA4FF0FF31A068FDF758FBEC
:1073000020B190F90D10384621F076FFA5EB0B0562
:10731000049701962246ADB24946CDE902B594F8EC
:1073200050300093237BA0681DF0FCFE05465846B4
:1073300008F040FA94F85000AD0184F851001EF0B6
:107340003FFE45F02005A37B05F0600584F8500062
:1073500023F060031D4394F856300F2BA57329D8F2
:107360000799A06800F08AFF069B4FF440424FF453
:107370008041B3F84430834238BF034698B294F852
:107380005630984041F21853984228BF18461EF0D4
:1073900083F880B2A4F854000190082094F8563085
:1073A000084A0093054994F8513023F0FEF920E68D
:1073B000374698E74FF6FF70ECE700BF5C480508DA
:1073C000E4480508FD4805082DE9F84304460E4643
:1073D0001746856C002D3ED095F82430D5F83C80BA
:1073E0009B0733D52A7D291D304623F083FA68B3E5
:1073F0006D6B5DB329463846D5F824901CF092FA9F
:1074000008B94D46F5E76B8B4FF6FB72934228BFE8
:10741000134604336B83A37B23F00803A373FFF7A6
:10742000EFFA0E4B228B196863690132A068C91A02
:107430000A2392B2A56CB1FBF3F1002322833DB97C
:107440001EF0FFFC10B1204601F07AF84546C1E776
:107450000133ED6BF3E7BDE8F88300BF64660220FB
:107460002DE9F04F95B09B460F90CDE90A211EF013
:10747000E4FD069050B1BBF1000F07D11EF023FFD1
:1074800000F0F703102B25D0082803D0002015B0FA
:10749000BDE8F08F06981EF048FF0028F6D00B9844
:1074A0001CF009FA06460028F0D11E9ABDF87C307F
:1074B0001E9DD318209A1093002313700C93109BD9
:1074C0009D4214D3BBF1000F02D0002E40F0FC818E
:1074D0000120DCE70F9B9A8E4FF6FF739A42D5D0BE
:1074E0000B981CF0E8F906460028DED1CEE72B7891
:1074F000052B08D0062B0DD0002B00F0D5816B7822
:1075000002331D44DBE71E9B002BF8D000230C95B3
:107510001E93F4E70C9B002B00F0C0811E9B1A46C3
:10752000002B08BF2B461E936B78002E2BD0042B0C
:10753000E5D14FF0000995F9023000240C9F11931A
:10754000AB78DB091293EB780D932B7907936B796A
:10755000FF2B089317BF069B4FF0FF33089ADB8C75
:1075600018BF534309931E9BBB42C8D93B78052BD8
:107570000ED0092B00F07E81002B00F08D817B78EE
:1075800002331F44EFE7142BB9D105F10609D2E706
:1075900097F80380B8F1800FB1D87B78023BB8EB45
:1075A000C30FACDC3B1D424619460E93069B186880
:1075B0001EF071F80446002800F0F18090F82430A5
:1075C00058072CD4089B002B59D1B9F1000F28D0B3
:1075D000484607F065FF82464146381D07F088FFA0
:1075E000534600900820B14AB14923F0DEF81EB39B
:1075F0004FF0000A08234146381D0093CDE9014AA7
:10760000DDE90A2321F0AAFE08230A9A41460093E5
:10761000381D5346CDE9014A05F026F920B1002472
:10762000ADE7DFF890A2D7E7069B214618681DF06A
:10763000EDFF4FF0010BF2E7D4F83480B8F1000F02
:10764000EDD0494640461CF06DF9A8B142462421D0
:1076500004F1340008F030F840462C21FDF7F4FC2A
:10766000636B20680BB92146E1E7837B23F00C03B1
:107670008373FFF7C5F9DCE7D8F82480DEE7617D86
:1076800007981EF0A3FCCEB110F0060F1BD1B9F184
:10769000000F34D0484607F003FF82464146381DAC
:1076A00007F026FF637D844A0293079B8049CDE95A
:1076B00000035346082023F078F8B0E7079B19062B
:1076C00019D5099BE36182072BD494F824309B07DA
:1076D00018D5A2465AF8342FA2B124215046D2F828
:1076E00024B0139207F0E8FF139A2C211046FDF7FF
:1076F000ABFC5A46F0E7119B002BC5DAE1E7DFF857
:10770000B4A1CBE72EB1224608214FF0FF3005F09F
:10771000EDF900234FF0010BA375079B6375099BDF
:10772000E361A37D0D9A9A431EBF0D9A4FF0010BA2
:107730001343129A18BFA37594F8243062F3000320
:1077400084F824300A9B2376002E40F08180D4F800
:1077500034A0BAF1000F38D12C201DF01BFB82465B
:1077600000286AD1217D201D07F0C2FE82464846CE
:1077700007F096FE534600900420504A4C4923F0EF
:1077800014F8636B002B3FF4FAAE00230493E26914
:107790000194CDE9023209230093494B64E0089B30
:1077A000002B3FF43CAF069886F001034246391D9A
:1077B000DBB20068FFF73EFB044600283FF42FAF22
:1077C000079B4375099BC361ABE7494650461CF0D4
:1077D000A9F878B35246242104F1340007F06CFF75
:1077E0002268937B23F008039373FFF709F99AF853
:1077F00018300D9ACAF8144013433F2B8AF81830FA
:1078000022D80F2B22D8042B34BF04230323AAF839
:107810001A3052464B4609F1100153F8040B8B42C3
:1078200042F8040BF9D15246242104F1340023F02C
:1078300021F9A6E7DAF824A08BE700230376226873
:10784000937B23F00C03CFE70123E0E70223DEE77D
:10785000089B84F8283000230493E2690194CDE961
:107860000232082300930B9B0A9A41460E9821F09E
:107870004FFD84E67B78042B7FF481AE002C3FF42F
:107880007EAE94F82430B81C43F0100384F8243002
:1078900022F0B7FF206272E6013764E6094A04204D
:1078A000034922F082FF2AE6013508E62649050849
:1078B0005C48050874EC0408354905085F4905086B
:1078C000805C05088749050800210F981DF01EFF00
:1078D000FEE500BF2DE9F74F0C461146827B0546B9
:1078E0009DF830609006C2F3401A40F1BE8095F8D2
:1078F00051209A4240F0B980002C00F0AC80204624
:1079000021F067FC4EB1204607F0CAFD584A0346F5
:1079100058490420009622F048FF4FF000082846FE
:107920001EF08BFB064610B11EF074FD0646AB7BC5
:1079300023F02003AB730023A5F85430B8F1000FF7
:1079400001D185F856800027AC6CB9465CB9B9F115
:10795000000F79D0002F56D10121284603B0BDE891
:10796000F04F1DF0D3BE94F824108A073DD494F84C
:107970002930A27D134084F829305BB1B8F1000FA3
:1079800035D194F82A00034384F82A304FF00003DD
:1079900084F8293094F82A3013409A4284F82A3027
:1079A0002ED14B0721D5E36AFBB936B394F82830C2
:1079B000FF2B22D0B0894FF4C0424FF4804158438E
:1079C0001DF06AFD834600F053FC60B100F050FCEE
:1079D000584508D200F04CFC47F233324FF4C04116
:1079E0001DF05AFD8346C4F82CB0E46BAEE794F862
:1079F0002B00034384F82B30C8E74FF0FF3BE2E74E
:107A00002746D146F1E700F009FD0028A4D028461A
:107A10001EF03DFB4FF0FF310646A868FCF7C8FF9B
:107A20000446002898D0002E96D0391D806B1DF09A
:107A300044FD024600288FD031462046FFF714F956
:107A4000002889D0642188E74946A86803B0BDE8CA
:107A5000F04F1DF0A4B9002E3FF45FAF064A04209A
:107A60000449D04622F0A1FE59E703B0BDE8F08FEB
:107A70009F4905085C480508C04905082DE9F04301
:107A8000836C93B004460E467BB13048884720464D
:107A90001EF0D7FA10B120461DF0C9FEA46C2C4D83
:107AA000DFF8B080DFF8B09014B913B0BDE8F08310
:107AB00007AA217D201D07F0DDFD94F82410A27D8A
:107AC00001F02007637D01F0040001F0010C002F9C
:107AD0000CBFAE46C64611F0020F26D0A76ACDF8FD
:107AE00000E0019700280CBF2F464F461B48029725
:107AF000BCF1000F08BF284611F0400F184918BF0D
:107B00002946CDE9030107A91648B047676B0FB9AD
:107B1000E46BC9E707A9384607F05CFD7B8B3A7E2A
:107B200007A91148B0477F6AF1E70C4900280CBF4C
:107B30002F464F46CDF800E0BCF1000F08BF2946A4
:107B40000A48CDE9017107A9B047E1E7EA4905080C
:107B500074EC0408CC490508CE490508D549050848
:107B6000DA490508F74905081B4A0508354A05089A
:107B70002DE9F8438F7B164680460D46FF091A46CD
:107B80002AD008461DF0E6FF044628B3D1F8249019
:107B9000B14521D1902A23D1011DD8F838001DF01C
:107BA0008CFC054668B190F82230022B09D0876919
:107BB00055214B201DF055FC0A237843B0FBF3F010
:107BC000E861002386F8283096F8243043F010034B
:107BD00086F824300623E37500273846BDE8F8838D
:107BE000C02A0AD1144A0420144922F0DEFDA38CD5
:107BF00043F4C073A3840423EDE799F828305BB104
:107C00000F4A02200D4922F0D0FD28461DF0F7FB57
:107C100049461EF0FBFCE0E70A4A0420074922F02F
:107C2000C4FD99F82830013389F82830A38C43F437
:107C3000C073A3841423CEE74F4A05085C480508A7
:107C40007D4A0508A94A050807B50D4B0022009397
:107C5000031D90F9291010461BF034FA012809D0B1
:107C60004FF6FF73984202D030B1C0F34F0003B01B
:107C70005DF804FB8020FAE74FF48070F7E700BF5F
:107C80004B7804082DE9F04F81468FB01EF0FFF9C4
:107C90000746D9F808001EF0E8F80390002F40F0DE
:107CA0008A804FF6FF7304934FF6FF78D9F8285077
:107CB0000024C346CDF81C80002D40F086800CAB1C
:107CC0000C950D93002C00F04681D4F800805946A5
:107CD000AA46D8F80030404606931EF0EAFAA38C74
:107CE0002246342123F4F07323F0010343F001030F
:107CF000A38409F128031846039307F0DDFC0D9BCC
:107D00006563A3631C6004F13403D9F808000D9384
:107D100000F07EFB431E204604931DF0A2FF266860
:107D2000079033681B6898681EF09DF80146584616
:107D30001EF034F9B389834228BF03469BB20993EE
:107D4000049B13B34FF6FF73D9F828600025059301
:107D5000002E40F09880C5B1059B5B4538BF5B465F
:107D60001FFA83FB4FF6FF739B4500F0C980B8F8FC
:107D70000C305B4580F0C480009302205B46784A5B
:107D8000784922F012FDB8F80CB0342203990CA8FF
:107D9000444622F078FE34220CA9039822F073FEA8
:107DA0005A46214648461EF0DAFA06981DF0BCFBFA
:107DB0000FB0BDE8F08F38461DF053FF3B680490CC
:107DC0005B898342FFF46DAF6EE72B6828461B6822
:107DD0000593FFF739FF4FF6FF730690984220D0C6
:107DE00028461DF03EFF05998246A88D498C1EF05D
:107DF000D5F850452B684FF6FF7238BF50465B8967
:107E000086B2B34238BF16462CB1039B069A934202
:107E100009D343450AD2DDF81880B3462C46CDF885
:107E20001CA06D6B48E7039B4345FAD2059B1A7E65
:107E3000236819680B7E5340180602D51106F0D549
:107E4000E9E705981EF062FA0428E4D00128E8D09A
:107E5000A7420BD1D9F808001EF00AF80146504697
:107E60001EF09CF8049B9842D5D9DAE7079B9A4507
:107E7000D1D3D6D8286B216B8842CCD022F00CFD10
:107E80000028C8D1CDE7B44207D096F82420D20705
:107E900003D4326821688A4205D01A460598766B69
:107EA0001346059054E70A93304613680893FFF78A
:107EB000CBFE0746D9F808001DF0D7FF0A9B874282
:107EC000EBD830460B931DF0CCFEB18D0A9008988C
:107ED0001EF03FF8089B0A9A0746198C1046089234
:107EE0001EF065F88742099B38BF0746B8B2834247
:107EF0000B9BD2D3089A0DB19A42CED23546CEE72B
:107F000028461DF0AEFE079B834207D2BAF10E0F42
:107F10009EBF0AF1010307905FFA83FAAA8C4FEA29
:107F20004A133421039803F4F07322F4F07243F0FF
:107F3000010322F0010213432A46AB8407F0BCFB85
:107F400000236B630D9BAB631D603435049B0D9563
:107F5000013B0493F4E64FF6FF7B069420E700BF55
:107F6000D74A0508FC4A0508014800F003B800BFDD
:107F7000340B022002461421014822F07BBD00BFD1
:107F8000500B0220044A0346106800B9704702886B
:107F90009A42FBD04069F8E7500B022007B50D4B21
:107FA00000220093031D90F9291010461BF08AF857
:107FB000FF2802460CD901200749431E31F813302F
:107FC000934202D303B05DF804FB431CD8B2F4E73C
:107FD0000320F7E74B78040832E504082DE9F04F59
:107FE00089B000254FF0FF0B4FF6FF7602901EF090
:107FF0004EF8029B2C460390D3F82880B8F1000F6E
:1080000068D106ABCDF818800793002C00F01C81D6
:10801000D4F800903146B2464846D9F800B01EF078
:1080200048F9A38C2246342123F4F07323F0010392
:1080300043F00103A384029B03F12807384607F0AD
:108040003BFB079BC4F83480A3631C6004F134033A
:108050000793029B98681DF004FF039020461DF0D3
:1080600069FE049005B33246A98D58461DF068FF9D
:1080700010F0060F00F0AE80A98D58461DF069FF84
:108080004FF6FF730646984200F0A480B9F80C3012
:10809000984240F29F80009303466D4A02206D494A
:1080A00022F083FBB9F80C603422394606A84C460E
:1080B00022F0E9FC342206A9384622F0E4FC3246DC
:1080C000214602981EF04BF958461DF02DFA09B0D2
:1080D000BDE8F08FD8F800304046D3F800A0FFF795
:1080E0005DFF814640461DF0EDFD0746B9F1090FE1
:1080F0003ED8D8F800304FF6FF725B89834238BF14
:10810000174640461DF016FE029B02464146986AFD
:108110001DF029FE04902CB1B9F1090F09D0BBF173
:10812000080F09D9049DCB464446D8F834803E4612
:1081300064E7BBF1080F1BD92368504619681EF08D
:10814000E5F8029B059098681DF089FE059B18B123
:10815000042BE7D0012B0BD021689AF818C00868CF
:10816000027E8CEA0202120604D51CF0800FD9D1DF
:108170003746DAE7042BD5D0012BF9D082451BD046
:108180003246394650461DF0DBFEC307CAD44307CA
:10819000EED4049BDBB1002DC4D0039B4345C1D07A
:1081A000A342E5D0D8F83000216B8842BAD022F043
:1081B00073FB0028B6D1DBE7D8F8003009791879CD
:1081C0001DF004FF4107ADD4C207D9D5D0E7002D7B
:1081D000CED1E2E728461DF075FD8245034607D063
:1081E000B8F10E0F96BF08F1010253465FFA82F80C
:1081F0004FEA4812A98C3846059342F0010221F457
:10820000F07122F01E0221F00101D205D20D0A43C5
:108210003421AA842A4607F04FFA0022039B6A639E
:10822000079A013BAA63156005F13405039307958E
:108230003FF43AAF029B2146049A986A1DF093FDE1
:10824000059B05469A460DE7A3464FF6FF7636E7AF
:10825000D74A0508014B05080148FFF78BBE00BF50
:10826000580B0220014B1878704700BFF79402208A
:10827000014B1888704700BF5C8E022008B590F94A
:1082800010001AF0B5FE60B18068B0F5FA6F08D939
:10829000B0F5481F08D26423B0FBF3F0400080B271
:1082A00008BD034B1888FBE74FF6FF70F8E700BFE7
:1082B000F80C0220014B93F900007047F99402205A
:1082C0002DE9F04390F9105085B01746B5F1FF3F06
:1082D00008BF0D4628461AF08BFE8046A8B13946E5
:1082E00020F045FE044680B1837C062B0ED1384633
:1082F00007F0D6F8234A03462349042022F055FA12
:108300002146404603F0A4FF1AE000241F4B2246FA
:108310002946002000933B461AF0D4FE1C4B8146B0
:108320001B88984212D3384607F0BAF8194A034618
:1083300015490420CDF8009022F037FA002CDFD147
:108340004FF0FF35284605B0BDE8F083124A128889
:108350009042F7D9861A4FF4C8419B1A4E43B6FB98
:10836000F3F6B6B2042103A8D9F704FB039B13F577
:10837000805FF7D2094AB3FBF2F39BB29E42E1D988
:10838000D1E700BF064B0508314B05084B780408C0
:10839000F20C0220364B0508F40C02205C8F020020
:1083A0002DE9F34108460F4690461C461AF020FE80
:1083B0000546B0B1414620F0DAFD0646104B324684
:1083C00039460020009343461AF07CFE4FF6FF73B7
:1083D000984208D104F58074A4B2204602B0BDE8EA
:1083E000F0810646EAE7B0F5806F01D90834F3E77B
:1083F0003146284603F05EFF0028EED10434EBE757
:108400004B780408014B1888704700BFF60C022017
:10841000014B1878704700BF380D0220014B1878C7
:10842000704700BFFA940220014B1878704700BFD4
:10843000F8940220014B1888704700BF5A8E022022
:108440000FB407B504AB0649082053F8042B019379
:1084500006F0FCFE03B05DF804EB04B0704700BF0B
:10846000544B05082DE9F74F856A0646002D61D06B
:108470000027C46ADFF8C490343CBA463D46B36D69
:1084800021463046DB6898472168804639B3D9F8E1
:108490000020236BB068D31A0A68B2F846B0019383
:1084A000FFF7B0FF019B00FB0BFBB3EB1B2F8CBF57
:1084B0004FF0010B4FF0000BADB194F82430DA0708
:1084C00003D595F82430DB0734D523682A684BB1EF
:1084D0006AB9B36AA3422DD0A46B343CCFE74FF006
:1084E000010BE9E71AB15F46C2462546F1E7B8F14C
:1084F000000F18D0BAF1000FEBD0BBF1000F16D06F
:10850000002FE6D0002BEED0B36D002BEBD09B6894
:1085100020469847B26D0190284692689047019B8B
:108520008342E0D8D5E7BAF1000FE6D0DBE7002FB1
:10853000E8D0D8E7284603B0BDE8F08F6466022093
:10854000437B7F2B16BF01330023DBB24373034B06
:108550001B684361002303831DF0C2BD64660220D3
:1085600037B505460C463AB1B2F844300A22B3FB9F
:10857000F2F3994238BF1C46EB8E0BB1A34211D9DE
:1085800004210DEB0100D9F7F5F9019B13F1110F4F
:10859000F6D8054AB3FBF2F3A3F500439BB263435D
:1085A000DB0BEB8603B030BDF0FF030038B50D46A2
:1085B000C46944B1294604F108001BF0B3F920B1A5
:1085C000034B1B686360204638BDE46CF1E700BFD5
:1085D00064660220F8B5064654200D4617461CF086
:1085E000D9FB0446A8B31C4B2946066005F11002CE
:1085F0001B68436000F1080351F8040B914243F8F3
:10860000040BF9D194F82930002504F1440106F156
:10861000380023F01F03277684F82A5084F8293085
:108620000E4B63640A2384F848301FF08CF823460D
:1086300022464C2143F82C5F06F11C00236323469D
:1086400043F83C5F2364234643F8345FA36322F07E
:10865000F0F92046F8BD00BF646602200100FFFF6C
:10866000F8B51E4690F8293004460D461B071746FC
:1086700053D42B4604F11A0205F10C0153F8040BF4
:108680008B4242F8040BF9D11B881380AA78E87852
:108690001F2A297950D94FF0FF33104463331F2824
:1086A000D6BF01224FF0FF328240B3F5C80F02F16E
:1086B000630236BF64204FF6FF73B3FBF0F3B2F5ED
:1086C000C80F9BB236BF64204FF6FF72B2FBF0F2C8
:1086D000B4F8440092B2984294F829002FD1B4F82B
:1086E000467097422BD194F848708F4227D140F0C2
:1086F000080084F8290027686889FFF743FCB865FB
:108700002568A86DB0B9FFF73DFCA8652368986D92
:1087100088B17EB1012333700CE000681DF0B7FC16
:108720000028A6D0002FA4D0011D38461BF0FAF86F
:1087300000289ED10120F8BD01239340ADE740F011
:108740000800A4F84430FF23A4F8462084F8290048
:1087500084F84810206884F849301DF06EFC84428B
:10876000C9D1074A0420074922F01FF8214651F8D1
:10877000440B38301EF0E7FF002384F82A30BAE7B4
:10878000594B0508544B05082DE9F041D1F80080FC
:108790001E4604460D4698F818301746B34211D0CD
:1087A000016828461DF067FD10F0060F0AD0D8F8C2
:1087B00000001DF06CFC844204D188F81860286821
:1087C0001DF085FD044B25601B6884F82A60A78591
:1087D0002363BDE8F08100BF6466022038B50368FA
:1087E00004461D6B29711DF072FD23689B6A3BB125
:1087F0001A68AA420AD1064A0220064921F0D5FF8A
:1088000001210E20BDE83840FCF762BA5B6BEEE751
:10881000744B0508544B050870B505465C200E46A0
:108820001CF0B8FA0446D0B15C22002124F0E4FA2E
:1088300004F11C030B4A0021236204F1280312688F
:108840002846E36204F1480362612246E364F023B0
:108850002673637384F85030A56022F0EAF820464E
:1088600070BD00BF64660220F8B5836A04462BB968
:10887000C3691BB91DF07FFF0120F8BDE569F5B1A3
:10888000236A0020204A42F2273C4C3B166893F8AA
:108890002910CA0710D40F0702D51A68926A1ABBAA
:1088A0005A68B21A624501D8C90605D410B34168A6
:1088B000711A8A4288BF18469D421DD1F8B92046D8
:1088C000FFF7D0FD0146E8B190F8243013F008001E
:1088D000D3D013F0010015D191F82630002BCCD164
:1088E00020461DF093FEC7E717683F689F42E3D01C
:1088F000526BD4E71846DFE71B6D4C3BC7E71DF012
:1089000014FFB9E70020B8E7646602202DE9F04FB4
:108910000446838E87B0076B806805931DF07FFA4D
:10892000A36DE086002B00F05B81236B2BB11B68ED
:1089300093F82930990740F05381A56A4FF0000958
:10894000DFF8A4A24FF00A0B65B395F824106E6B04
:1089500011F0010C14D12B681A68D07FFF280FD0BA
:10896000DAF80030296BD28C5B1A4243B3FBFBF37D
:10897000934205D3294620461DF048FE3546E3E7DD
:1089800095F826304FEA4C0185F8269085F8273077
:1089900041F0080195F8243023F00B03194385F8C2
:1089A0002410EBE72046AA461DF071FBA36D81461B
:1089B00020465B6898478D4DA66ADFF834B2EEB961
:1089C00020461DF064FB0546A068002D5BD01CF01E
:1089D000E1FAA9456BD001210820FCF779F9002DB7
:1089E0005BD1E37BD90740F19E80012120461DF039
:1089F000D0FFE37B23F00103E37394E096F8243087
:108A0000C3F3400103F00102914218D013F0010FAB
:108A100006F104000CBFAA46DA4606F041FD754A8D
:108A2000534600907449082021F0BFFE96F8243088
:108A3000DA0702D430461DF049FA4FF0010A96F8E1
:108A40002430DB0707D496F8243023F0020386F89D
:108A50002430766BB3E733683146D3F80080404664
:108A60001DF0ADFEA3689B7C002BECD0D8F83C80B9
:108A7000B8F1000FE7D04246314620461DF0FAF922
:108A8000D8F80480F4E71DF0DAF9C1B220461DF0F1
:108A900036FBB9F1000FA4D09DE71021281D06F088
:108AA00053FD564A03465449082021F07EFE544B9C
:108AB00000222E1D95F929101046009333461AF016
:108AC00001FB6B6B002B49D093F82420D00745D5D0
:108AD0004C4A043393F925100092002210461AF0F4
:108AE000F1FA002120461DF054FFE37BA06843F01B
:108AF0000103E3733C4B1A682B6BA2EB030B236B54
:108B00001B68B3F84680FFF77DFC00FB08F3BBEB66
:108B1000132F08D9002102964022CDE90011237BB2
:108B2000A068FCF78FFD20461DF0A6FA10B1204684
:108B30001CF0FFFDA66ABEB196F82430D6F834B01A
:108B4000DA0709D4A36D31462046DB68984718B987
:108B5000314620461DF05AFD5E46ECE7012195F9AD
:108B600029000FF0F5FBBCE72748FDF765FA236BFA
:108B7000BB4221D02DB9204607B0BDE8F04F1DF013
:108B8000AFBA002BF7D095F929001E68FBF702FF5A
:108B900007460028EFD0766B0435002EEBD039461F
:108BA00030461CF096FAA3689B691BB12A463946E9
:108BB00030469847F669F0E7BAF1000F09D1A945A8
:108BC00007D137B1A28E059938681DF0B9F983072E
:108BD00006D4A37B43F01003A373002384F838303A
:108BE00007B0BDE8F08F00BF646602209B4B05080C
:108BF000954B0508A34B0508544B0508B04B0508D9
:108C00009383030823840308418402082DE9F04F6D
:108C100003689FB0044688461B681B689B6D002B49
:108C200056D09B68984707462C4D0DF1200922220B
:108C3000002128680DF14C0AB5F804B0AE7908900F
:108C40000DF12700ADF824B089F8066024F0D4F8BF
:108C5000286822220021ADF850B013900DF1530086
:108C60008AF8066024F0C8F894F82450236815F0B8
:108C700001051EBFA58CC5F3431501355BB31B6809
:108C800018681DF004FA84420CBF2A26202694F8A6
:108C900026304946201DB4F82CB0079306F09AFC04
:108CA00094F92920514604F11400069206F092FC32
:108CB000069A2946079B0A48CDF810A0CDE90292F2
:108CC000CDE9007332465B46C0471FB0BDE8F08F68
:108CD0004FF6FF77A8E72026D9E700BFED4B050840
:108CE000C84B05085B4B2DE9F04794B0154680460C
:108CF0009A8818680F469B7909AE00210990ADF853
:108D000028200DF12B002222B37124F075F8314692
:108D100007F10800DFF8409106F05CFC31464F484F
:108D2000A847397E4E4801F00703C1F3C202C909C2
:108D3000A847FC6B54B97C6B002C2FD1FC6A08F15E
:108D40002806002C73D114B0BDE8F0871022002152
:108D500005A824F051F8A37B04F11101227C03F053
:108D6000180305A819F903A021F0E2FD2368314694
:108D700005A8013308D106F02DFC5346227C31466C
:108D80003848A8476468D5E706F024FC227C3146C1
:108D9000CDF800A034482368A847F3E7102200214B
:108DA00005A824F029F8214605A811F80C2B21F07C
:108DB000BFFD6368314605A801331AD106F00AFCED
:108DC00094F901306178002B2278ACBF2D234C231D
:108DD00011F0400F0CBF2D20412011F0100F0CBFDF
:108DE00020212A21CDE9000131462048A847E46925
:108DF000A2E706F0EFFB94F90100617800282278E1
:108E00006368ACBF2D204C2011F0400F00900CBFC8
:108E10004FF02D0C4FF0410C11F0100F14480CBF07
:108E200020212A21CDE901C13146A847DFE7217978
:108E30001048A847D8F83030A34203D1B8F834100E
:108E40000D48A84721462A4630461DF01AFF2469DE
:108E500077E700BFED4B05086A5D0508F44B050890
:108E6000FD4B0508124C0508364C0508544C050806
:108E70007D4C0508A04C0508AD4C050873B50D46A2
:108E80000446017B1048A8471048A847E669A6B9E0
:108E9000236B83B119680E4891F84830B1F8462029
:108EA000B1F84410A84794F838300A480093A38FCB
:108EB000E28F618FA84702B070BD31462A46204636
:108EC000FFF710FFF66CE2E7CB4C0508DB4C05081A
:108ED000EB4C05080E4D050838B50546BC2006F0DC
:108EE00059FC044638B14DB11EF03EF8054628B98C
:108EF000204606F05FFC0024204638BDBC2200213D
:108F0000204623F079FF4FF0FF332046C4F8885005
:108F1000C4F89C30012384F892301DF08CFF224667
:108F2000B421024821F085FDE6E700BF740B022062
:108F3000054A0346106800B97047B0F8B0209A425D
:108F4000FAD0D0F8B400F6E7740B022010B504464E
:108F500078B11DF0D7FF012120461DF0DEFE22462C
:108F6000B421054806F0A8FB204606F023FC0020AB
:108F700010BD4FF0FF30FBE7740B022038B5114BEA
:108F80001C68DCB1D4F89830D4F8B450A3B1013BDC
:108F9000C4F8983083B9204600F016F894F8903061
:108FA000372B09D1D4F8983033B9B4F89430DB06B4
:108FB00002D52046FFF7CAFF2C46E2E7BDE838405D
:108FC00000F006B9740B0220024B1B6803B118476E
:108FD000704700BFB866022008B5102100F0A4FA5F
:108FE0000821044800F0A8FA0821034800F0ACFA70
:108FF000014808BD390D0220FB9402202DE9F843F9
:109000008046508889461746FFF792FF054620BBE9
:10901000394B1B6863B1394B78881B68984738B166
:109020002846FFF759FF044610BB2846BDE8F883E1
:109030000120FFF751FF04460028F6D07B8804F199
:10904000A00209F11001A4F8B0304B4653F8040B0C
:109050008B4242F8040BF9D12546414628461DF0C3
:1090600029FF3B7885F892307B68C5F89C30DCE7B7
:10907000234BC0F898501E680123A0F8945080F844
:1090800092301DF0E9FE94F8693006F1120006F105
:10909000320243F0010384F86930337C84F867308E
:1090A000737C84F86830A31C50F8041B904243F88A
:1090B000041BF9D104F1220306F1420250F8041B0B
:1090C000904243F8041BF9D121F09BFB606306F149
:1090D000460021F096FBA06306F14A0021F091FBC7
:1090E000E06306F14E0021F08CFB206406F1520093
:1090F00021F087FB6064A1E7C4660220C0660220FD
:10910000BC66022038B5314B01461C68606821F00E
:109110006FFB0146A06821F06BFB0146E06821F07F
:1091200067FB0146206921F063FB0146606921F07D
:109130005FFB0146A06921F05BFB0146606C21F0FA
:1091400057FB0146E06C21F053FB94F83F30021DC1
:1091500004F12C01037094F84830437094F83E30C9
:10916000837094F82C30C37004F11C0353F8045B33
:109170008B4242F8045BF9D194F83D3000F11502BE
:1091800004F13D01037504F12D0353F8045B8B4298
:1091900042F8045BF9D1236CABB10122293000F80D
:1091A000042C1A7800F8032C5A8A110A00F8012CB2
:1091B0005A1C113300F8021C52F8041B9A4240F862
:1091C000041BF9D138BD80F82530FBE7D4660220B6
:1091D00070B52E4D2B68002B57D05A6C002A54D0F6
:1091E000642A50D8002293F900005A64FBF7D2FB9E
:1091F0000446B0B190F90D001FF0A3FB06462046CF
:109200000FF022FE314694F90D001FF0AAFBD4F8AE
:10921000800110B14369012198471D4B1B6803B1C0
:1092200098472A6892F83E30106C002B014600F1F6
:1092300011000CBF0123002382F83E3003EB03131F
:1092400011F8014B134483F82C400CBF1123002369
:109250001C33134451F8044B814243F8044BF9D1B9
:10926000106C20B106F0A6FA2B6800221A64094C93
:10927000236853B1084B1868FFF744FF23680020A8
:10928000BDE870401847643A5A6470BDD466022045
:10929000CC660220D0660220C86602202DE9F04F7D
:1092A0009DB002460D4600F1080304AE00F1280708
:1092B0001868083353F8041C3446BB4203C42646DE
:1092C000F6D10B9B08AC29460193DDE9069394E89F
:1092D00010140293494BDDE90406039300230F2B7E
:1092E00058D84D780F782D0445EA0765CF782F437D
:1092F0008D7847EA05270CAD45F823704FEAF42E28
:109300008CEA0A05DDF80C8000EA060B8EEAB41E32
:109310002540013304318EEA746E85EA0C05402B3A
:10932000754458F804EB7544CDF80C8040EA060803
:10933000DDF808E02F44019D08EA09082F444FEAB0
:10934000703548EA0B0885EAB005BE4485EAB05599
:109350004544CDE901C93D4415D1131D2432CDE961
:10936000045004A8CDE90AACCDE908E4CDE90669CA
:1093700053F8041F50F8044B9A4221441960F7D166
:109380001DB0BDE8F08FB146D4460646A246284639
:109390007446A4E79F1E0DF1700E0DF1700803F0E6
:1093A0000F0507F00F070EEB8707A3F10F0E57F815
:1093B000407C0EF00F0E08EB8E0E4FEAF7485EF879
:1093C00040BC0DF1700E88EA77480EEB850588EAFF
:1093D0009728DF1F07F00F070EEB870755F840ECC3
:1093E00057F8407CBE444FEABB4787EAFB17C644A8
:1093F00087EADB07774445F8407C7FE790E2040882
:1094000000230C4A0C49DFF834C0C0E900330C4B90
:10941000C0E902230B4BC0E904130B4BC0E906C3A0
:109420000A4B036203F17453A3F52303A3F692439B
:109430004362704767E6096A72F36E3C7F520E51D1
:1094400085AE67BB3AF54FA58C68059BABD9831FEA
:10945000F0B59BB006460F46144668461D461EF002
:10946000E6F80023124A13491348CDE90033134BA1
:10947000CDE90223124B3A46CDE90413114B314694
:10948000CDE90603104B6846089303F17453A3F526
:109490002303A3F6924309931EF0D6F82A462146E9
:1094A00068461EF0D5F868461EF0C5F81BB0F0BD42
:1094B00067E6096A72F36E3C7F520E5185AE67BB58
:1094C0003AF54FA58C68059BABD9831F38B5402270
:1094D0000D460021044623F08FFC074B20461A79E5
:1094E000196823F062FC631E3F3413F8012F6A40B1
:1094F000A3421A70F9D138BD4067022000B591B07F
:1095000036216846FFF7E2FF06481EF090F805484E
:10951000FFF776FF4022694602481EF095F811B029
:109520005DF804FBD8660220024B19711860FFF742
:10953000E5BF00BF406702200A46014601481EF011
:1095400083B800BFD866022030B599B004460D46F6
:109550000F4869461EF0C2F80D48FFF751FF08A8F2
:109560005C21FFF7B3FF08A9402209481EF06CF800
:109570006946202206481EF067F821466A01044821
:109580001EF066F8024819B0BDE830401EF053B82E
:10959000D866022038B5054678B1094B1C680CB175
:1095A00024680CB9204638BD08222946204623F0FD
:1095B00032FC0028F6D0E468F3E70446F2E700BF87
:1095C00054670220074B10B50446186840B1224684
:1095D0000C2106F071F82046BDE8104006F0EAB80C
:1095E00010BD00BF54670220054B186818B103680E
:1095F00000200BB980B270470130DB68F9E700BF8B
:109600005467022030B5074CBDF81050246844B1AF
:109610002382BDF80C3025816081A181E2816382C3
:10962000A58230BD5467022038B5124B1D68B5B114
:1096300000F108042046FFF7ADFF90B16B89028965
:109640009A420BD90821204605F07EFF0A4A0346BC
:109650000A49082021F0A9F8012038BD0381002023
:10966000FBE7FFF7C1FF2B8A83428CBF002001205C
:10967000F3E700BF54670220334D0508484D050845
:109680002DE9F843304E05468946376887B378B3ED
:1096900008222E4923F0BFFB50BB05F10808062223
:1096A0002B49404623F0B7FB10B34046FFF772FF4B
:1096B0000446B9F1000F0AD0D0B10820254A264946
:1096C00021F073F82046BDE8F843FFF77BBF88B16F
:1096D00043894FF400415B009BB24381B8899842B3
:1096E00028BF184660817D891EF092F805442581C7
:1096F000BDE8F883194A0820174921F056F8326866
:10970000002AF5D0FFF770FF138A8342F0D91420A6
:1097100006F040F804460028EAD033684FF40041D0
:10972000D88960815F891EF073F822460C210744B6
:1097300030682781AB682360D8F804306360BDE8E7
:10974000F84321F076B900BF546702203F5D050859
:10975000395D05084B4D0508484D05085D4D050868
:10976000054B10B51B6833B1186820B1C468FFF70A
:1097700029FF2046F9E710BD5467022070B5254C3B
:1097800005462268002A44D01389834216D91B1A41
:1097900013811468002C3CD02389E668AB4234D88E
:1097A0000821204605F0D0FE1B4A03461B4908202D
:1097B00020F0FBFF2046FFF705FF28E04FF4804133
:1097C000908A1EF025F822681081FFF70DFF138A9A
:1097D000518A5B1A9842DCDB00260CE098B11989AB
:1097E0000289914238BF1846DB68002BF6D108B1D8
:1097F000FFF7E8FE01362268F1B2508A1368814211
:10980000C7D20020F1E71846EEE75B1B2381344600
:10981000C0E770BD546702206B4D0508484D050830
:109820002DE9F341154E0D46318B99B132B100EB64
:1098300042204FF6FF729042A8BF104687B22C8894
:10984000BC420AD2021B8A420BDA7269824201D1FF
:10985000844206D102B0BDE8F081FBD9201A8842CB
:10986000F8DB5A68210900923A09D6F800801B7883
:1098700096F92300C0472F80ECE700BF7C0B022045
:10988000F0B4254C8579278BC5F38205668B2FB103
:1098900047881FB9B542A4BF078847808AB34902E9
:1098A000B1FBF2F2216911B18A4228BF0A4694F84D
:1098B00022704FB3B54227DCD20061698A4228BFCB
:1098C0000A464179B542028021F020018279417136
:1098D00022F0600282711CDB57B11A780621002544
:1098E000E6684A43B118B552627F0D718A70CD7037
:1098F0004279014602F01F0231F8020BF0BCFFF77B
:109900008FBF4FF6FF72CDE70188A1EBD1010A446A
:10991000D3E7F0BC704700BF7C0B022010B5837802
:109920002BB122B1934294BF00239B1A83708B7991
:109930001049C3F382034C8BA34203D1B2FA82F0E5
:10994000400910BD12DD83783BB102884FF6FF73EA
:109950009A4202D0C378FF2B08D10379CA7F9A427A
:1099600006D9C078C01A18BF0120EAE70020E8E74E
:109970000120E6E77C0B022048B94AB143B1054813
:1099800012010360028380F8231001207047002039
:10999000704700BF7C0B0220074B93F923208242C3
:1099A00007D1986830B19B7F8B4202D900EBC10090
:1099B00070470020704700BF7C0B022008B5FFF7FE
:1099C000EBFFB8B10D4A92F822302BB18379528B5C
:1099D000C3F3820393420EDB4279038812F01F0225
:1099E00006D003EB42234FF6FF729342A8BF134603
:1099F000C3F30B1008BD4FF6FF70FBE77C0B022092
:109A00002DE9F04FDFF8748085B00F4698F82230CA
:109A100001905BB1FAF7BEFF40B1D0F87831D3F8CE
:109A2000AC301BB11D684FF0060B15B905B0BDE891
:109A3000F08F29780198FFF7AFFF0446E0B1437932
:109A40009B0619D40BFB01F6D8F80C9001463A4658
:109A500009EB060A5046FFF761FF68B12B4639F85B
:109A60000610204613F8012B8DF80820039302AB53
:109A70009AF80320FFF704FFAD69D6E77C0B0220BC
:109A800010B50F4C83684268234401682244214486
:109A90005340A3EBB2435940A1EB735182EA01005A
:109AA000A0EBF1104340A3EB30435940A1EB3371DD
:109AB0004840A0EBB1404340A3EB302010BD00BFB5
:109AC000FBBEADDEF8B58CB20646184F20461DF041
:109AD0003FFF01234FF6FF723B60002383420BDB05
:109AE00000220123124943F2390C1546AC4207DC2F
:109AF00002B13B600020F8BD26F813200133EDE7EA
:109B000001FB03C3002023F00043B3FBF4F204FB8A
:109B1000123236F910E07245F2D00130A842F8DD79
:109B200026F8152001350122E0E700BFA00B022036
:109B30006D4EC641034638B1044A106820B18269AF
:109B40009A4218BF00207047704700BF5867022034
:109B500010B50C46C36A816902489847A04288BF85
:109B6000002010BDF59B0208F8B50546046A11F502
:109B7000FA700F464FF0000316462CBF012100215A
:109B80004FF47A72D6F77CFB63694343D91719D532
:109B9000B3F5FA704FF47A724FF0000361F10001EF
:109BA000D6F76EFB3F1A3246284639461DF072FF43
:109BB0000E4B9E420FD16B6CA86998472B6A3844B4
:109BC0001862F8BD13F5FA704FF47A724FF0000383
:109BD00041F10001E4E7064B9E42F2D16B6CA869AB
:109BE00098472B6A38445862EBE700BFCD9F0208C4
:109BF000F59B02082DE9F04F85B0FFF79BFF044667
:109C0000002800F0DC81DBF7D1FE226A92F84030B8
:109C10000BB1D36B63B9002382F82E30226AD36074
:109C2000226A82F82D3005B0BDE8F04FDBF7D2BED6
:109C3000636CA0699847D4F82080D8F82430B8F82D
:109C40000490C51AB9F1000F02D1002B08BF0025FE
:109C5000D8F83C204FEAE57B98F82E30029298F82D
:109C600040200392002B40F0D580BBF1000F4FDA6B
:109C7000B5F5FA704FF47A724FF000036BF1000102
:109C8000D6F7FEFA06464FF0000A0F46DDE902322B
:109C9000981A1A465346801941F10001D6F7F0FA96
:109CA00048443946A8F804003046D4F8208098F893
:109CB0004030D8F83C90029353464A46D6F7E0FA33
:109CC000029991427AEB03032BDA012388F82E30B4
:109CD000D4F82080D8F83C3098F84020981A86199B
:109CE00047F10001B3427AEB01013CDA9A1A4FF4D2
:109CF0007A7266EB0606A0FB020102FB0611401910
:109D0000A3FB02234BEB0101D6F7BAFA15462AE072
:109D100015F5FA704FF47A724FF000034BF1000121
:109D2000AEE7029BA9EB03039E19039347F10007DB
:109D3000B1457AEB070716DA029B0399B9EB0303E7
:109D40004FF47A7362EB0202A1FB0301401903FB9B
:109D50000211A9FB03239B4D4BEB0101D6F790FAAF
:109D6000039B05FB032598F83530012B08D1B8F883
:109D700004306289B3FBF2F102FB1133A8F804301E
:109D8000266A96F82E70002F40F0C98096F8403071
:109D90004FF47A7294F83410204653438A4A05FBF4
:109DA0001131FFF7E1FE236A012283F82E20266A93
:109DB00096F8353096F8420093427BD1F38EB28804
:109DC0000197B4F90A100091D6E906011DF029FEA9
:109DD000256AE288014605F144001DF0DFFEAB88EC
:109DE00001339BB2AB8062899A4201D1236A9F8082
:109DF000236AC5B21D70236A94F904609A6A002A26
:109E000079D06421304607F01BF8A36C2946A0697D
:109E1000984708E7002D44DAB5F5FA704FF47A72E6
:109E20004FF000036BF10001D6F72AFA039B4FF0C5
:109E3000000A064618180F46029A534641F10001DF
:109E4000D6F71EFA814439463046A8F804905346A6
:109E5000D4F820904FF47A77D9F83C804246D6F770
:109E60000FFA99F840102846A8EB0108594690458A
:109E70007AEB0303B8BF89F82EA0D4F82080D8F875
:109E80003C60A6FB0723D6F7FBF9194698F840304B
:109E90001046F61A65EB0505A6FB072307FB0533FD
:109EA00032E715F5FA704FF47A724FF000034BF178
:109EB0000001B9E7022B10D1B3880133B380236AC4
:109EC000B4F90A20D98E98881DF072FD0146206AE7
:109ED000E28844301DF062FE8AE7032B88D1D6F871
:109EE0008850002D84D0E288F38EB18800923A46E3
:109EF000A069A8477CE793F840004FF47A73584371
:109F00003223A0EB9001B1FBF3F140F6C41389B208
:109F1000B0FBF3F080B21DF0D7FE014672E7636C30
:109F20004FF47A78A06998473061236A2046264A20
:109F3000D96B93F84030C91A94F8343008FB01F11A
:109F400005FB1311FFF710FE236A002283F82E2071
:109F5000236AA5789A6A1AB1642194F9040052E739
:109F600020784FF032091DF013FE9B6841F28837CC
:109F700008FB03F8FA234FEA580646432046B6FB8F
:109F8000F9F6B8FBF7F7B8FBF3F317FA86F713FA0D
:109F900086F6BFB2B6B21DF0B2FE38B9B8FBF9F31F
:109FA00017FA83F716FA83F6BFB2B6B294F90480B3
:109FB000314638461DF088FE0146404623E705B08D
:109FC000BDE8F08F18FCFFFFF59B02082DE9F0417A
:109FD000FFF7B0FD0446002875D0DBF7E7FC636CA3
:109FE000A0699847266A336AB6F80280C51AB8F1A4
:109FF000000F02D1002B08BF002596F83430EF1770
:10A00000FBB1002D2FDAB5F5FA704FF47A724FF0EC
:10A01000000367F10001D6F733F996F838200023E2
:10A02000D6F72EF98044A6F80280226A92F83430DE
:10A03000012B06D153882189B3FBF1F001FB1033CA
:10A040005380236A4FF47A7693F838305E4313D105
:10A050001E4920461DF030FD236A83F82C60BDE8C0
:10A06000F041DBF7B7BC15F5FA704FF47A724FF098
:10A07000000347F10001CEE7324600232846394667
:10A08000D6F7FEF894F83430114620460F4A01FB0B
:10A090001361FFF769FD236A0122204683F82C2013
:10A0A0001DF093FD236ADA6B1AB193F84030002B50
:10A0B000D5D1A36B0021A06998470028CFD0636D4C
:10A0C000A0699847CBE7BDE8F08100BFCD9F0208AB
:10A0D00010B5036A0446DA6B002A37D093F8403093
:10A0E000002B33D0036CBBB96423216A91F8400084
:10A0F000CA6B121AB2FBF3F3012B27D923F0010329
:10A100000820B2FBF3F28A60236A114A9B68114966
:10A11000BDE8104020F049BB806998470028E3D093
:10A120000D4AA389B2FBF0F202FB03F00B4AB2EB3B
:10A13000400F4FEA4003D7D343F2C72293428ABF6E
:10A140004FF47A720D23B3FBF2F3CEE710BD00BFDC
:10A15000B54D0508B04D050800127A00878A010048
:10A160002DE9F74F1E46036A04461546002B00F002
:10A17000FD80D268002A00F0F9806A78002A00F099
:10A18000F580DF887B4B5F43436C80699847236A87
:10A19000DB68C01A874204D91EB9002003B0BDE8AD
:10A1A000F08FDBF703FC266A636C4FF00008A069B0
:10A1B000B6F804B0D6F80CA09847F0602046236AA1
:10A1C000D968A1EB0A061DF0D2FD6B49019020462B
:10A1D0001DF072FC636CA06998472B694FF47A728A
:10A1E000C01A002310F5FA7048F10001D6F748F8BC
:10A1F000AF68EB6881460744B7FBF3F203FB1277C5
:10A200006B78BB429CBF236A83F82E804FF47A732D
:10A21000EA68D11B5943236A93F82E3023B16B7837
:10A22000D21A564B03FB0211534A2046FFF79CFCFF
:10A23000236A0122204683F82D206978D5E902831C
:10A240000093236A83F84010236AE968D963FFF713
:10A250003FFF236A93F835203AB1009AC844B8FB0F
:10A26000F2F8AA8890441FFA88F29A80226A92F83B
:10A270003530012B06D19388E188B3FBF1F001FB67
:10A2800010339380236A4FF00008C3F89050BAF15E
:10A29000000F4ED0D4F8209099F83530002B48D0DC
:10A2A000374B9E4245D3B9F804004FF47A72EB68FD
:10A2B000A0EB0B005843019BC01A2E4B074416F528
:10A2C000FA7003FB07F748F100010023D5F7D8FF28
:10A2D000474502460B464FEAE77A4FEA60004FEAED
:10A2E000E27136DA381A6AEB0101D5F7C9FF6FF06F
:10A2F00009039842B8BF1846D9F814300A28D4BFC9
:10A300001B180A33C9F81430236A68785B6958430C
:10A31000C11722D5B0F5FA704FF47A724FF00003EE
:10A3200061F10001D5F7ACFF0021024620461DF087
:10A3300011FCDBF74FFB13480E4A0023301848F19D
:10A340000001D5F79DFF0221024620461DF002FCC8
:10A3500023E738184AEB0101C7E710F5FA704FF40C
:10A360007A724FF0000341F10001DBE74FF0FF305C
:10A3700014E700BF40420F00F59B020818FCFFFFE6
:10A38000E0E58B0320A107002DE9F0410D468AB0DE
:10A39000044601F110001DF069FB074605F130008D
:10A3A0001DF064FB002F064604DC4FF0FF300AB0BE
:10A3B000BDE8F081B5F85030002BF6D06389BB4280
:10A3C00010DB60B9DBF7F2FA2B7833BB4A49204641
:10A3D0001DF072FB236A002283F82C2020E02389E1
:10A3E0008342EFDA236A4FF00008986905F0E2F93A
:10A3F000236AC3F81880236AD86905F0DBF9B742ED
:10A400003946236AB8BF31462046C3F81C8089B25A
:10A410001DF034FC0028D5D0C7E72B79002BD5D010
:10A420006A78236A22B193F840200AB1DA6B0AB93C
:10A430000022DA60236A93F82C3073B92B7863B169
:10A440002B7953B14FF47A712B4A20465943FFF7C9
:10A450008BFB236A012283F82C20206A5C22294688
:10A46000343022F0A2FC5EB905F10C02236A52F8E6
:10A47000041F03EB86030136082E5966F6D13E46CB
:10A48000236A93F82C203AB993F82D3023B9C821C8
:10A4900094F9040006F0D4FCB5F850306781E380ED
:10A4A00026812B780BB96B7BA370DBF793FA226ABA
:10A4B000082092F88C1092F841300991D18E0891C1
:10A4C000D16B079192F84010069192F838100591DF
:10A4D000218904916189039192F83510029192F8D3
:10A4E0003410019192F8422004490092044A20F06D
:10A4F0005CF900205BE700BFCD9F0208B04D050866
:10A50000CA4D05081144054B10B502B910BD11F82C
:10A51000014D013A604092B25843F6E793010001C1
:10A520000A4601460148FFF7EDBF00BFC59D1C81EB
:10A530002DE9F7430C4606461746124908222046E5
:10A54000984622F068FCD0B904F1080906220E49A9
:10A55000484622F060FC78B1A0686D46E1683A4652
:10A5600003C59DF800306946304683F002038DF83C
:10A57000003043461DF011FD03B0BDE8F08300201C
:10A58000FAE700BF3F5D0508395D0508014B1B6810
:10A5900058687047A40B0220044A0346106800B9AB
:10A5A000704742689A42FBD00069F8E7B40B02207A
:10A5B00038B51546B0F8D8220C465AB1A3B1022DD1
:10A5C00001D8002038BD130A881C4A7063F03F038D
:10A5D0000B70F7E743B100F1D803CB1A9BB2B3F588
:10A5E000804F38BFA0F8D83200F11C02294620461F
:10A5F0001DF066FD0028E4D02C44064A211A1DF007
:10A600005FFD0028DDD0241A012CDADD002300F8DC
:10A61000013BD7E7734E05082DE9F041984600232A
:10A620000D4688B0A0F8D8320446C0F80C3317465F
:10A63000C0F820331DF0D2FCAB07C4F8D4000FD50E
:10A6400094F8DB32012B11D104F5397018234246FE
:10A650003946CDE900030023D4F8C8001DF0EBFC17
:10A66000002384F8DB3208B0BDE8F081182102A88D
:10A670001DF00EFF0A4D0B4BA06802931DF0B0FCBD
:10A6800004AB05F1100203902868083555F8041C46
:10A690001E46954203C63346F6D102A8D6E700BF50
:10A6A000835D0508020014E92DE9F0411E469B89EF
:10A6B00005460C4617469DF8188073B1B8F1000F97
:10A6C00016D0022A02D80020BDE8F0811A0A881CA0
:10A6D0004B7062F03F020A70F6E7B8F1000F07D046
:10A6E00000F1D803CB1A9BB2B3F5804F38BFB381CA
:10A6F00005F17002394620461DF0E2FC0028E2D048
:10A70000B8F1000F08D0F38933B9D835451BADB285
:10A71000B5F5804F38BFF5813C443268211A1DF0F1
:10A72000CFFC0028CFD0064A211A1DF0C9FC002812
:10A73000C9D0241A012CC6DD002300F8013BC3E771
:10A74000734E05082DE9F3471E46DB8980460D460A
:10A7500017469DF82C9063B3B9F1000F34D0022A4C
:10A7600004D80025284602B0BDE8F0871A0A8C1CE0
:10A770004B7062F03F020A70EA19131B0A2BF0D9E2
:10A7800004F10A0133464046CDF80090521AFFF713
:10A790008BFF05460028E5D0031B0C220A2120462A
:10A7A0000A3B9BB201930A9B009300231DF06CFCB3
:10A7B000D8E7B9F1000F07D000F1D803CB1A9BB24C
:10A7C000B3F5804F38BFF3813268394628461DF013
:10A7D00077FC0028C5D005EB070A084AAAEB000160
:10A7E0001DF06EFC04460028BBD0AAEB000ABAF1AB
:10A7F000010FB6DD002304F8013BBDE7734E0508E9
:10A800002DE9F04792F820300F4694B08146590761
:10A81000154600F05181C3F3C103032B16BFBC4A98
:10A820000E23D35C2133DBB2EA89981880B218F08A
:10A8300020FF0446002800F0668195F820305A0772
:10A840002DD0EE890121AB683846013E03F10108A5
:10A850001EF079F9B6B2686238461EF07AF909AB93
:10A8600085F8300005223146404619F08AFF042859
:10A8700009D104A999F914000EF0CEFC18B90A996F
:10A8800004981FF0B5FF09AB08223146404619F085
:10A8900078FF042803D10A99686A1FF0A9FF9D4A2E
:10A8A00009F10C0A05F120011368C4F81D30536842
:10A8B00004F10902C4F82130D9F80C30C4F825306D
:10A8C000D9F81030C4F8293094F8253083F0020309
:10A8D00084F8253005F110031E4653F8040B8B4213
:10A8E00042F8040BF9D12B7CB4F84000FF2B00F1A7
:10A8F0008C0008BF94F87A30204404BF43F008036A
:10A9000084F87A3004232372237744F64C5363830C
:10A91000E385EA89A96822F048FAB5F80E80B4F810
:10A9200040304344A4F8423095F820305B0700F0F3
:10A93000AC8099F91420394605F120001EF01AF96F
:10A940000246002800F0EC8095F82010022309A8A8
:10A95000009301F0070100231CF0A5FD002800F082
:10A96000DF8095F82030D9F80C00C3F3C102C3F39F
:10A970000203032A16BF66490E278F5C6A6ADAF85B
:10A98000041092FA82FC09AA03C29DF84310CDF884
:10A990002CC08DF8303000295BD02031204639445E
:10A9A000F6F75CFA0446002800F0A280B0F8409068
:10A9B000424609F18C0981449DF843004946A9EBC0
:10A9C000000022F000FA9DF84330B4F84220D21A79
:10A9D0003B44A4F84220A9EB030195F82030C3F3CF
:10A9E000C102C3F3020343EAC20301F8013B686AF0
:10A9F0001FF00AFF95F82030C3F3C103022B69D082
:10AA0000032B5BD0012B6ED0C01B04F11D0304F19E
:10AA10002D012038024653F804CB8B4242F804CB78
:10AA2000F9D104F1090300F1100204F1190153F8FE
:10AA300004CB8B4242F804CBF9D107F120039DF8F7
:10AA400043200F90ADF84030B4F840309B1AA4F882
:10AA50004030B4F8403009A8ADF838808C33234436
:10AA60000D93434411931CF05FFD9DF8433023B1D7
:10AA7000B4F842201344A4F84230B4F840302046E1
:10AA8000DB1BA4F84030F6F76DF920460121F6F7FC
:10AA9000E5F90446002800F0AF80B0F84030013BF3
:10AAA000A0F84030F6F75EF995F820305F0714BF44
:10AAB0000023FF23037039E00123B5E6AB6A0930B8
:10AAC00040F8093CEB6A40F8053C95F8303000F856
:10AAD000013C99E7AA6A034643F8052B95F8302014
:10AAE0000271184690E795F8303000F8013B8BE78B
:10AAF000094A042009491FF058FE09A81CF00EFD60
:10AB000020461CF011FD4FF0FF3014B0BDE8F08777
:10AB1000935D05083F5D0508794E0508944E0508CC
:10AB20002046F6F705FA04460028ECD0374F3A687D
:10AB300092F83830980742BF94F87A3043F0020315
:10AB400084F87A3095F84630D90609D594F8603003
:10AB500043F0200384F8603095F8423084F8623086
:10AB600095F8463043F0080385F846309B0609D532
:10AB700094F8603023F0040384F86030B5F8443072
:10AB8000A4F86A30AB6C002B3CD0EB6C0121002B9D
:10AB90008DF80F1018BF0B4684F86130012392F92D
:10ABA00000002921FD2200930DF10F0304F08EF91E
:10ABB000002306F110028DF810300DF1110356F844
:10ABC000041B964243F8041BF9D1142544F64C5358
:10ABD00000210BA82A46ADF8223022F00DF904AB73
:10ABE000386809AA2146CDE90935002390F900000B
:10ABF000F7F7F2FC002088E7054A042005491FF01A
:10AC0000D4FD80E78DF80F30C8E700BF60670220F1
:10AC1000BB3E0508944E05082DE9F04F06469DB051
:10AC200038B9C24A0420C2491DB0BDE8F04F1FF038
:10AC3000BCBD0578ADB944689CB190F9020000F044
:10AC4000B3FC074696F9020000F00AFD814607B101
:10AC500050B9B84A0420B6491FF0A7FD2046F6F7C0
:10AC600067F91DB0BDE8F08FBB6804F11D000E93BD
:10AC700018F021FE06460028F0D0294604F109000C
:10AC8000F6F7A6F90228E9D1B4F84020531C224473
:10AC90009BB2A4F8403092F88CB0BBF1FF0F40F0AB
:10ACA000BD809DF814308DF8245023F01F0343F02D
:10ACB00008038DF814309DF81420002355078DF8F3
:10ACC000253099F8283000F0AA81002BC6D097F9DA
:10ACD0001420494605A81DF04DFF82460028BDD02E
:10ACE0009DF8143003F01803102B40F0118107A8D1
:10ACF0001FF087FD8046DFF84092D9F8003093F8C6
:10AD00003830D80740F13381BD68002304F11D01BC
:10AD1000D5F878011A46D0F8AC00FFF709FC0028F6
:10AD200000F02581017895F90D001DF0B9FE05466A
:10AD3000002800F01C81037AD90740F1EC800368F9
:10AD4000069A9A4203D34368434500F0E480002208
:10AD50002B7A62F30003C5E900282B72B4F8403067
:10AD60005246B4F8426011A89DF81410F61A022356
:10AD700001F0070100930123B6B21CF094FB0028F8
:10AD800040F0F7802046F6F7D3F8044600283FF459
:10AD900068AFD9F8003093F83830DB0700F1338121
:10ADA0000026B4F84020B4F84210531C22449BB251
:10ADB000C91AA4F840308C3392F88C2089B2E0187C
:10ADC000B4F86A308DF82820ADF84030B4F8683017
:10ADD000ADF83C100D90ADF83E3019F0B3FC0028F2
:10ADE0007FF43CAF04F11D030B9304F109030C93B2
:10ADF000B4F87430ADF84230504B1B68002B40F073
:10AE00001681002E40F01C813B68002B3FF426AFDA
:10AE100005AA0AA997F9140098471FE7BBF1000F8C
:10AE20007FF41CAFB4F842A003F18C05AAEB030831
:10AE30002344254493F88C101FFA88F89DF81430A9
:10AE4000681CC1F3C10262F3C403039261F30203FD
:10AE50008DF814301FF0E1FC039A0690022A4BD0C3
:10AE6000032A03D0012A4FD06B1D09E007ABD5F8A8
:10AE70000500D5F8091003C305F10E0395F80DB0D0
:10AE800004F18C028DF824B09B1AA4F840309BB2D8
:10AE90009A4506DA2046F6F74BF8044600283FF4B8
:10AEA000E0AEB4F8403004F12D0E234808EB030265
:10AEB000B4F84230D21A036892B203F1020C02F1E4
:10AEC000200183F8301004F11D0151F8048B714505
:10AED0004CF8048BF9D104F10901123304F1190C77
:10AEE00051F804EB614543F804EBF9D100682946B9
:10AEF000223021F05AFFDEE6D5F80530079305F140
:10AF00000A0395F809B0BBE7AB1D95F805B0B7E7A4
:10AF10009DF82480EFE66A68424513D900924346C3
:10AF2000074A034904201FF040FC97E6994E0508A4
:10AF3000944E0508B14E0508606702205C67022048
:10AF4000CF4E0508069B29688B423FF607AF424566
:10AF50007FF404AFD9F8002092F83820520703D5C7
:10AF600001238DF82530F9E6384A0091D9E700250C
:10AF7000F4E69DF86320964203D811A81CF0CEFA9F
:10AF800000E794F825A021469DF814C08AF002033A
:10AF9000CCF3020C01F8253F069BD4F8250093FA68
:10AFA00083FE496811AB8DF850C084F825A003C317
:10AFB000B4F84030CDF84CE08C332344FAB1B4F807
:10AFC0004210B61A15938A1AB6B2A4F84220D9F8DC
:10AFD0000020ADF858601E44911C92F8302019965C
:10AFE0001791ADF8602011A81CF09EFA00283FF4DC
:10AFF000D0AE174A022017491FF0D7FBC2E6ADF8C2
:10B0000058601593EFE79DF82530002B7FF4C8AE0C
:10B01000002D3FF4C5AE069BC5E90038C0E623B15C
:10B020007B68002B7FF4BDAE18E61E46B9E605AA84
:10B030000AA997F91400984700287FF4E2AE0DE6BC
:10B040007B680AA997F91400984707E6054F050899
:10B050003E4F0508944E050813B5044604210DEB38
:10B060000100D6F787FC019B13F1C50FF6D8064AFD
:10B07000B3FBF2F303F5E64333339BB204FB03F077
:10B08000C00B02B010BD00BF74FF090038B5084BFB
:10B0900005461B6853B1074900F0D0FA044606493B
:10B0A000284600F049FA2043C0B238BD1846FCE7F4
:10B0B00060670220CD8404086387040838B583786C
:10B0C000022B0CD10120FFF7E1FF044638B9044DF3
:10B0D0002B68586B18B120F068F92B685C6338BD99
:10B0E000606702202DE9F04F87B0984607468946F1
:10B0F0009DF840B09246ABF104031C2B21D802B35B
:10B10000F9B1B8F1000F1CD0564C256835BB3C2076
:10B1100004F040FB206078B1FF2301210370266812
:10B12000514805F0BDFC7070206890F90130002B8B
:10B130000DDA04F03FFB25604C4A02204C491FF019
:10B1400034FB4FF0FF36304607B0BDE8F08F90F883
:10B150003830456323F0070380F83830384600F074
:10B160008DFA06460028ECD1384600F02BFA054649
:10B1700048B3C0F800A080F815B0C0F80890D8F81F
:10B180000030C360D8F804300361236893F90020CD
:10B19000002A0EDA374A01203146019244F64C5219
:10B1A000029000923246F7F797F910B12368FF2218
:10B1B0001A70236893F90020002A0BDA2E4A022025
:10B1C0002B491FF0F2FA384600F01EFA384600F01C
:10B1D00079FAB6E7FF2202272921ADF812204FF0B5
:10B1E0008072059200228DF810208DF811203A46C9
:10B1F00093F900000DF11203009703F067FE236836
:10B200000322292193F900000DF112030097012771
:10B2100003F05CFE23680E22292193F900000DF152
:10B220001103009703F052FE23680422292193F9A9
:10B23000000005AB009203F049FE2368FD2229219E
:10B2400093F9000004AB009703F040FE2368FE2250
:10B25000292193F9000005F11403009703F036FE4D
:10B2600071E700BF60670220BDB002084C4F0508BF
:10B27000944E050819AC02086E4F05082DE9F043FD
:10B2800085B000F0B1F8044670B190F9020000F00A
:10B290008BF9054694F9020000F0E2F9064605B183
:10B2A00028B9204600F010F94FF0FF303AE0DFF8FF
:10B2B000F890D9F80070796BE1B91022684621F056
:10B2C0009BFD7B784FF002080A218DF800304FF487
:10B2D000817368468DF80880ADF8023005F0BAFE3B
:10B2E000D9F8003078635B6B23B9304A4046304967
:10B2F0001FF05BFA94F83930BBB1012B10D04FF03E
:10B30000FF35B5FBF3F505FB03F604216846D6F7D8
:10B3100031FB009B9E42F8D9B3FBF5F301339BB29E
:10B320006387002005B0BDE8F08394F846102846F6
:10B33000C1F380011DF0B8F870B900F0EDF80A28EB
:10B340002BD894F8463043F0020384F84630638FDC
:10B35000092BE6D80A23E3E7224631462846FFF7C1
:10B360004FFA98B104F1100004F09AF8114A03461C
:10B370000F4904201FF019FA012384F8393063873C
:10B3800094F84030013384F84030CAE794F84030F4
:10B39000002BC6D1638F002BC3D1208800F024F886
:10B3A00000F092F8BDE700BF60670220844F0508F7
:10B3B000944E0508A04F0508044B1B682BB193F869
:10B3C000382060F3000283F838207047606702205D
:10B3D000044B1B682BB193F8382060F3410283F8CB
:10B3E0003820704760670220044A0346106800B99D
:10B3F000704702889A42FBD0006DF8E7646702202C
:10B400000A4B70B506460D461C680CB9204670BD47
:10B41000606B48B194F83830AB4205D12A463146CA
:10B4200021F0F9FC0028F1D0246DEEE764670220DA
:10B43000074B024600201B6843B1196D93F9023097
:10B44000934201D1431C98B20B46F5E7704700BF09
:10B450006467022038B50546582004F0A3F9044675
:10B4600068B1AB061EBF25F03F054035ADB228469A
:10B4700004F098F9A06028B9204604F09BF9002454
:10B48000204638BD01230021142204F12000E3816D
:10B49000FF236160A37094F84630218023F03F03BE
:10B4A000E163A4F84010A58184F84630C4E90D1189
:10B4B000C4E9121121F0A0FC2246502101481FF0DE
:10B4C000B8FADDE76467022010B5044660B10246B1
:10B4D0005021074804F0F0F8A06804F06BF920460A
:10B4E00004F068F9002010BD4FF0FF30FBE700BF0B
:10B4F0006467022038B5074B0446186840B190F9DC
:10B500000230056DA34201D1FFF7DEFF2846F5E7C3
:10B5100038BD00BF64670220064B00201B6803B9DA
:10B52000704793F846201B6D920744BF013080B2EC
:10B53000F5E700BF64670220F8B5134F04460D46D7
:10B540003B68F3B17B68A3F150000023C8B13B68AE
:10B550009842438F16BF466D0026503EA34208D93D
:10B560001B1B438790F846309B0708D430460123C5
:10B57000ECE790F8463023F0020380F84630A84705
:10B58000F4E71846F8BD00BF64670220054A034689
:10B59000106800B9704790F905209A42FAD0806887
:10B5A000F7E700BF6C670220054A0346106800B940
:10B5B000704790F914209A42FAD0406AF7E700BF2A
:10B5C0007467022038B50546FFF7EEFF0446B0B9B0
:10B5D0002C2004F0DFF8044688B1024624210948F3
:10B5E0001FF027FA0A232575E382322323830323DE
:10B5F000A3760023E361238484F82230636020462D
:10B6000038BD00BF746702200B4B10B51C6814B91D
:10B610004FF0FF300CE094F91430834209D12246F8
:10B620002421054804F048F8204604F0C3F800201F
:10B6300010BD646AEBE700BF74670220F8B5074BE2
:10B6400006460F4600241D680DB92046F8BD294660
:10B650003046B84704436D6AE4B2F5E774670220E8
:10B66000054A0346106800B9704790F934209A42A1
:10B67000FAD0806BF7E700BF7C670220104B70B5F3
:10B6800006461D6895B9402004F084F8044698B138
:10B69000024638210A481FF0CCF984F8346065620C
:10B6A00084F82850C4E90B55002070BD95F934305A
:10B6B000B342F9D0AD6BE5E74FF0FF30F5E700BFDF
:10B6C0007C6702200B4B10B51C6814B94FF0FF309B
:10B6D0000CE094F93430834209D1224638210548E0
:10B6E00003F0EAFF204604F065F8002010BDA46BCB
:10B6F000EBE700BF7C67022038B50D4D0446038A96
:10B70000102200212B406FEA53236FEA4323038268
:10B7100021F072FB638C04F1120010222B400021F7
:10B7200043F0FF036384BDE8384021F065BB00BFF0
:10B7300000F8FFFF3D4B2DE9F04105460E461F681E
:10B7400037B93B4A3B490220BDE8F0411FF02DB814
:10B7500097F90030B34201D0FF68F1E7364B1B6820
:10B760000BB9364AEEE793F90020AA4201D09B6854
:10B77000F6E7334B1C68234653BB002C39D1142009
:10B7800004F008F80446002839D00346002205706A
:10B790000C2143F8042F0246836029481FF049F921
:10B7A000636873BB0C2003F0F5FF024678BB254AA3
:10B7B000022020491EF0F9FF6368A3B92246204801
:10B7C0000C2103F079FF2046BDE8F04103F0F2BF01
:10B7D00093F90020AA420AD15A6842B1516892F9FD
:10B7E0000020B24201D1BDE8F0810A46F5E7DB68EE
:10B7F000C2E794F90030AB42D2D0E468BDE7124A08
:10B80000A0E793F90020B24206D05B68C9E70421A3
:10B81000067060181FF00DF97B68002BE3D03146ED
:10B8200028460122BDE8F041184700BF8C6702207E
:10B83000C44F0508DA4F050894670220DF4F05085A
:10B840008467022004500508F34F0508F8B5051E6B
:10B850000F46164622DB09B3134B1C688CB9142023
:10B8600003F098FF0446E0B1024605700C210E4833
:10B870001FF0DFF80D4BC4E901671C683CB9204696
:10B88000F8BD94F90030AB42F4D0E468E6E794F9EF
:10B8900000002946FFF74EFFA468EFE74FF0FF30A6
:10B8A000EEE76FF00100EBE78C670220946702205F
:10B8B00070B5051E0E4602DA4FF0FF3070BD00294C
:10B8C000FAD0114B1C688CB9102003F063FF0446BA
:10B8D0000028F1D00246057008210B481FF0A9F896
:10B8E0000A4B66601C683CB92046E7E794F90030D3
:10B8F000AB42F5D0A468E6E794F900102846FFF7BC
:10B9000019FFE468EFE700BF946702208C6702200C
:10B910002DE9F843254B06461C687CB394F90030AA
:10B92000B34201D0E468F8E72746DFF8849057F87F
:10B93000045FDDB1D5F8048095F90010D9F8003026
:10B9400053B193F900208A4201D0DB68F8E75B68C5
:10B9500013B10022304698472A460421384603F0A6
:10B96000ABFE284603F026FF4546E2E70F48224695
:10B970000C2103F0A1FE204603F01CFF0D4B1C68B8
:10B9800014B94FF0FF300CE094F90030B3420AD103
:10B9900022460821074803F08FFE204603F00AFFE5
:10B9A0000020BDE8F883A468EAE700BF84670220AE
:10B9B0008C67022094670220064B1B681BB9181E77
:10B9C00018BF0120704793F900208242F7D0DB684E
:10B9D000F4E700BF84670220084B1B680BB91846C8
:10B9E00070475A680AB9DB68F8E792F9001081429B
:10B9F00001D05268F6E70120704700BF846702203B
:10BA0000114B70B50D461B680BB9002070BD93F942
:10BA10000020824201D0DB68F6E75C680B4E002C08
:10BA2000F3D094F9000033680BB96468F7E793F931
:10BA30000020824201D0DB68F6E79B6829469847E0
:10BA40000028F2D10120E1E7846702208C67022000
:10BA5000144B2DE9F04106460F461C68DFF848807C
:10BA600014B92046BDE8F08165680DB9E468F7E7D0
:10BA700095F90030B34201D06D68F6E794F9000003
:10BA8000D8F80030002BF7D093F90020824201D083
:10BA90009B68F7E75B68394698470028ECD101209E
:10BAA000E0E700BF846702209467022037B50546AF
:10BAB00040B182684088130AC2F30F22904204D337
:10BAC0000023AB81002003B030BDA988914203D28E
:10BAD00000230120AB81F6E79BB2AA79091A1B1A51
:10BAE0005343AA895B02B3FBF1F35A43B2F5484FC3
:10BAF000EED24FF44841C2F548424B43B3FBF2F457
:10BB000004210DEB0100D5F735FF019B13F5805F94
:10BB1000F6D2044AB3FBF2F39C42D9D8AB89013385
:10BB2000CFE700BFAE470100014B1868704700BF68
:10BB3000AC67022058B151B10B78722B01D0772B32
:10BB400005D1044B1B6803B1184721F0D2B900207E
:10BB5000704700BFA867022010B550B1064B1C68A3
:10BB60001CB12346BDE81040184721F0BAF9204621
:10BB700010BD4FF0FF30FBE7A467022070B50C4604
:10BB80001546064688B181B17AB1094B1B6813B1DD
:10BB9000BDE87040184721F005FA33462A46204692
:10BBA0000121BDE8704021F0DBB9002070BD00BF6D
:10BBB000A067022070B50C461546064688B181B1D3
:10BBC0007AB1094B1B6813B1BDE87040184721F0EA
:10BBD000E9F933462A4620460121BDE8704021F0AC
:10BBE0009FB9002070BD00BF9C670220064B10B5B6
:10BBF0001B6804462BB120B19847C4E9000100201E
:10BC000010BD4FF0FF30FBE7B0670220014B187802
:10BC1000704700BF1B95022010B504460246202144
:10BC2000054803F049FD204603F0C4FD034A13888C
:10BC3000013B138010BD00BFC40B02205E8E0220AA
:10BC400038B5074B05461C680CB9204638BD102294
:10BC50002946204621F0DFF80028F6D0246AF3E7D1
:10BC6000C40B0220164B70B504460E461D68ADB9D4
:10BC7000282003F08FFD0246F8B10146234604F167
:10BC8000100053F8044B834241F8044BF9D12021B2
:10BC90000B4816771EF0CDFE002070BD1022214605
:10BCA000284621F0B8F830B995F91C30B342F3D0EA
:10BCB0006FF00100F1E72D6AD9E74FF0FF30ECE7B4
:10BCC000BC0B022038B5074B0446186840B190F908
:10BCD0001C30056AA34201D1FFF79EFF2846F5E715
:10BCE00038BD00BFBC0B022038B5084B05461C68A8
:10BCF0000CB9204638BD10222946204621F08BF889
:10BD000008B1246AF4E70120F4E700BFBC0B02206D
:10BD1000384B2DE9F0411B6805468846174623B18C
:10BD2000FFF7E2FF28B101233B7000242046BDE865
:10BD3000F0812846FFF784FF044640B108224146BF
:10BD4000143021F068F80028EDD13870EEE708F1E2
:10BD50000106072205F10900314621F05CF810B117
:10BD6000254B1C6844B9254B1B880BB3244A128809
:10BD70009A421DD10223D7E70722314604F1090078
:10BD800021F049F890B10822414604F1140021F055
:10BD900042F858B9234605F1100255F8041B9542A4
:10BDA00043F8041BF9D100233B70BFE7246AD9E7AD
:10BDB000282003F0EFFC06460028DBD002462021B5
:10BDC0000D4834461EF035FE334605F1100255F895
:10BDD000041B954243F8041BF9D1D8F80030084AF7
:10BDE0007361D8F80430B36100233B7013880133CA
:10BDF00013809BE7BC0B0220C40B0220608E022044
:10BE00005E8E022038B5084B0446186850B10369AD
:10BE1000056AA34202D8FFF7FFFE01E01B1B036186
:10BE20002846F3E738BD00BFC40B0220F0B595B03B
:10BE3000044610220E4605A8002120F0DDFF214611
:10BE400005A809AD11F8302B1EF072FD254B00211D
:10BE5000254F18689A889B7909900DF12B00ADF851
:10BE600028202222AB7120F0C7FF236A294605A8AB
:10BE700001331AD003F0AEFB236A29461B48029314
:10BE800063790193237957F82330009394F90630AE
:10BE90002278B0476378DB0716D520461DF017F8E7
:10BEA00001461348B04715B0F0BD03F093FB63792A
:10BEB000294610480193237957F82330009394F9C9
:10BEC00006302278B047E5E7294604F1100003F078
:10BED00081FB20461CF0FBFF294602460648B0477E
:10BEE000E1E700BFED4B050890E304082850050882
:10BEF00086500508545005089C50050810B50446A6
:10BF00000D49FFF793FF63781B0702D5E06803F044
:10BF100051FC0A4B0A481B68002BC1BF2379012141
:10BF2000084AD1542246282103F0C6FB2046BDE82A
:10BF3000104003F03FBC00BF89BF020860660220CA
:10BF4000CC0B02201C950220F8B507460E4617F0D0
:10BF5000B2FC054620B1731C02D100242046F8BD76
:10BF6000084B1C68002CF8D03946204617F0DAFC44
:10BF700028B1002DF2D094F92130B342EED0646B99
:10BF8000F0E700BFD40B02200FB407B504AB06499D
:10BF9000102053F8042B019303F058F903B05DF817
:10BFA00004EB04B0704700BFB650050810B5438CD1
:10BFB0000446013B9BB243844BB9024634210548F9
:10BFC00003F07AFB204603F0F5FB012010BD0020B2
:10BFD000FCE700BFD40B022013B54EF660230446E5
:10BFE00001391ED204210DEB0100D5F7C3FC019BE2
:10BFF00013F5004FF6D20E4AA0B2240CB3FBF2F3B5
:10C0000003F580439BB25843020C03FB0423002B2F
:10C01000AABFC0F3C0304FF0FF3040EA430002B087
:10C0200010BD04EB44049C42DAD94EF66024D9E7F3
:10C03000FFFF0100032810B50CD988420AD99142AC
:10C0400008D9772B06D9054C208000206180A2807A
:10C05000E38010BD4FF0FF30FBE700BF020D022070
:10C06000032810B50CD988420AD9914208D9772BF8
:10C0700006D9054C208000206180A280E38010BD9D
:10C080004FF0FF30FBE700BFFA0C0220F8B5054681
:10C090000F461CF06CFF124B06461C6804B9F8BD35
:10C0A000236B4BB194F9211095F90220914203D1F1
:10C0B000B34204BF0023236394F8203073B194F992
:10C0C000212095F902309A4208D1394604F1100036
:10C0D00017F028FC10B1002384F82030646BDDE7F2
:10C0E000D40B02202DE9F0410B7C06460D4623F0CF
:10C0F00001030B74104B90F902701C68B4B194F9F1
:10C100000630D4F82880BB420ED12379062B0BD100
:10C110006378DB0708D404F11001284617F002FC0D
:10C1200010B12046FFF7EAFE4446E7E729463046CD
:10C13000BDE8F041FFF7AABFCC0B022038B50C4692
:10C140000A46054620212C3003F0B6FAA37C012BC9
:10C1500003D121462846F3F75BFA074B00221B6800
:10C1600023B92046BDE8384003F024BB196B8C424C
:10C1700008BF1A635B6BF3E7D40B02202DE9F04193
:10C18000002705460E46C46AB846DCB92D4B1B880D
:10C19000434504D81FB139462846FFF7CFFF2B7817
:10C1A000E8789B00303003F00803184403F0F2FAFB
:10C1B000044610BB244A042024491EF0F6FA204607
:10C1C000BDE8F081E37C13B908F101082746314648
:10C1D000204617F0A7FB70B1EB6AA342EFD02C35D5
:10C1E00022462021284603F067FA224620212846CD
:10C1F0001EF01FFCE3E7246AC7E73146034606F159
:10C20000100251F8040B914243F8040BF9D10023BA
:10C21000224642F8283FE2622269237502F0FC02BE
:10C22000C4E9063322612A78920705D5E97804F13A
:10C2300030025018535043602246202105F12C0053
:10C24000D6E700BFFA0C0220BB500508B65005081F
:10C2500070B5CB7C05460C4613B9154BDB88CB611A
:10C26000EB6AA3420BD005F12C0622462021304672
:10C2700003F022FA2246202130461EF0DAFBA37C8E
:10C28000032B09D12B785B0704D541F28833A361D6
:10C290000423A374204670BD062BFBD1A369002B99
:10C2A000F8D1617CA868FFF797FEA061F2E700BFB4
:10C2B000FA0C02200B4607B599B18A7C023A032A90
:10C2C0000FD8094A00920A4690F90210002016F091
:10C2D000F9FEB0F5007F8CBF0020012003B05DF8AF
:10C2E00004FB0020FAE700BF4B7804082DE9F04179
:10C2F00005460E46C46A4FF00008CCB1D4E90737B2
:10C300005A1E033203D8B34203D99B1BE3613C4658
:10C31000F3E7E37CC4F81C80013B012BF7D82146EE
:10C320002846FFF7B3FE21462846FFF707FFEEE752
:10C330002B79B34203D99B1B2B71BDE8F0811423E9
:10C34000EA6A2B7113462BB1196ADB7C03B90134FD
:10C350000B46F8E7124FBB889C42EED9002AECD07E
:10C36000296B20390029E8D0EB6A9942CB7C16BFB3
:10C370004E6A0026203E83B98B7C032B01D0062B0E
:10C380000BD1CB6913B17B88A34206D22846013C6E
:10C39000FFF7D4FEBB889C42CFD93146E2E700BF0D
:10C3A000FA0C02202DE9F7430D4600210646F4F76A
:10C3B0000FFE0328074606D86B1C04D10024204634
:10C3C00003B0BDE8F083DFF8D0804FF00009D8F863
:10C3D0000040002C40D1314B1B884B4507D2D8F888
:10C3E000000010B1D8F804003438FFF7DFFD3C201E
:10C3F00003F0D0F904460028E0D03346024606F1A7
:10C40000100153F8040B8B4242F8040BF9D10123BD
:10C410004FF6FF7263840023E28484F820302363A4
:10C42000238504210DEB0100D5F7A4FA042F019B0D
:10C4300028BF4FF0FF35E36284F8215022463421B3
:10C4400015481EF0F6FA00213046F4F7C1FD022827
:10C450001BD80623A384B2E73146204617F062FAC0
:10C4600028B1032F07D894F92130AB4203D009F14A
:10C470000109646BADE7D8F80030A342E3D022464F
:10C480003421054803F018F9D8E7044B1422DB885F
:10C49000B3FBF2F3DEE700BFD40B0220020D022053
:10C4A0002DE9F84F1E468B461946154682469DF8E3
:10C4B0002880DDF82C90FFF775FF0446304616F013
:10C4C00097FD074604B130B9254A26490420BDE846
:10C4D000F84F1EF06AB9206B08B9234AF5E794F9C2
:10C4E0002130B342F9D1594617F01CFA0028F4D094
:10C4F0005146284617F016FA30B9284617F0DBF9EE
:10C50000064610B9BDE8F88F00260123103405F166
:10C51000100223742B4653F8041B934244F8041B67
:10C52000F9D1B8F1000F11D04B46424629463846A2
:10C530001CF0E0FD50B1037C43F002030374002EB5
:10C54000E0D0037C43F001030374DBE7002ED9D075
:10C55000294638461CF00BFD0028F2D1D2E700BF77
:10C56000C3500508B6500508EB5005082DE9F04109
:10C57000114F064600243A681346C3B9D2B17B680E
:10C58000DFF83880A3F13400A0B13B689842838C77
:10C5900016BF856B0025343D23B1B8F80430A342A3
:10C5A00000DB16B1FFF702FD241A2846ECE7013440
:10C5B0005B6BE2E7BDE8F081D40B0220020D0220A4
:10C5C000F8B5274B1A88104480B2132846D9254E57
:10C5D000143800253468188024B3A38C676B0BB122
:10C5E000013BA384238D0135A3B1142B17D820461A
:10C5F00002F056FF1C4A03461C4908201EF0D5F8DD
:10C60000002394F921002385984205DB16F0F0FC05
:10C61000C388E3843C46DFE74FF6FF73F9E7143B3A
:10C620002385F7E7124FBB889D4218D93368B3B111
:10C630007068343898B133689842838C16BF846B25
:10C640000024343C13B17B88AB4205D2FFF7AEFC2B
:10C65000BB882D1AAB4202D22046EBE71880F8BD0A
:10C66000628E0220D40B022013510508B650050833
:10C67000020D0220014B43F8201070471068022081
:10C68000014B43F820107047B46702202DE9F84FA2
:10C69000DFF8BC8181468A461746D8F800504DBB6A
:10C6A0002E46D8F800B00024BBF1000F28D1002C92
:10C6B0006ED06378D80700F1C7802379654A52F8B5
:10C6C00023301BB1211D4846984750B194F906000C
:10C6D00016F08EFC002841D15F4A04205F491EF00D
:10C6E00064F86378B34643F0020363702C465E46F9
:10C6F0002546D6E76B7823F002036B70AD6ACEE770
:10C700009BF80120930726D4BAF1FF3F03D09BF991
:10C71000062052451FD15946484611F8302B1EF0CD
:10C72000E9F8C0B19BF804204D4B53F82220002AB1
:10C7300000F0868001210BF1040090471FB10146F3
:10C740000BF10400B84730B124B1214658461CF023
:10C75000EBFB00B15C46DBF828B0A5E703781907CE
:10C7600072D523793F4A12F803B0BBF1000F6BD0AA
:10C7700004F110011CF036FC002865D1637823F029
:10C78000060343F006036370002D18BF2C46AEE786
:10C790002C4676B954B14EB9224628212C4802F0D5
:10C7A0008BFF224628212A481EF064F92046BDE866
:10C7B000F88F5E46D8F80050002DEBD06B785A0702
:10C7C00001D4AD6AF8E723F00403214628466B70D4
:10C7D0001CF05DFB0028F4D1214628461CF0A4FB88
:10C7E0000028EED095F9060016F002FC0746002856
:10C7F000E7D003781B07E4D5B5F82490B9F1000F12
:10C80000DFD105F11001FFF7B9FC01460028D8D0AF
:10C810004B46384601224FF03C0916F0C9FBD8F8C8
:10C820000070002FCDD0294638461CF030FB28B1CF
:10C830007B78A7F8249023F004037B70BF6AF0E7AD
:10C84000002F7FF47CAF7FE7002EB3D1AEE700BFAF
:10C85000CC0B0220B46702202A510508B650050807
:10C8600010680220965D05082DE9F84F1E46254BFD
:10C8700007460D4690469DF828901C68DDE90BABF5
:10C8800014B394F90630434501D0A46AF8E723783D
:10C89000AB42FAD12A4604F1300138461EF02AF89C
:10C8A0000028F2D0B9F1000F1FD023794B45ECD10D
:10C8B000BAF1000F0BD0E3685345E6D1BBF1FF3F5F
:10C8C00008D10DE0DB07E0D52046BDE8F88FBBF1CD
:10C8D000FF3F0AD063795B45D7D1BAF1000F04D08E
:10C8E000094B53F82930002BEED16378002EE9D0A4
:10C8F000DA07CAD404F11001304617F013F8002803
:10C90000E2D1C2E7CC0B0220B46702202DE9F04F40
:10C9100087B01D4682468846119C16469DF8407099
:10C920009DF848B09DF85090CDF808B0CDE900745E
:10C93000FFF79AFF139B044643B920B90024204611
:10C9400007B0BDE8F08FFFF7D9FAF7E7304616F0E9
:10C950004FFBB8B13844807CA0B1454B1A68002326
:10C960001146002955D198420CD25AB1404B586813
:10C9700010F9223C2838B34259D10379BB4256D131
:10C98000FFF7BCFA002C69D108F10702D20802F1C6
:10C990003000059202F0FEFE04460028CED000F1E1
:10C9A0003003059A0021184620F026FA42465146E7
:10C9B0001DF0BEFF139B11990022236204F11000A9
:10C9C0006378E1604FF6FF7123F00E0384F8008076
:10C9D000A2846370DBB284F80290277184F805B0FA
:10C9E000A67121813DB362F30003637005F110036A
:10C9F00055F8042B9D4240F8042BF9D11C4B1D68BF
:10CA000005B3214628461CF042FA28B3AB8CA38418
:10CA100018E091F906C0B44507D191F804C0BC45AF
:10CA200003D10133DBB2FF2B9DD0896A99E7904295
:10CA3000A8D0C06A9CE743F0010310222946637026
:10CA400020F0DAF92246282109481DF0F2FF0949B1
:10CA50002046FFF7EBF972E7AD6AD1E7139B23623B
:10CA6000A3784B453FF46BAF84F80290EFE700BF2B
:10CA7000CC0B022089BF020838B5074B0446186862
:10CA800040B190F90630856AA34201D1FFF736FA2A
:10CA90002846F5E738BD00BFCC0B02202DE9F04752
:10CAA0009946114B06460F4690469DF820A01C68FB
:10CAB0000CB9BDE8F08794F90630B34211D123795F
:10CAC00043450ED16378DB070BD404F110013846DF
:10CAD00016F028FF28B1A57809EA05058AEA0505B8
:10CAE000A570A46AE4E700BFCC0B0220F8B50C4B9C
:10CAF00004460E461546186888B1631C876A03D041
:10CB000090F90630A34208D10379B34205D115B19B
:10CB1000C368AB4201D1FFF7F1F93846ECE7F8BD45
:10CB2000CC0B02200D4B70B504460026186898B156
:10CB3000838C856A23B1A3428ABF1B1B86848384AE
:10CB4000036A5A1C03D0A34203D91B1B0362284665
:10CB5000EDE7FFF7D3F9FAE770BD00BFCC0B022079
:10CB6000014B185C704700BF1C9502201722002162
:10CB7000014820F041B900BF1C95022070B5044661
:10CB80002D4A08200D462D491DF00FFE94F9200076
:10CB9000F7F700FF064618B1D0F8943103B135B964
:10CBA000274A26490820BDE870401DF0FEBDAB8A2B
:10CBB00048F2DD62934201D1288830B9214A082029
:10CBC0001E491DF0F2FD204AEBE716F057FD044622
:10CBD00008B91E4AE5E70023036495F9173080F889
:10CBE0007530AB7D466380F8743040F61903838757
:10CBF000D6F87C3193F821307BB107230372D5F846
:10CC00000E20C0F809206A8A0377A0F80D20AB68CF
:10CC1000C0F81D30AB89A0F821302A882046696809
:10CC200016F0C4FD08200A4A04491DF0BEFD204646
:10CC3000BDE87040F7F72EBF52520508775205083D
:10CC40007C5205088F520508A4520508C8520508F1
:10CC5000DA520508F8B500F5907705460C461646F9
:10CC600009490822384620F0D6F808B10CB9082046
:10CC7000F8BD012326706370D5F82031C4F8023066
:10CC8000BB88E380F3E700BF805C0508F8B590F847
:10CC90009E3005460E46DB072FD517F003F860B32C
:10CCA000164B1F680FBB202002F074FD044620B312
:10CCB0003946102220F0A0F833680A221821236098
:10CCC00073680E48636040232374B5F8103103EB9A
:10CCD0004303B3FBF2F3224663611DF0CBFE28460B
:10CCE0000749BDE8F840F1F7FDB80822314638465B
:10CCF00020F091F808B1BF69D4E7F8BDF40B022029
:10CD0000805C0508034610B4D0F87C0130B104689B
:10CD10005B7BA446024A034910BC604710BC7047C5
:10CD20007DCB0208AB930408234B2DE9F041044668
:10CD300088B00E461D684FF0FF37DFF880801DB9C0
:10CD4000384608B0BDE8F0816B78590628D5E86808
:10CD500004AB2969002203C3D4F8DE00D4F8E21042
:10CD600003C34FF0FF3304A920460093CDE90132FD
:10CD700003234022F4F70AFD90B190F82130C0F867
:10CD8000248066F3000380F8213004A894F90D1084
:10CD9000FEF768FFD4F82C315A78032A02D1002715
:10CDA000ED69CCE703225A7094F89E3043F00103FA
:10CDB00084F89E30F3E700BFE40B0220F1CD0208B7
:10CDC00010B5014604464022084815F04DFE48B112
:10CDD000437843F020034370A3684361E3688361B1
:10CDE000002010BD4FF0FF30FBE700BFE40B022036
:10CDF00070B504460E4615461AB1551E012D5AD976
:10CE000070BDD0F82C315A78E2B1032A25D090F8C1
:10CE10009E20D207F4D5DB7B002BF1D001463046B3
:10CE2000F4F7D6F80E28EBD121462846F7F762FE34
:10CE3000D4F82C312849DD7394F90D00BDE8704019
:10CE4000FEF736BD1A78002A14BF012202225A705A
:10CE50000122D0F82C319A80D2E716F016FF90B15B
:10CE600094F89E3043F0010384F89E3094F83030FB
:10CE7000990708D521462846F7F73CFE164994F94C
:10CE80000D00FEF715FDD4F82C311A7852B99D78B3
:10CE9000012D07D12946204615F055FC294620468C
:10CEA00015F063FC96F82230012BA9D13046BDE87D
:10CEB0007040FFF785BFD0F82C315B78002B9FD1F5
:10CEC00006490420064A1DF070FC21460520BDE8F5
:10CED0007040F7F70FBE00BFAD9304087752050806
:10CEE000E752050830B5044687B05F4A08205F491D
:10CEF0001DF05BFCFCB1636B1D7BA28F02F00F0386
:10CF000012F4006F03F1FF334ED10A2B00F2A1801F
:10CF1000DFE803F0231713069F9F9F9F1F9F1B00AF
:10CF20000820534A51491DF040FC2046EFF744FECB
:10CF30000446002877D107B030BD204616F062FBCA
:10CF4000F6E72046F1F716FBF2E72046F1F71EFD63
:10CF5000EEE720461CF05EFAEAE7616B0B7B012BE3
:10CF600020D1B4F84030B4F84220D21A8C33234494
:10CF7000ADF80420029304F11D03039304F10903A7
:10CF8000049348F2DD63ADF81430D1F87C0148B168
:10CF900001A9436898479021204607B0BDE830407A
:10CFA00016F092BF5021F7E70E2B52D8DFE803F0BE
:10CFB0003B51120E51514D511A5116515151080009
:10CFC000204607B0BDE83040F5F778B82046F0F7C6
:10CFD0009BF8ADE72046F3F7D7FDA9E72046F1F728
:10CFE000B9FDA5E7237A072B14D1637ADB0711D5A6
:10CFF0004FF0FF33062201A904F109000193ADF8B7
:10D0000008301FF008FF94F87A30D8B943F01003C5
:10D0100084F87A3094F84C3043F0020384F84C30B2
:10D0200040F69B03A387636B1B7BAB4215D0114A71
:10D0300008200E491DF0B9FB2046F7F72BFD002311
:10D040009B8FFFDE43F02003E2E72046F3F70EF963
:10D050006EE72046F3F76CFF6AE7A38F0820064AC5
:10D0600002491DF0A2FB48E7215305087752050845
:10D07000345305083B530508775305082DE9F84359
:10D08000044688469146F7F76DFC0746002840D0D5
:10D09000D0F82C311B78002B3BD1214616F002FE34
:10D0A000B8B31E4B1E684EBB202002F073FB054632
:10D0B00078B3102231461FF09FFE23462A4604F122
:10D0C000100153F8040B8B4242F8040BF9D185F898
:10D0D00010800A2285F811901821B7F810310F48F6
:10D0E00003EB4303B3FBF2F32A466B611DF0C2FC72
:10D0F00038460B49BDE8F843F0F7F4BE337C4345AE
:10D1000009D14246214630461DF0F4FB18B186F89D
:10D110001190BDE8F883B669C5E700BFEC0B0220AB
:10D12000805C0508F8B50B4E054634688CB127695C
:10D130002DB11022294620461FF06DFE38B9304629
:10D140002246102102F0B8FA204602F033FB3C469A
:10D15000ECE7F8BDDC0B0220F8B507460E46F7F702
:10D1600001FC054630B1D0F82C311B7813B90B4BBC
:10D170001C6804B9F8BD237CB3420DD13246394650
:10D1800020461DF0B7FB38B10023284604496361EF
:10D19000BDE8F840F0F7A6BEA469EAE7EC0B022070
:10D1A000805C050870B5074D2C6854B12246A6690D
:10D1B0001821284602F080FA204602F0FBFA344695
:10D1C000F3E770BDF40B022070B5074D2C6854B125
:10D1D0002246A6691821284602F06EFA204602F07F
:10D1E000E9FA3446F3E770BDEC0B022010B5D0F835
:10D1F0002C2104469388002B33D0591E012B91809B
:10D200002FD1D0F82C315B78072B2AD8DFE803F038
:10D21000040D2A292929292E184916F00CFD00B3DE
:10D22000D4F82C3101229A801BE00021EFF710FD89
:10D2300048B1214617F0CAFCD4F82C21937B042B6B
:10D240001CBF01339373D4F82C319A7B0AB90122A5
:10D250009A73D4F82C21937B03EB830303EB8303B2
:10D26000938010BD0021FFF75FFDD8E7044A04203A
:10D270000449BDE810401DF098BA00BFF1CD020886
:10D280007F53050877520508F0B5D0F8943189B07E
:10D2900004461BB14FF0FF3009B0F0BDD0F82C218F
:10D2A0001578002D3AD1D2F8060004ABD2F80A1056
:10D2B0001422E02603C3D4F8DE00D4F8E21003C33E
:10D2C000B4F8103104A9384803EB43030196B3FBCB
:10D2D000F2F200920A22B3FBF2F3402215F0D8FBDF
:10D2E00002460028D6D006AB03CB56704FF0FF3372
:10D2F000506104A8916101224021CDE9013202234D
:10D3000000932B4694F90D201CF018F8294620466E
:10D3100015F019FA2946204615F027FAD4F82C31D1
:10D320000025012202275D704FF0FF36D4F82C3122
:10D3300040211E489A801722D4F82C319D73D4F8CE
:10D340002C31DA7094F8F93065F3410384F8F93040
:10D35000174BC4F89431174BC4F8BC31164BC4F8C2
:10D36000B831062384F8A33040F2DC53A4F8EE3041
:10D37000A4F8A63094F8303043F00A0384F8303033
:10D380002B460295CDE9007694F90D201BF0D6FFCF
:10D3900000972B4608210948CDE9016694F90D2034
:10D3A0001BF0CCFF284677E7E40B02203F5D050821
:10D3B000E5CE020855CC0208E5930408FC5C05089C
:10D3C00038B5044690B390F830301B072ED590F94D
:10D3D0000D000025FEF776FC164815F08DFBFFF7D3
:10D3E000E1FEFFF7F1FE0020FFF79CFE04F5A470BC
:10D3F0001AF0DBF894F90D00FFF73EFB204617F01A
:10D40000EBFBD4F82C31DD7094F8303094F90D003A
:10D4100023F0080384F8303094F89E3065F300035D
:10D4200084F89E30FEF774FA284638BD4FF0FF307E
:10D43000FBE700BFE40B02202DE9F04FDFF8048387
:10D4400087B0C14F064605911C21D8F800001BF09B
:10D45000DAFF1821044638681BF0D5FFDFF8EC929C
:10D4600042011021D9F8000002EB4412243292B29A
:10D470001BF0C9FF18B102EB0010083082B2B44BA8
:10D480001B8813B1083313449AB2B24B1C68002CAA
:10D4900040F08680104616F0ECF80546002800F0B3
:10D4A0004E81B0F8403048F2FF6280F87840A0F832
:10D4B000762003F18C0196F800210344014483F89F
:10D4C0008C2096F8FA30043101F8033CA24B1B88FB
:10D4D0001A0A01F8013C01F8022CD6F804011DF0EB
:10D4E00087F90146D6F808011DF082F90146B6F821
:10D4F0000C0110B115F0A6F90146334600229148FF
:10D500004FF0010A15F04DF94FF0020B0446D8F820
:10D510000080B8F1000F4BD13F684FF0020B002F95
:10D520005BD0397C3846D7F818A0CDF808807B69E5
:10D53000CDE900B3002396F90D201BF0FFFE032375
:10D54000211D2370042363703B7CA3708023E37050
:10D5500078691DF04DF90146786940081DF048F9D9
:10D560003B46021D07F1100180F8008080F8018021
:10D5700080F8028080F8038053F8044B8B4242F815
:10D58000044BF9D17B6900F114043BB96E483A466B
:10D59000182102F091F8384602F00CF95746BEE720
:10D5A000237CA469402B94BF1032183292B26EE7EC
:10D5B00098F90130002B0DDA404610F80C1BCDF81D
:10D5C00008A0D8F80430CDE900B3002396F90D2067
:10D5D0001BF0B4FED8F81C809BE75E4B4FF0180898
:10D5E000D3F800A0BAF1000F2DD0DAF8187084F843
:10D5F00000809AF81030402B21D903234FF0100BF4
:10D600006370211D9AF81030A3709AF81130E370FE
:10D61000DAF814001DF0ECF85A46514604461FF0A3
:10D62000C4FBDAF814305C443BB94A48524618212E
:10D6300002F042F8504602F0BDF8BA46D2E70223A3
:10D640004FF0080BDCE71021D9F800001BF0DBFEDF
:10D6500038B319232370D9F800001BF0D4FE84F8E6
:10D6600002A0400084F803A00A23211D013060704D
:10D67000B6F8100100EB4000B0FBF3F01DF0B8F875
:10D68000D9F80030044663B11969224603F110004D
:10D6900053F8047B834242F8047BF9D110340B46E3
:10D6A000F1E72E4BD3F80080B8F1000F1AD0284BC9
:10D6B0001F88BFB11F23211D2370FB080133637036
:10D6C0000023A370E3700A23B6F8100100EB4000BA
:10D6D000B0FBF3F01DF08CF804463A4641463C445A
:10D6E0001FF063FB05F18C032846E41AA5F84240BD
:10D6F000F3F738FB059B05F1090203F1100153F81C
:10D70000040B8B4242F8040BF9D1002205F11D01F4
:10D710003046F4F7EDF928B1284607B0BDE8F04FE0
:10D72000F3F706BC0423314628466E632B722B7731
:10D730004423AB8707B0BDE8F04F17F047BA07B0F6
:10D74000BDE8F08FE40B0220F40B0220DC0B02207A
:10D75000648E0220EC0B0220668E02206C68022090
:10D7600030B5002585B00446CDE90155089D0095EA
:10D77000EFF7CAF9014650B10C4B4362D4F82C3193
:10D780002BB15A78012A04D094F81C2142B105B07B
:10D7900030BD03225A70D4F82C31002BF4D1F6E7B7
:10D7A0004B6A204605B0BDE830401847F1CD02086D
:10D7B000064B024600201B685B6A03B9704793F969
:10D7C0000410914208BF18469B68F6E77068022073
:10D7D000064B024600201B68DB6903B970471988B5
:10D7E000914208BF18469B69F7E700BF70680220A6
:10D7F0002DE9F04F0578A7B0044605BB8388032BBD
:10D800001DD990F90200F7F7C5F8764A824694F9D7
:10D8100002301268D669AEB9BAF1000F0FD075B1F7
:10D82000EB7C63B1A08801F0BDFF074688B96E4A62
:10D830006E4902201CF0B9FF384601F0BBFF27B04B
:10D84000BDE8F08F96F902209A4208BF3546B669C6
:10D85000E1E7A3880DF10C0803904FF48042049394
:10D8600009AB14A994F9010014931423CDF858803E
:10D87000159301231996CDE917361CF028FE3B7845
:10D880001FFA80F9ADF80A600C2B01D1584ACFE796
:10D890000D2B54D11BAA494638461CF082F908B911
:10D8A000544AC5E7BDF8821021981BF0AEFE08B1BE
:10D8B000514ABDE71D9B0DF1250203F1100153F8FC
:10D8C000040B8B4242F8040BF9D140F222230026CC
:10D8D00010224A49ADF8363001230DF125008DF8AC
:10D8E00024601793219BCDF858800393BDF88230B4
:10D8F00004931FF090FA80B12B7D73B10EAB102210
:10D9000031460FA81893182319933D4B0E931F9B74
:10D910001B788DF84C301FF06FFA02230122292169
:10D9200000930DF10A0394F9010001F0CFFA4FF4CE
:10D93000804214A994F901001CF0FAFE7CE74946E4
:10D9400038461BF062FE0028B2D105F103080DF144
:10D95000140B334650464246594616F0B7F908B103
:10D96000284A65E70EAB0DF16C0A32460C2116937E
:10D9700002235046CDF800B017930DF12503CDF8E2
:10D9800038A0CDE910791CF0DBF82B7D1BB194F9A0
:10D9900002101CF0EEF84A4609211CF0F8F894F940
:10D9A0000260A0EB0A000F903046FFF701FF28B19C
:10D9B00003681BB10DF12501304698470DF1250391
:10D9C000133558F8042BA84543F8042BF9D100234C
:10D9D0008DF8243040F22323ADF83630C023ADF863
:10D9E0000A309AE77068022095530508D941050866
:10D9F000A6530508D1530508E1530508AD5D050898
:10DA000015002909F253050813B5044604210DEB4E
:10DA10000100D3F7AFFF019B13F1C50FF6D8094AF8
:10DA2000B3FBF2F303F5E643A2B2240C33339BB20B
:10DA30005A43100CC2F3C03203FB040042EA400018
:10DA400002B010BD74FF090070B5184E35680DB1F5
:10DA5000012070BD382001F09DFE0446306008B9F9
:10DA60000020F6E70346012143F8145F8361034673
:10DA700043F81C5F0362034643F8245F8362034656
:10DA800043F82C5F03634FF6FF73838680F83630CC
:10DA9000074803F005F884F83700306890F937300C
:10DAA000002BD5DA01F086FE3560D9E770680220D8
:10DAB00041E40208064B024600201B68DB6A03B9FA
:10DAC0007047596A914208BF18465B6DF7E700BF7F
:10DAD0007068022037B55C2001F064FE0546C0B1D5
:10DAE0005C2200211FF088F904210DEB0100D3F71F
:10DAF00041FF019C24F07F4474B12046FFF7DAFF18
:10DB000050B9064B2A4654216C6218682C301CF020
:10DB100090FF284603B030BD0134EBE77068022067
:10DB200010B5044670B1084B2246542118682C30B9
:10DB300001F0C2FD206C01F03DFE2046BDE8104022
:10DB400001F038BE10BD00BF706802202DE9F0471B
:10DB500003788AB00546EBB98388032B1AD9FFF7FF
:10DB6000B9FF0446A88801F01DFE804600B1A4B9A3
:10DB7000444A454902201CF018FE00262046FFF7C3
:10DB8000CFFF404601F016FE26B9404A04203E4928
:10DB90001CF00BFE0AB0BDE8F0870246AB882146B8
:10DBA00095F901001CF0B9FD98F8009087B2B9F121
:10DBB0000C0F2CD103AA394640461BF0F2FF08B9DE
:10DBC000334AD6E7079B621CC4F84880E364BDF87B
:10DBD0001A30A4F85030059B03F1100153F8040BE0
:10DBE0008B4242F8040BF9D1DDF824A00026BDF8E1
:10DBF00022709AF800900AF101001CF017FE3946D5
:10DC0000A06250461BF001FD68B1224AB1E7B9F1AC
:10DC10000D0F01D1204AACE795F90200C246FFF78B
:10DC2000C7FD0646E7E72EB133681BB1611C95F9C5
:10DC30000200984795F90130043F0AF1040AE3769F
:10DC4000BFB2164B1B685E69002E96D096F906206F
:10DC500095F902309A4201D0B668F5E73368002B97
:10DC6000FAD0B3884A46238395F90230A376534607
:10DC7000B0880097616AD6F800C0E0470128EBD170
:10DC800000247BE795530508D9410508355405085C
:10DC900000540508E15305081A540508706802206D
:10DCA0002DE9F04390F8008089B00446B8F1000FE8
:10DCB00017D18088032814D901F074FD054698B95E
:10DCC00001242F46244A022024491CF06EFD2846D8
:10DCD00001F070FD013404D03846FFF7EBFEFFF78A
:10DCE0001FFF09B0BDE8F083A388024603A994F999
:10DCF00001001CF012FD0446681C1CF097FD07464D
:10DD0000FFF7D8FE064630B9154A1449022001240F
:10DD10001CF04BFDDBE7A4B2284621461BF075FC46
:10DD2000D6F8149040B1308B4246CDF8008043467F
:10DD3000316AC8470B4AE8E7B9F1000F0AD0043C42
:10DD40002B46308BA4B213F8042B0094316AC847D9
:10DD50000446BCE7044AD8E77D1C0508D9410508FC
:10DD600057540508E15305086554050810B50446E5
:10DD700060B3012908D0052929D00E294FF00101EF
:10DD800029D00022052302E04FF46162002321879D
:10DD900001EB810184F83C3062874800FFF734FED4
:10DDA000638F80B203EB830320875B00E086638789
:10DDB0000A4C237853B90A4B022101201A686423C4
:10DDC00092F9372003F05CF90123237010BD0A217A
:10DDD0004FF41672DAE70A22D4E700BF3395022027
:10DDE00070680220064B024600201B685B6903B97D
:10DDF00070479988914208BF18469B68F7E700BFB3
:10DE0000706802202DE9F84380460E469146FFF7E0
:10DE10001BFE40B9584A594902201CF0C6FC002498
:10DE20002046BDE8F883012E1ED1554C236893F996
:10DE30003420002A11DA93F93630002B04DB514AE2
:10DE400002204E491CF0B1FC256840F223214E4AC5
:10DE500011201CF0DFFA85F83400236893F9343080
:10DE6000002B47DA494AD6E7022E2FD1444C2368CB
:10DE700093F93620002A11DA93F93430002B04DBB1
:10DE8000434A30463D491CF090FC256840F223216E
:10DE9000404A11201CF0BEFA85F83600236893F939
:10DEA0003630002B04DA394A022034491CF07DFC5C
:10DEB00023685B69F3B193F90620424535D1DA79DD
:10DEC000022A32D19C88002CAAD113E096B92C4C9E
:10DED000256895F93530002B0CDA2F4A40F22221C3
:10DEE00011201CF097FA236885F8350093F9353036
:10DEF000002B18DB01242046FFF774FF18B1013412
:10DF0000A4B2142CF7D1102001F044FC142C0546C7
:10DF100000D060B9214A194902201CF046FC28466D
:10DF200001F048FC7BE71E4A75E79B68C2E7022EBA
:10DF300013D1202001F02EFC074608B9194AEAE760
:10DF40000F4B3A46182118681C301CF072FD002354
:10DF50003C8087F80280FB743B75094B2A460821F8
:10DF6000186814301CF065FDAC80EE7185F80680F1
:10DF7000C5F8009054E700BF4C4F0508D94105088B
:10DF800070680220885405084DDB0208F954050822
:10DF9000C1540508F1D70208A1DC02084355050861
:10DFA0001E5505085B550508F8B52E4C0746266832
:10DFB000002E45D0FFF716FF0546C8B102460821DE
:10DFC00006F1140001F078FBEB79022B0DD13846F5
:10DFD000FFF7FEFB064640B12068324618211C3090
:10DFE00001F06AFB304601F0E5FB284601F0E2FB58
:10DFF0002368D86A38B1038B456DBB4201D1FFF766
:10E000008FFD2846F6E72668054603467269C2B9C1
:10E01000034309D196F93400002805DB1CF02AFAE5
:10E020002368FF2283F8342055B9236893F935001B
:10E03000002805DB1CF01EFA2368FF2283F8352038
:10E04000F8BDD179012903D101335BB29268DEE7D3
:10E0500011B901356DB2F9E7022904BF013040B2B0
:10E06000F4E700BF7068022008B5FFF723FD20B178
:10E07000C06A10B1014B1B68181A08BD6466022003
:10E0800038B5074B04461B684BB1D86A38B1036AF0
:10E09000456DA34201D1FFF743FD2846F6E738BDA1
:10E0A0007068022070B54FF4807396B04FF6FF751C
:10E0B00004460393036BADF80850FBB1B0F844106D
:10E0C00005AB006C08220439043089B200F09CFAD8
:10E0D000A0B9BDF81630022B10D1644B226B1B681F
:10E0E0009B1A41F699129342069A97BF03EB83035A
:10E0F0002B465B009BB2190A53701170237FDD071A
:10E1000007D5042203AB2921009294F91B0000F0EB
:10E11000DDFE237F02260125032298074FF0290107
:10E12000009648BF402394F91B0048BFADF8083063
:10E1300002AB00F0CBFE04F11A030095FE22292168
:10E1400094F91B0000F0C2FEA36C002B64D0C02326
:10E150002A4604AD2921ADF80A300DF10A030096D4
:10E1600094F91B0000F0B2FEB4F8442009212846BF
:10E170001BF00DFD0023A26C611C0A9302F112003A
:10E18000931953F8046B834241F8046BF9D140F2C0
:10E1900023230E92638222230F9301230A93E36CBD
:10E1A0003BB1043B1093B4F8503004331193022375
:10E1B0000A930A9B16A90420079401EBC30141F8B6
:10E1C0001C0C16A841F8205C591C023300EBC1015D
:10E1D000206C0A93142341F8200C08930EABB4F87A
:10E1E00044000993002341F81C0CCDE90B330D23A7
:10E1F0001370A38E002B30D14FF4804207A994F9FD
:10E200001B001CF095FA43B23BB3194A042019498C
:10E210001CF0CBFA16B070BDA38EF3B92A462921A3
:10E22000ADF838300EAB009694F91B0000F04EFEAE
:10E23000B4F84430226C214694F91B001CF081FA9A
:10E240000A4A216B43B21268012A38BF0122E262F6
:10E250000029D9D1002BD8D12263601C01F020F90C
:10E26000054A034603490820D2E700BF646602203E
:10E2700072550508D941050897550508F8B50E46A9
:10E2800015461F46FFF716FC044638B9114A02200E
:10E2900011491CF08AFA4FF0FF30F8BD008BFFF7F0
:10E2A000A1FD08B90D4AF2E7206C01F083FA691C60
:10E2B00025640025A06AA4F8447026771CF0AFFA04
:10E2C0002046FFF7EFFE20462564FFF729FC28468D
:10E2D000E3E700BFB5550508D9410508C95505084C
:10E2E0002DE9F84F0A9F8B4692461D468046BDF8A1
:10E2F0002C90FFF777FD0646FFF7ECFB044630B1A4
:10E300002EB127B10C9B13B1B9F1040F07D802202D
:10E310001D4A1E491CF049FA0020BDE8F88F2B4623
:10E32000421C05F110010764A0F8449080F81CB06D
:10E33000C0F820A053F8040B8B4242F8040BF9D12B
:10E3400040F22323204663820023237096F906209F
:10E35000A4F81880A2760E4A126892F93520E27667
:10E360000C9A6261BDF83420C4E90B33A286397877
:10E37000FFF7FCFC216C606A01311CF050FA20466A
:10E38000FFF790FE606AC8E7E0550508D941050827
:10E3900070680220294B2DE9F3411B6806464FF6B1
:10E3A000FF780020DC6A002C44D0A38E676D63B137
:10E3B000B34207D800232046A386FFF773FE01204F
:10E3C0003C46F0E79B1BA386F9E7E28E002AF7D0D4
:10E3D000B2422CD894F83D2094F83C100132D2B2CD
:10E3E00084F83D2059B18A4209D3208B1A46009304
:10E3F0006569216AA8472046FFF792FBDFE72046C0
:10E40000FFF750FE258F2846FFF7FEFA2B18228FC4
:10E410009BB2608F9A4288BF4346E38628B19842F8
:10E4200003D2FFF7F1FA83B2E3862387C7E7921B93
:10E43000E286C4E702B0BDE8F08100BF7068022048
:10E4400010B58478012C0BD1104B022120461A689C
:10E45000642392F9372002F013FE0D4B1C7010BD9F
:10E46000022CFCD10120FFF795FF094B58B1012088
:10E4700021461870054B1A68642392F93720BDE8CD
:10E48000104002F0FDBD1870E9E700BF706802207F
:10E490003395022010B5044660B102465821064863
:10E4A00001F00AF9A06901F085F92046BDE81040A5
:10E4B00001F080B910BD00BFFC0B0220044A0346E6
:10E4C000106800B9704742789A42FBD0806DF8E737
:10E4D000FC0B0220064B01201A68134603B9704753
:10E4E0005978814202BF01301346C0B29B6DF5E7F7
:10E4F000FC0B0220044A0346106800B97047426AC8
:10E500009A42FBD0806DF8E7FC0B02202DE9F74F13
:10E510008146884617461E4604210DEB0100D3F7BD
:10E5200029FADDF804A05046FFF7E4FF054600286D
:10E53000F2D1602001F02EF90446102001F02AF9F2
:10E5400083464CB9204601F035F9584601F032F9BE
:10E55000284603B0BDE8F08F0028F3D01023E56211
:10E56000A5806380A061C4F824A084F8009084F89A
:10E570000180E5636587C4E90755C4E910555EB1BC
:10E580003346A21D06F1100153F8040B8B4242F8EA
:10E59000040BF9D10123E37047B13B68A3647B68A6
:10E5A000E364002323656365012323712246582118
:10E5B000024825461CF05EFACAE700BFFC0B0220A9
:10E5C0000A4B70B505460E461C680CB9204670BD56
:10E5D00094F90030AB4207D10822314604F14800DB
:10E5E0001EF019FC0028F1D0A46DEEE7FC0B022010
:10E5F000044A0346106800B970479842FCD0806D09
:10E60000F9E700BFFC0B0220032970B51C460CD8AB
:10E61000124A042012491CF0C8F84FF0FF3015E0F0
:10E62000C91A184489B20329F7D9468804390588DC
:10E63000043076BA89B26DBAB3B2ADB2994206D39C
:10E64000AA42EDD1606000206680228070BD054A3C
:10E65000042003491CF0A9F8DFE700BFF7550508BF
:10E66000D941050826560508024B1868B0FA80F013
:10E6700040097047040C02200A4B70B505460E464F
:10E680001C680CB9204670BD94F90030AB4206D12D
:10E6900008223146201D1EF0BEFB0028F2D0E46F98
:10E6A000EFE700BF040C02200A4B70B506460D468A
:10E6B0001C680CB9204670BD6388B34208D1002D98
:10E6C000F8D008222946201D1EF0A5FB0028F1D015
:10E6D000E46FEEE7040C02202DE9FF478A468046EE
:10E6E0000146164650461F46FFF7C6FF054678B955
:10E6F000842001F04FF80446102001F04BF88146C9
:10E7000004B148B9204601F055F8484601F052F8E6
:10E71000284604B0BDE8F0871023A0623846237372
:10E7200002236383637823F003036370C8232361A8
:10E730004FF4E153E3612346C4E90B5543F8345FDA
:10E74000A363234643F83C5F2364234643F8445FB6
:10E75000A3641AF051FF7BBA00F102093846ADF804
:10E7600000301AF049FF314602460DF102005FFA0F
:10E7700089F91EF01AFB38461AF03EFF082804F10A
:10E78000140319D13288A282B2789A70B6F8053093
:10E79000A4F81730F3796376237D03226946204677
:10E7A00083F0020323754B461BF024FA48B1A06A9C
:10E7B00001F000F82046A9E732686261B2889A80C9
:10E7C000EAE7D8F8003022467C21054863602546F8
:10E7D000D8F8043084F800A0A3601CF04BF997E748
:10E7E000040C0220F8B50E46054601463046FFF7F8
:10E7F00043FF044600284AD090F90030B34246D186
:10E800000822294604301EF006FB00283FD1264688
:10E8100056F8345F55B12A462F6A2021304600F061
:10E820004BFF284600F0C6FF3D46F3E7264656F864
:10E830003C5F6DB12A4618213046AF6900F03CFFBD
:10E84000286900F0B7FF284600F0B4FF3D46F0E726
:10E85000264656F8445F6DB12A46102130462F698E
:10E8600000F02AFFA86800F0A5FF284600F0A2FFEC
:10E870003D46F0E722467C21054800F01DFFA06AD6
:10E8800000F098FF2046BDE8F84000F093BFF8BDC7
:10E89000040C02202DE9FF471B4B064600271D688C
:10E8A00015B904B0BDE8F0876C6B05F104094CB3F1
:10E8B0006369D4F820808BB1B3421DD86761D5F865
:10E8C0002CA0BAF1000F09D02A46214668461BF059
:10E8D000B2F94A46694695F90000D047A369B342A8
:10E8E0000DD805F134002246202100F0E5FE204637
:10E8F00000F060FF4446DAE79B1B6361EEE79B1B79
:10E90000A361F7E7ED6FCBE7040C0220002810B5F8
:10E910000ADBF6F73FF8044618B190F8F930DB0748
:10E9200003D44FF0FF300DE00024074B18681C6043
:10E93000844206D00021F2F73FFE01212046F2F783
:10E940003BFE002010BD00BF5C6602202DE9FF41A8
:10E95000037807468846FF2B4ED1447814F00F0405
:10E9600040D0022C4FF0000098BF4FF00008F6F79F
:10E9700005F805460120F6F701F80646002D39D0C6
:10E9800030B12B190119DA7BCB7B9A4208BF0026E4
:10E99000B8F1000F2AD095F8F8301907C3F3C00278
:10E9A0000BD44FF0FF3315492846019200936FF0C6
:10E9B000FF03CDE90222F4F76FFF032C16D195F87F
:10E9C000F820C2F30013D20610D46FF0FF023946CC
:10E9D00095F90D001BF0C5FBC4B21EB13946304697
:10E9E00014F0E1FF204604B0BDE8F0813946284626
:10E9F00014F0D9FF0124F0E70024F3E7AC5C05082C
:10EA00000A4B70B506460D461C680CB9204670BD11
:10EA100094F92A30B34207D135B110222946204655
:10EA20001EF0F9F90028F1D0E46AEEE7140C022098
:10EA300070B5064634200C4600F0ACFE0546A0B189
:10EA4000342200211EF0D8F921462B4604F1100291
:10EA500085F82A6051F8040B914243F8040BF9D170
:10EA60002A462C2102481BF0E4FF284670BD00BF57
:10EA7000140C022010B5044602462C21054800F073
:10EA80001BFE606A00F096FE2046BDE8104000F0D4
:10EA900091BE00BF140C022010B5044602461C2192
:10EAA000054800F009FE206900F084FE2046BDE81C
:10EAB000104000F07FBE00BF0C0C02202DE9F34196
:10EAC000074615461E46884681B300282EDBFFF711
:10EAD00097FF044605B146B91CB9002002B0BDE855
:10EAE000F0812046FFF7C6FFF7E798B94146384660
:10EAF000FFF79EFF0446284600F0D2FC074620465A
:10EB000000F0CEFC3B460B4A0B49CDE9000608203D
:10EB10001BF04BFE26622846103405F1100350F816
:10EB2000042B984244F8042BF9D1D6E74FF0FF307C
:10EB3000D4E700BF5E560508845605082DE9F74363
:10EB4000DDF82890074616461D46884621B94FF045
:10EB5000FF3003B0BDE8F0830028F8DBFFF750FF7B
:10EB6000044658B116B1B9F1000F10D1606A00F037
:10EB700021FE0023636223850020EAE741463846F0
:10EB8000FFF756FF04460028E1D0C0F82090606AE5
:10EB900038B1238DAB4217D000F00CFE0023636226
:10EBA0002385002DE8D0284600F0F4FD2946606258
:10EBB000304600F0C9FC226A03460A490092082048
:10EBC000094A1BF0F2FD01E0002DD5D0606A28B1A2
:10EBD0002A4631461EF0E9F82585CDE76FF00100A1
:10EBE000B7E700BF8456050889560508F0B5144CF0
:10EBF00000259DF81460246814B94FF0FF30F0BD73
:10EC0000471C03D094F92A70874203D1B54203D040
:10EC10000135EDB2E46AEFE749B104F1100004F107
:10EC2000200550F8046BA84241F8046BF9D10AB1F1
:10EC3000616A11600BB90020E1E7228D1A70FAE7D2
:10EC4000140C022038B5114B0446186860B14369B2
:10EC5000C569591C03D0A34203D8FFF71DFF2846FE
:10EC6000F4E71B1B4361FAE7094B186860B1036ABC
:10EC7000C56A5A1C03D0A34203D8FFF7FBFE2846FF
:10EC8000F4E71B1B0362FAE738BD00BF0C0C02203F
:10EC9000140C022070B50D461446F5F77BFE0646AF
:10ECA00028B190F89E30DB0704D4022D19D04FF024
:10ECB000FF3015E0012D1BD0022D12D0002DF6D112
:10ECC000184B2A462946F2F729FB0028EFD000F11D
:10ECD000100350F8042B984244F8042BF9D100207B
:10ECE00070BD214630460022BDE87040F2F700BFFB
:10ECF00000220D4B1146F2F711FB05460028D6D035
:10ED00000022084B30461146F2F708FB8542CED070
:10ED1000284605F1100350F8042B984244F8042BC0
:10ED2000F9D1DCE7000101000000010138B50D4612
:10ED300090B1F5F75FFE044688B10820094A0A49F8
:10ED40001BF033FD094B94F90D00C4F89031084BCA
:10ED50002562C4F88C3138BD4FF0FF30FBE76FF00F
:10ED60000200F8E7B0560508AB56050889D202083C
:10ED7000C1D3020808B5F5F7A5FFF5F7B5FBF7F71E
:10ED800045FFF9F769FAF9F7EFF809F0A4FA024834
:10ED9000F2F736FB002008BD7BA204082DE9F04104
:10EDA00080460E461746F2F7C1FF08B3437B59076A
:10EDB0001ED5EFB1046854B96FF0630543461C4A91
:10EDC00004201C491BF0F1FC2846BDE8F081637B60
:10EDD0001A0701D42468EEE72046F3F79BF8431C9A
:10EDE000054608D14346144A124902201BF0DDFCB7
:10EDF0004FF0FF35E8E739462046F3F757FAE36965
:10EE000013B12046F3F73AF9002EDDD00022334645
:10EE100003F8012BA26902F11801283251F8040B02
:10EE2000914243F8040BF9D1A3695B8D7382CBE760
:10EE3000B6560508E3560508E856050870B50D46B0
:10EE4000F2F774FF9DB390B3C37C012B32D8846971
:10EE5000688A68B1238D98420AD013B16FF003001D
:10EE600070BD94F83410F2F7BBFF30BB6B8A23857A
:10EE70006E1C1549304614F055FDB0B908343046C3
:10EE8000214614F04FFD80B90F49204614F04AFD89
:10EE90000028E3D03046F5F701FF88B9113556F860
:10EEA000043BAE4244F8043BF9D10020D8E74FF0D0
:10EEB000FF30D5E76FF00400D2E76FF00100CFE735
:10EEC0006FF00200CCE700BFAD5D0508F8B51D4648
:10EED0000C461746BDF81860F2F728FF002D00F029
:10EEE0003981002800F03681292C40F00A81102F4A
:10EEF000846929D817B96FF0010033E07B1E0F2B0E
:10EF0000F9D801A252F823F08BEF0208BFEF0208F4
:10EF1000D5EF020847F002085FF0020879F0020816
:10EF2000ADEF0208F7EE0208F7EE0208BBF00208A8
:10EF3000CDF00208DFF00208F1EF02080DF0020840
:10EF400021F0020821F00208FA2FD4D9FC3F032F48
:10EF500000F2CE80DFE807F0130C029C012E02D0F5
:10EF60006FF00200F8BD95F9003003750020F9E755
:10EF7000012EF5D195F9003084F83530F6E7012EF1
:10EF8000EED195F900304375F0E7C37C012BB2D088
:10EF9000022EE5D1B5F90030591C03D1002384F8C5
:10EFA0003830E3E79AB2FF2AF9D9D9E7042ED7D14E
:10EFB0002B686A4A991C9142D2D8E363D6E7022EA5
:10EFC000CED1B5F90020531C9BB2B3F5807FC7D8D2
:10EFD000A285CBE7022EC3D1B5F900305A1C03D16C
:10EFE000012384F82E30C1E79AB2FF2AF9D9B7E796
:10EFF000012EB5D195F9005015B984F82F50B5E719
:10F000002846F5F7C7FC0028F7D1A9E7012EA7D1BC
:10F010002A7894F8393062F3000384F83930A5E790
:10F02000112E9DD12B78FF2B9AD10F2F95F910100F
:10F030002A46204603D1BDE8F84014F07BBFBDE866
:10F04000F84014F0BFBF042E8AD12A6812EA124396
:10F0500086D1236B134323EA3243236386E7012ED1
:10F060007FF47EAF95F90020531CDBB2022B3FF6F4
:10F0700077AF84F8362079E7012E7FF471AF2A78D4
:10F0800095F90030012A3FF66BAF84F837306DE711
:10F09000022E7FF465AFB5F900302BB9236B23F056
:10F0A000807343F48073D8E7012B7FF459AF236B4F
:10F0B00023F4807343F08073CFE7012E7FF450AFC9
:10F0C0002A7894F8393062F34103A6E7012E7FF4E1
:10F0D00047AF2A7894F8393062F382039DE7012E16
:10F0E0007FF43EAF2A7894F8393062F3C30394E793
:10F0F000012E7FF435AF2A7894F8393062F3041387
:10F100008BE7002C7FF4F7AE022F13D8002F3FF4CB
:10F11000F2AE042E7FF424AF29680029FFF620AF59
:10F12000022F0CBF38301C3015F052F800287FF445
:10F130001DAF15E7042F7FF4DEAE042E7FF410AF71
:10F140002B68002B7FF70CAFC26B9A4294BF82648E
:10F1500083640BE74FF0FF3004E700BF01001000AD
:10F1600010B5124C2069D2F707FAA069D2F704FA59
:10F170006068D2F701FAA068D2F7FEF97F2318225F
:10F1800023700023C4E903234FF48062E363C4E9DE
:10F1900005238022C4E90723054AC4E90133C4E9F1
:10F1A0000933C4E90B23C4E90D3310BD1C0C022044
:10F1B000A7A7040870B51E4C266926B96069D2F766
:10F1C000A5F906462061A56925B9E069D2F79EF93F
:10F1D0000546A061636825621BB9E068D2F796F91D
:10F1E0006060A3681BB9E068D2F790F9A06026B10F
:10F1F0001DB163680BB1A36823B9FFF7B1FF4FF0EE
:10F20000FF3070BDE269002128461DF0F5FDE2687F
:10F21000002160681DF0F0FDE2680021A0681DF08B
:10F22000EBFD6269002120691DF0E6FD0020E8E7A2
:10F230001C0C0220014B1870704700BF1C0C0220F0
:10F24000014BD862704700BF1C0C02202DE9F04F23
:10F25000854C85B08046894601939246636B1BB10D
:10F260009847E36B0133E3632369DBB1002218F0B5
:10F27000800F1A7023D1B9F1000F11D060680378A4
:10F280001BB149461DF017FE50B9A0680378002B4A
:10F2900000F0E58049461DF00EFE002840F0DF80BA
:10F2A000A3692362A36B3BB10023E56BE363013DDC
:10F2B000A36B9847002DFADC05B0BDE8F08FBAF1DA
:10F2C000000FEDD0B9F1000FEAD0E36A002BE7D0D0
:10F2D000237803EA0802D106E4D01A06D4E90456DA
:10F2E00002D4B8F1010F12D1019B52463146284693
:10F2F00005F0D2FBB8F1010F206906D1236B23B1D1
:10F300009847236B59489847CAE7E36AFBE713F02D
:10F31000400763D09B0643D5554A3146284605F041
:10F3200029F986423CDD00283ADD0544361AB8F159
:10F33000080F51D039D8B8F1020F3BD0B8F1040F03
:10F3400048D00027BB46636AD3B10021019B5246D7
:10F350000846039305F0A0FB3A1E3844636A18BFC1
:10F36000012200EB82009847424A03463146284674
:10F3700005F000F9B04203DA0028C4BF2D18361A90
:10F38000B8F1080F68D02ED8B8F1020F31D0B8F11B
:10F39000040F5ED0384A3146284605F0EBF82EE0DF
:10F3A000002EC4DCE36A2069ADE7B8F1100FC8D1C4
:10F3B000324B00E0324B2F4A3146284605F0DAF84E
:10F3C000B04207460DDA002801DD0544361A4FF039
:10F3D000010BB8E72B4BEEE72B4BECE7002EE1DD02
:10F3E000B0E70027F3E7B8F1100FD3D14B46274A17
:10F3F00001E04B46264A3146284605F0BBF8B042AC
:10F40000D0DA0028CEDD361A0544019B524631463B
:10F41000284605F041FB8642C4DD0028C2DDA36A10
:10F420000544361A63B19847124A034631462846C6
:10F4300005F0A0F88642B5DD0028B3DD0544361A94
:10F44000BBF1000FAED0134A3146284605F092F8C2
:10F45000A8E74B46104ACEE74B46104ACBE7BAF135
:10F46000000F7FF432AF1BE71C0C022073EC040882
:10F470000A570508F71205086457050822570508BA
:10F4800010570508165705081C5705085557050855
:10F4900028570508735705083757050846570508C4
:10F4A00070B5104D06466B6B1BB19847EB6B013383
:10F4B000EB632C6A94B1AB69E21AEB699B1A282BB7
:10F4C0000CDD6EB1002321463046237000F082F837
:10F4D0002B6A013003442B62204670BD024CFBE7CF
:10F4E000024CF9E71C0C022074EC0408ED4B0508F3
:10F4F000F8B5124D07460E466B6B1BB19847EB6B88
:10F500000133EB632C6AA4B1AB69E21AEB699B1A75
:10F510002C2B0EDD16B177B1802E0CD82246314649
:10F52000384600F0A7F82B6A013003442B622046CE
:10F53000F8BD034CFBE7034CF9E700BF1C0C0220AD
:10F5400074EC0408785705082DE9F8431D4F8046F0
:10F550000D467B6B1BB19847FB6B0133FB6325B3F7
:10F560003C6A14B3BB69FE69E31AF61A1DD0B8F100
:10F57000000F1CD0002308EB050925462370032E3D
:10F5800017DD18F8013B31460F4A284604F0F2FF18
:10F59000002806DDB04204DCC845A6EB00060544A1
:10F5A000EDD1AC420AD2002306E0084C07E0084C3B
:10F5B00005E0AC4202D22A2305F8013C3D62204618
:10F5C000BDE8F8831C0C02207E57050874EC040883
:10F5D000ED4B05082DE9F84F0F460646014600237E
:10F5E0004FF001084FF0FF0931F8022B42BB5A1CC3
:10F5F000082A1ED1D01A404524D8531C072BF3D912
:10F600004FEA480B3C4600254FF03A0AA9451CD169
:10F61000B9F1000F01D104F801AB454423465E4423
:10F62000072D03F801AB20D90022D81B1A70BDE8C2
:10F63000F88F31F8024B501C002CDBD10246D7E783
:10F640001A46DAE780469946D7E736F8022B0135A5
:10F650000749204652BA92B204F0B6FF082D04EBD7
:10F660000003E1D0013304F800A01C46CEE700BF40
:10F67000242F05087FB50E460446154600211022AA
:10F6800068461DF0B9FB802E12D8324621466846E6
:10F690001BF04EF929466846FFF79CFF2C183246AE
:10F6A0000449204604F090FF2044401B04B070BD84
:10F6B0000020FBE78457050830B5551854586B688F
:10F6C00004B1601843601C60014B53506B6030BD47
:10F6D000EFBEADDE014B1B6898697047746802206D
:10F6E0002DE9F0411F4610F003030D46044618BFF4
:10F6F0000D1F164618BFC3F104024FF000081CBFCF
:10F70000ED18A41815F003032046C4F8048018BFB0
:10F71000043DC4F80880C4F8108018BFED1804F147
:10F720003003C4F81480303D2360A562AD08C5F1F4
:10F730000202013D03EB8501226343F82520E160CD
:10F74000414640F8208F2268606204321BF071F954
:10F750000B4B18224146474508BF1F463846A76154
:10F760001DF04AFBA269A36A204613606422E66189
:10F77000B3FBF2F35F225343E362BDE8F08100BFC5
:10F780007868022008B5FFF7ABFF014B186008BD91
:10F7900074680220024B014618681BF051BA00BF82
:10F7A00074680220024B014618681BF04DBA00BF76
:10F7B00074680220024B014618681BF048BA00BF6B
:10F7C00074680220F8B50D4B05460E4617461C68B6
:10F7D0000CB92046F8BD23686BB16368AB420AD10F
:10F7E000638BBB4207D11022314604F109001DF0A2
:10F7F00012FB0028EDD0A46CEAE700BF5C0C0220ED
:10F80000F0B5294B89B007460E468DF81C2003F150
:10F81000100503AA1868083353F8041C1446AB42B9
:10F8200003C42246F6D11123204D324629210093EC
:10F83000384603ABFFF74AFB03AA044605F1100C58
:10F840002868083555F8041C1346654503C31A4655
:10F85000F6D11123324629213846009303ABFFF736
:10F8600035FB134B044303AD03F1100C64B218686D
:10F87000083353F8041C2A46634503C21546F6D1E3
:10F880001123324629213846009303ABFFF71EFBB4
:10F8900044EA00035BB22BB1064A022006490096F7
:10F8A0001AF083FF09B0F0BDFBDA04080BDB040893
:10F8B0001BDB040888570508B75705083F4AF0B511
:10F8C00005469DB090F9013014680CB91DB0F0BD2B
:10F8D00094F919209A4201D0246AF6E7002360695E
:10F8E0006382FF2323762E78002E4ED1AB88002B27
:10F8F0004BD010B1FFF75EFF6661A888FFF752FF9B
:10F9000060610028E2D00AAB0490002215A915938B
:10F91000142395F90100169304AB17930123189350
:10F920000FAB199318231A93AB8805931AF0CFFDE8
:10F930000028608229DD1A9B0025032B8CBF1999B2
:10F940000021C9B90DB306AA2B4605F1100C1746C4
:10F950001868083353F8041C1646634503C632463C
:10F96000F6D195F9101023682176ABB96069FFF7DD
:10F9700021FF00236361A9E7CB7815A8092B08BFF5
:10F980000D1D1AF0FCFE0146DBE76069FFF712FF70
:10F9900000236361638299E79D68002DE6D0B4F986
:10F9A00012300DF1290294F9190002936369CDE92F
:10F9B0000073BDF83A30A847D8E700BF640C0220B6
:10F9C00010B50446024648210A48FFF775FE618BD0
:10F9D00004F1090000F076FB23680BB100232360DB
:10F9E000206B08B11BF021FD2046BDE81040FFF759
:10F9F000E1BE00BF5C0C022070B5044638B3C37E84
:10FA0000013BDBB2C37613BB114B1D6845B16B687C
:10FA1000AE6C9C4202D12846FFF7D2FF3546F5E78F
:10FA200094F919001AF026FD0A4822462021FFF712
:10FA300043FE606910B1FFF7BDFE6561206808B143
:10FA4000FFF7B8FE2046BDE87040FFF7B3BE70BDBB
:10FA50005C0C0220640C02202DE9F0413B4B0F4668
:10FA6000DFF8EC80054619780022D8F800301846F7
:10FA700058B9914217D9D8F80060002316BB354A0F
:10FA800012789A4225D8344A11E00132806CEFE7AF
:10FA900093F84020022A05D178B1596C426C91420A
:10FAA00038BF18469B6C002BF2D140B92B4A2C4929
:10FAB0000220BDE8F0411AF078BE1846F2E7FFF7E1
:10FAC0007FFFD8E796F840200AB90133DBB2B66C65
:10FAD000D4E75020FFF75EFE0446A0B35022314623
:10FAE0001DF08AF90126D8F8002073B29046B8F1CB
:10FAF000000F21D100F080FF04F10903606405F1DB
:10FB00001002284684F82C6084F8088050F8041B02
:10FB1000904243F8041BF9D100230220678323603D
:10FB2000104A0F491AF041FE2046BDE8F041FFF7A8
:10FB300041BE0136F6B2D8E798F82C109942F8D0B9
:10FB4000D8F84880D3E7BDE8F08100BF410D02201E
:10FB50005C0C0220420D0220D7570508BC5705084F
:10FB6000B7570508F35705082DE9F0438DB00D464A
:10FB700016469846BDF85090074690B1046884B187
:10FB80006069A4F8129018B1FFF714FE00236361B6
:10FB90004846FFF707FE6061B9F1000F06D0002864
:10FBA00057D14FF0FF300DB0BDE8F083B8F1000F32
:10FBB0002BD04A4641461DF0F8F83B681B7F7BB3CB
:10FBC0001C22002105A81DF017F9324629462046BF
:10FBD000FFF7F8FD0746F8B923681F69002FE0D04A
:10FBE00005AB3246294694F91900B8470028D8D108
:10FBF00031462846FFF730FF184A194902201AF00B
:10FC0000D4FD0A98FFF7D6FDCBE70028D5D0FFF743
:10FC1000D1FD00236361D0E700F0EEFE7864C0E719
:10FC200023689F686FB1B4F912302A4694F918100E
:10FC300094F919000293636901930A4B00933346C8
:10FC4000B847606918B1FFF7B5FD00236361002074
:10FC5000A9E7B8F1000FACD1D9E700BF0A580508F1
:10FC6000B7570508AD5D05082DE9F04F85B00E4684
:10FC700091461F469DF838A004469DF83C80C8B1C7
:10FC8000BAF1000F01D1C368A3B1206808B1FFF732
:10FC9000B3FEB9F1000F02D1584B186868B9237E42
:10FCA000282094F819B08DF80B30FFF773FD054646
:10FCB00078B920604FF0FF3098E0038AB34206D154
:10FCC000837E534503D1037FBB4200F09280006ADC
:10FCD000E4E7282200211DF08FF801232F77EB762F
:10FCE000FF232E8285F81AA085F81D806B76BAF165
:10FCF000000F64D0B9F1000F18BF00267FB9404A49
:10FD0000314611201AF086FB687695F91900002813
:10FD10000BDA2846FFF74EFD00232360CAE7394A75
:10FD2000022039491AF041FDEFE7012688F0010869
:10FD30000DF10D03FD22292100968DF80D80FFF7AE
:10FD4000C5F8102395F9190003222921ADF80E30CA
:10FD5000022300930DF10E03FFF7B8F895F919008F
:10FD600003AB0A22292100968DF80C60FFF7AEF84C
:10FD70009DF90B30002B08DD95F919000DF10B03EF
:10FD8000FE2229210096FFF7A1F8BBF1000F06D053
:10FD90009DF90B200F2195F91900FFF731FD2A4637
:10FDA000202116481AF045FE25601C20FFF7F2FCC2
:10FDB00028602068056895B9FFF71EFE7AE70F4BAB
:10FDC0004FF0FF311B680BB96976E8E793F919200A
:10FDD0001B6A8A42DCBF02F1FF3251B2F3E70FCC5B
:10FDE0000FC594E8070085E80700002005B0BDE8CE
:10FDF000F08FC37E0133C3762060F6E7640C0220E7
:10FE0000BDF8020847580508B75705082DE9F0471F
:10FE100094B00D4614461F46BDF8708006469DF806
:10FE2000741030B3026822B31DB3107F70B35177E2
:10FE30006F1CD6F80080B5F81290394640464A4605
:10FE4000FFF7C0FC0446C8B901461C220DA81CF0EF
:10FE5000D3FF34696CB10DAB4A46394698F91900A5
:10FE6000A04730B93846698AFFF7F6FD1298FFF7C8
:10FE7000A1FC4FF0FF3014B0BDE8F08790F840309F
:10FE8000012B13D100F0B8FD6064F2E792F919007C
:10FE9000927E6AB9D6F80C90B9F1000F08D0CDF86F
:10FEA0000080691C6A8AC8470028E2DB0120E2E77B
:10FEB00004224FF4807381F001014FF0010A049392
:10FEC00004AB8DF80F1029210092FEF7FFFF336875
:10FED000FD22292193F919000DF10F03CDF800A09F
:10FEE000FEF7F4FF33680026102293F919901423CB
:10FEF000144920460E936B4413960D95CDE9057871
:10FF0000CDE91166CDE90F3A1CF085FFA0B107AB32
:10FF1000224608AC8DF830601193182302F11005C9
:10FF20001293094B07931068083252F8041C2346B9
:10FF3000AA4203C31C46F6D100220DA948461AF076
:10FF4000F7FBB1E7AD5D050815002909134B70B546
:10FF500004461868002302468AB9F3B144F2506699
:10FF6000D8B190F84030856C022B0BD1436C03F56F
:10FF70006163A34201D8FFF723FD2846F0E7013370
:10FF8000926CE9E7012B02D1436C3344F1E7002B7B
:10FF9000F3D1436C03F51673EBE770BD5C0C0220E4
:10FFA000064A0346106800B97047C28E9A4203D1D0
:10FFB00090F83E20D207F7D5006CF4E76C0C0220D5
:10FFC000094B70B505460E461C680CB9204670BD3D
:10FFD000A38EB34206D11022294620461CF01BFFF7
:10FFE0000028F3D0246CF0E76C0C02200C4B70B5A9
:10FFF00006460D461C680CB9204670BD94F83C308E
:020000040803EF
:10000000AB420AD12A46314604F120001CF003FF1E
:1000100018B994F83E30DB07EED4246CEBE700BF50
:100020006C0C022070B50D46044620B319B3038949
:100030000420124A12491AF0B8FB6378092B18D031
:100040002069B0B121786B886A68FFF7CFFF04465A
:1000500078B1024640210B48FFF72EFB266B2EB1EC
:1000600000236A88696894F93A00B04720461AF07C
:10007000EFFE002070BD4FF0FF30FBE7A4580508ED
:10008000C35805086C0C022010B54820FFF782FB0E
:10009000044690B1482200211CF0AEFE94F83E3098
:1000A00043F0010384F83E3000F0A6FCE130224624
:1000B0004021A06202481AF0BCFC204610BD00BFDF
:1000C0006C0C02202DE9F04105460E46DFF8448015
:1000D000FFF776FF04460CB9BDE8F08122464021C7
:1000E0000D48FFF7E9FA276B2FB100233246294666
:1000F00094F93A00B847D8F80030E18ED86807F094
:100100005DFE20461AF0A4FE31462846FFF758FF50
:100110000446E0E7906802206C0C02202DE9F041D3
:100120000E461746054618B900242046BDE8F08162
:100130000029F9D0002AF7D01020FFF72BFB044646
:100140000028F1D04FF0000805600E4B3A46C0F889
:100150000C803146C0E901672846D6F789FDE0608A
:1001600018B92046FFF726FBDEE7414607F013FEED
:100170004146E06807F00CFE0A220321E06807F020
:100180000DFED2E725000308044A0346106800B9B3
:1001900070479842FCD0006CF9E700BF6C0C02205D
:1001A00010B50446FFF7F0FF48B12246044840214D
:1001B000FFF782FA2046BDE810401AF049BE10BD94
:1001C0006C0C02202DE9F04F85B01E46074689468B
:1001D000129B9246BDF83880DDF83CB02BB94FF049
:1001E000FF34204605B0BDE8F08F0028F7D04FF46B
:1001F00088730396ADF80A80ADF80830FFF744FF26
:1002000004460028EBD048461BF069F894F83E30CD
:1002100084F83A0023F0010384F83E30454B9BF804
:100220000020FF2A18BF5B4604F1100203F1100101
:1002300053F8040B8B4242F8040BF9D133462246A3
:1002400006F1100153F8040B8B4242F8040BF9D16C
:10025000A4F8348002A90094109BBDF84420F868EB
:10026000D6F736FD054640B92046FFF799FF324ADA
:10027000324902201AF099FAB1E743788BB1062B84
:100280000FD02046FFF78CFF4FF0FF346B78062B22
:1002900002D17B68A86998472946F86807F04BFDAA
:1002A0009FE7AB78013B1E2B1DD82B89E386EB78AB
:1002B00084F83D302A783AB1296904F120001CF015
:1002C00074FD2B7884F83C3023462A465146484634
:1002D000129ECDF800B0B047002802DA2046FFF7A2
:1002E0005FFF0024D2E72046FFF75AFF286930B1AC
:1002F000434632462978FFF779FE044628B9104A6A
:1003000002200E491AF051FABEE7024640210D487C
:10031000FFF7D2F9D4F83090B9F1000F05D02B4691
:100320004246314694F93A00C84720461AF090FDFB
:10033000D7E700BFAD5D0508C8580508C3580508D4
:10034000DC5805086C0C0220F8B51946064603B1C6
:1003500038B91A4A02201A491AF027FA4FF0FF3525
:100360000BE01889FFF71CFE074640B96FF0010546
:10037000144A134902201AF018FA2846F8BD9DF8CD
:100380001820F068D5F794FD04460028E6D0BDF8A3
:10039000243001463A468381089B8361079B436072
:1003A00030461AF060FD05462146F06807F0C3FCB0
:1003B000002DD3D13846FFF7F3FEDEE7F9580508E4
:1003C000C35805080859050838B5154638B902203C
:1003D000154A16491AF0E9F94FF0FF3038BD1146B9
:1003E000C06807F0EBFC124B1C683CB90220114AB4
:1003F0000E491AF0DAF96FF00100EFE7E38EAB4235
:1004000003D194F83E30DB0701D4246CEDE7256B73
:100410002DB10023A28E214694F93A00A847204628
:10042000FFF7BEFE0020D9E7F9580508C3580508B4
:100430006C0C0220085905082DE9F0410D4640B921
:1004400002201B4A1B491AF0B0F94FF0FF30BDE8FB
:10045000F081194E34680CB90020F8E794F93A306D
:10046000AB4222D1DFF85480002CF5D02246402147
:100470001148FFF721F9276B2FB10023A28E2146E7
:1004800094F93A00B847D8F80030E18ED86807F000
:1004900095FC20461AF0DCFC3468002CDCD094F982
:1004A0003A30AB42E0D0246CF7E7246CD3E700BFCE
:1004B000F9580508C35805086C0C02209068022002
:1004C0002DE9F8430E46054610B3134F3C68CCB1F6
:1004D000A36AD4F84090B34212D222464021384653
:1004E000FFF7EAF8D4F83080B8F1000F05D0002308
:1004F000A28E214694F93A00C04720461AF0A8FC83
:100500004C46E4E73146E868BDE8F84307F07CBCB8
:100510004FF0FF30BDE8F8836C0C0220054A03461B
:10052000106800B9704790F919209A42FAD0C06952
:10053000F7E700BF780C022038B5074B05461C686A
:100540000CB9204638BD294660691AF06EFC0028B7
:10055000F7D1E469F4E700BF780C02202DE9F04FF1
:1005600087B005460E4617469846DDE911B9BBF13E
:10057000000F05D14FF0FF35284607B0BDE8F08FDA
:10058000B9F1000FF6D01FFA89FA50461AF0A5FD0E
:1005900004460028EED04A4659461CF006FC094B9A
:1005A0000948294602943246CDE903A3109BCDE9C0
:1005B00000833B460068FFF705FE054620461AF01B
:1005C0003FFDD9E721060308906802204FF202138D
:1005D00010B542889A4211D10E4C21684B1C236001
:1005E0000D4B1868FFF76CFF206838B13C22B0FB58
:1005F000F2F302FB13030BB9FFF7A8FC074A4FF411
:100600007A730221F12092F90020BDE8104000F039
:1006100037BD00BF740C022090680220430D0220F9
:100620002DE9F04F87B0804689461E46154604AF37
:100630002AB94FF0FF300C37BD46BDE8F08F002BD4
:10064000F7D0394BD2F814A0B2F80AB01C682CB914
:100650004046FFF771FF044658B9EAE74146606932
:100660001AF0E3FB60B35A465146E0681AF0D5FD34
:1006700030B3B91D60691AF0E1FB804618B3B5F8D4
:100680000AB0EA4669690BF108035A46DB08AAEB8F
:10069000C3039D4604AB18461CF087FB00220346AB
:1006A00000F80B20FA8894F918000293B38ECDE974
:1006B00000634B46396BC047002803DDD546B8E7D9
:1006C000E469C4E7D5466A896969E0681AF0A5FD5E
:1006D000034698B9EC78002CABD184234FF0FF325D
:1006E000124896F93A10CDE90032CDE902442B4682
:1006F00022460068FFF728FE20469CE78268002A11
:1007000097D094F91B203146002ABCBF082286F8F6
:100710003B2094F91900B28E86F83A009C682B466B
:10072000A04700B287E700BF780C02209068022043
:100730002DE9F743814624200E4690461F46FFF7D9
:1007400029F8044638B30125242200211CF054FB6B
:100750002846FFF7E3FE08B17F2D22D10A9B676090
:100760002D4F236097F9003084F818900133657697
:1007700084F81B8004D10021284800F091F93870DA
:10078000274B284A284929481AF00CFB606158B9C0
:100790002046FFF70FF84FF0FF35284603B0BDE8BD
:1007A000F08301356DB2D3E7002331460376E37E53
:1007B0001B0742BF636994F918201A76E37E6269C9
:1007C000C3F300135376E27ED3090193D34303F0BE
:1007D00001030093C2F340036069C2F38002FFF794
:1007E00043FA002803DA6069FEF7E4FFD0E7104E11
:1007F00033685BB90F4A10491048FFF78FFC30602F
:1008000020B90F4A02200F4919F0CFFF22461C21C0
:100810000D481AF00EF9C0E7430D0220CD0503087C
:10082000E3B0040869B10408E1B104085D050308F8
:100830009068022049B0040841B00408DBB0040805
:100840002759050841590508780C0220F8B5FFF72B
:1008500065FE0446002834D0406958B1194B002188
:100860001B680A46C3B9012A14BF002101F0010127
:100870001AF0B1FA264656F80C5FC5B12868EF6841
:10088000FEF798FF2A460C213046FEF715FF284652
:10089000FEF790FF3D46F0E75D6935B16E7E26B10B
:1008A000A84208BF41F001010132DB69DAE72246C4
:1008B00004481C21FEF700FF2046BDE8F840FEF783
:1008C00079BFF8BD780C02202DE9F0479046994693
:1008D0000F46FFF723FE0646002842D0002940D0ED
:1008E0000846CFF749FD39461FFA80FA0546F068F9
:1008F00052461AF092FC0446C0B91420FEF74AFF93
:10090000044640B90220184A184919F04EFF6FF00A
:100910000100BDE8F08700230360ADB22846FEF772
:1009200039FF60B92046FEF745FFEBE70068FEF7A8
:1009300041FF0C2122467018FEF7BEFEEDE72A4665
:1009400039461CF032FA0C21206022467018A4F8B7
:1009500004A0C4F8089084F806801AF06AF8002011
:10096000D7E74FF0FF30D4E746590508415905084D
:1009700010B588B0109C0794BDF83C4006940E9CBE
:1009800005940D9C04940C9C03949DF82C400294B7
:100990009DF82840CDE9003413460A460146034835
:1009A00000681AF097FA08B010BD00BF90680220E6
:1009B0001FB5BDF820400394079C0294069CCDE926
:1009C000003413460A46014602480068FFF7BCFCA3
:1009D00004B010BD90680220024B0A460146186818
:1009E000FFF7F2BC90680220024B01461868FFF73F
:1009F00023BD00BF90680220014B1868704700BFFC
:100A0000740C0220054A0346106800B9704790F93B
:100A100000209A42FAD08068F7E700BF900C0220CD
:100A200010B5D4F7C3FF0C4804685CB1224614210A
:100A3000FEF742FE0023636002232372D4F7CAFF4D
:100A4000204610BD1C20FEF7ADFE04460028F5D060
:100A500001230374EEE700BF800C022010B50446AA
:100A6000D4F7A4FF0D4B196829B9224614210B486D
:100A70001AF000F807E00A7A237A9A420BD9224644
:100A8000142019F0EFFF01236374D4F7A3FFBDE82E
:100A90001040D4F7E3BF4969E6E700BF880C0220A5
:100AA0002DE9F843204B074689461C687CB9102085
:100AB000FEF770FE054630B1FFF7B2FF064658B9A3
:100AC0002846FEF777FE6FF00100BDE8F883636803
:100AD000BB4226D0A468E9E7A0464046FFF792FF54
:100AE00048B108F101045FFA84F864B2B8F1800FEC
:100AF000F3D14FF0FF342A4608210B482C706F6069
:100B000019F0B8FF95F90030304686F8029033703E
:100B100000237370F370F360FFF7A0FF95F90000F6
:100B2000D3E74FF0FF30D0E7900C022002461421AB
:100B30000148FEF7C1BD00BF880C022010B5037C40
:100B40000446012B0ED0032B10D0ABB94374D4F75D
:100B50002DFF22461421094819F06BFFBDE8104013
:100B6000D4F738BFBDE81040FEF724BE002343741D
:100B7000BDE8104000F034BA10BD00BF800C022068
:100B8000064A0346106800B9704790F900209A425F
:100B900002D1C2788A42F7D04069F4E7880C02207B
:100BA000F8B500240C4B0D4E0D4D2746C3E900430C
:100BB0000C4BC6E90046C3E9004301342A462F74B2
:100BC000142130461C3519F034FF0A2CF5D100F001
:100BD000E1F9054B1F70F8BD880C0220800C022043
:100BE00094680220900C022034950220014B93F966
:100BF0000000704734950220014B1870704700BF09
:100C00003495022070B5114D00262E70D4F7CEFE1B
:100C10000F4804681CB9D4F7DDFE204670BD0223DE
:100C2000224614216374FEF747FDD4F7D3FE94F9EE
:100C300000002870C0B2FFF7E5FE436820469847E1
:100C40002046FFF77BFF01202E70E7E73495022056
:100C5000880C02202DE9FF4180460C200F461646E5
:100C60001D46FEF797FD044690B1C0E90087184F76
:100C700097F90000431C0DD100211648FFF710FF23
:100C80000028387006DAFF233B702046FEF792FDFD
:100C9000002413E000238DF800008DF8010001947A
:100CA000CDE9023340F20113ADF8023055B12946C7
:100CB000684600F0CFF9A0600028E6D0204604B0D6
:100CC000BDE8F081314668461AF0BFFBF3E700BF8C
:100CD000440D0220E3B30408054A0346106800B936
:100CE000704790F900209A42FAD0C068F7E700BF39
:100CF000980C0220012808B538BF0120D4F784FEE3
:100D0000024A137843F00103137008BD36950220A0
:100D100070B5174E002533682C464BB93DB1013CE8
:100D20006B70A888FFF7E6FF3368E4B27BB970BD4B
:100D30005A78012A07D145B19988AA88914238BFCB
:100D40001D460134E4B2DB68E7E71D46F9E7002CF5
:100D5000EDD05A78012A09D19A88013CA988E4B2D9
:100D60008A420BBF0022521A5A709A80DB68DDE774
:100D7000980C022070B5D4F719FE144A144D0024C3
:100D8000137823F00103137002222B684BB9FFF78D
:100D9000BFFF03262D6805B154B9BDE87040D4F7F4
:100DA00019BE597811B901345A70E4B2DB68EDE725
:100DB0006B78022B07D1013CAB686988E4B295F9E6
:100DC00000006E709847ED68E5E700BF3695022099
:100DD000980C0220F8B5174C0746237823B916481B
:100DE000D4F70CFE0123237000210C462046FFF7A8
:100DF00073FF064640B14C1CE1B264B28029F5D1C4
:100E00004FF0FF342046F8BD1420FEF7C3FC054622
:100E10000028F5D003232C70AE806B70AF60D4F740
:100E2000C5FD2A460C21054819F024FED4F7D2FD51
:100E3000E8E700BF35950220750D0308980C0220E5
:100E400070B504460D46D4F7B1FD2046FFF744FFC8
:100E50000446002834D01C4B1B78DB0729D5D4F777
:100E6000EFFD8542064617D22846761BFFF742FF64
:100E7000164B01211B681BB963706580A58011E0CA
:100E80005A782AB959709A809A8832449A8001E037
:100E9000012AF9D0DB68EEE709D901232E1A658013
:100EA0006370A6800024D4F795FD204670BD002312
:100EB000E2E70123458085804370FFF729FFF1E7D2
:100EC0004FF0FF34EFE700BF36950220980C022068
:100ED000084B0246C069196819B91421054819F070
:100EE000C9BDCB69C31A002B02DA142019F0BABDB0
:100EF0004969F1E7A00C0220F8B5054600780E46D6
:100F000017461AF026FA08B90020F8BDD4F74EFDAE
:100F100013480468BCB122461421FEF7CDFBD4F778
:100F200059FD95E80F0084E80F0003232046238233
:100F30000C4B1B68C4E90767F61A002E0CDC1AF08C
:100F40002AFA2046E1E72420FEF724FC0446D4F7E1
:100F500041FD002CE5D1D7E7FFF7BAFFF1E700BF6D
:100F6000A80C0220B069022010B5084C22685AB1C2
:100F7000074A92F90020824206D1C821FFF760FF9C
:100F80002368BDE81040184710BD00BFAC690220BF
:100F9000450D022038B50C4D002401342A46142199
:100FA0000A4819F046FD062C05F12405F5D1084B39
:100FB000084A09481A60FFF70DFF084BC82118704E
:100FC000BDE83840FFF73CBFB4690220A80C0220FE
:100FD000AC69022069B40408690F0308450D0220BA
:100FE00010B50446D4F7E2FC236A43B92246142123
:100FF0000A4819F01EFDBDE81040D4F7EBBCE269C9
:1010000020461344064A1268E3619B1A002B02DC57
:101010001AF0C1F9EFE7FFF75BFFECE7A80C02203D
:10102000B0690220002302460362437C1BB91421ED
:101030000148FEF741BB7047A00C022010B5D4F761
:10104000B5FC034B1C68D4F7C5FC204610BD00BF9F
:10105000B069022038B50C1E05460DDDD4F7A6FC9C
:10106000064B2246284619682144FFF745FF0446EF
:10107000D4F7B0FC204638BD0024FBE7B06902205D
:101080001FB5142B8DF800204FF000028DF80210D0
:101090004FF0010198BF02248DF8012001920392C4
:1010A00088BF0A228DF803008DF8081084BFB3FBB7
:1010B000F2F35C18D4F77AFC074B002268461968F3
:1010C0002144FFF719FF0446D4F784FCB4FA84F0F6
:1010D0004009404204B010BDB069022038B5054651
:1010E0000C46D4F763FC0F4B186860B92946E0B290
:1010F000FFF746FD10B1037C032B0BD0D4F76AFC3D
:101100004FF0FF300BE090F90030A34208D1C378D4
:10111000AB4205D11AF049F9D4F75CFC002038BD88
:101120004069E2E7A00C0220F8B50F4D04460F4ECF
:10113000D4F73CFC2B68234434682B601CB9BDE811
:10114000F840D4F747BC2A68E36967699B1A002B0B
:10115000F5DC224614213046FEF7AEFA20461AF09E
:101160001AF93C46EAE700BFB0690220A00C022051
:10117000134908B58B6803F00C03042B1BD0082B14
:101180001BD14A684B68496802F03F0213F48003A0
:10119000C1F388111ABF0B4800230B48A1FB0001C3
:1011A000CFF7BEF8064B5B68C3F3014301335B0026
:1011B000B0FBF3F008BD0348FCE70348FAE700BFC3
:1011C0000038024040787D010024F400014B18688B
:1011D000704700BFB00C02202DE9F043856A9146AC
:1011E00000EB8507BB691C68002C02DA0220BDE811
:1011F000F083FC6A002CF9D18C6826689E605E68DA
:1012000062686FF30C0616435E600E68F20705D540
:101210001E684A6926F4400616431E600E68B6062C
:1012200005D51E680A6926F0406616431E600968E7
:101230004A0703D5196841F08001196019684FF019
:1012400000083E4E41F0805119602946A26808F11D
:10125000010C1ABB1A68B9F1000F6CD042F0804241
:101260001A601A6842F000521A60BA69BFF35F8FC1
:10127000136843F00043136000EB8103C26BDA6232
:101280008162EFF31082012383F31088036C013332
:101290004344036482F310880020A8E7D3F800E0F9
:1012A0002EF0005EC3F800E0D3F800E0B9F1000FC3
:1012B00026D04EF0804EC3F800E001F1010EBEF1E1
:1012C000030F88BFA1F1030E00EB8E018B69D3F8E9
:1012D0000080B8F1000F16DAB9690022624585D0A6
:1012E000BFF35F8F0B68013223F000430B606B1C70
:1012F000032B88BFEB1E00EB83011D468969EDE7D8
:101300002EF0804ED7E7C96A0029E5D1196821F08F
:1013100080511960A46821689960596862683140F9
:1013200011435960BFF35F8F1968E04641F00041F7
:10133000196071468AE722F0804291E700E0FFFFE2
:1013400070B50D4604460268AB68686911680343CE
:10135000A8690343686A0343A87B43EA4063E87FC4
:1013600043EA0043287F43EA0033287943EA802395
:10137000E87B43EAC01395F8280043EA00132B48A2
:101380000840297CB1FA81F103430120490943EA6D
:10139000C153697CB1FA81F1490943EA8153A97FBC
:1013A000B1FA81F1490943EA413395F82010B1FAC5
:1013B00081F1490943EA4123136023681E6804F060
:1013C00039F823681E602168A86C8A692B6D22F0A9
:1013D000BE0243EA00431204120C134395F84C205A
:1013E000B2FA82F2520943EAC21395F85520501E10
:1013F00042424241012043EAC20395F85620561E5C
:101400007242724143EA820395F8542002F1FF3C94
:10141000DCF1000242EB0C0243EA42038B612368D9
:101420009D6904F007F823689D6170BD0F8120FD60
:1014300070B50D46016804462A6A01F580516B6952
:10144000886913436A7B43EA4263AA7B43EA4253B7
:101450002A7F43EAC213AA7F43EA821395F8242025
:1014600043EA82031E4A0240012013432A7BB2FA58
:1014700082F2520943EA82636A7FB2FA82F2520927
:1014800043EA02538B61236803F580539E6903F09E
:10149000D1FF2368012003F580539E61A969AB68E1
:1014A00022680B4395F8251002F5805243EAC113D8
:1014B00029690B4329680B43A96A43EA8103297907
:1014C00043EA416343F400031360236803F5805348
:1014D0001D6803F0AFFF236803F580531D6070BDE6
:1014E000233FDEF82DE9F0410446A6B0002800F0C5
:1014F000D180D0F8843023B92023C0F884301AF08A
:1015000010F87D4B5A6C42F480425A645B6C03F4D1
:1015100080430193019B794B5A6822F400025A6080
:101520005A68A1680A435A605B68236803F58053D0
:101530001A6842F001021A6003F074FF064623683D
:1015400003F580531D6815F0010540F096800126D3
:1015500040F201174FF480424FF400630DA920467A
:101560008DF83860ADF85260ADF842600F958DF897
:1015700050508DF85450ADF8447016958DF85C506D
:101580001F958DF880502195ADF888508DF88A50C0
:10159000CDE91223FFF7D4FE4FF48033204602A991
:1015A00004934FF400538DF80C608DF816602E46AE
:1015B000ADF814708DF826500A95ADF82C700C9586
:1015C0000295CDE906354FF4800308934FF48073FC
:1015D000ADF82430FFF72CFF04F1140C28464FF02F
:1015E000280EE2680EFB00F3032800F1010002EB75
:1015F0000301D65018BF03F128084E608E60CE60FC
:101600004CF8041FD75847F48017D750E76818BF25
:1016100047440428CF60D15841F44001D150E0D173
:1016200022680023E16804F1440602F5805228276D
:101630004FF0004CA3621161206907FB05F1032DF7
:1016400005F1010E00EB0102435053609360D3603B
:10165000C2E9083340F801C0606940F4804050603E
:10166000506820F00040506046F8042F206915D0E3
:10167000283175460844D060DEE703F0D3FE801BB6
:10168000B0F5FA7F7FF65BAF0423C4F88830E0231F
:10169000C4F88430012026B0BDE8F081D060226813
:1016A000216902F58052A365C4E91733C4E91A33EE
:1016B000D1606168124A888810640020096851640A
:1016C0002168CA6B42F40272CA632168D1F80C2106
:1016D00042F4003242F06002C1F80C212168D1F8D6
:1016E000102142F40312C1F81021C4F888301023ED
:1016F000C4F88430CFE700BF003802400038014012
:10170000008002402DE9F04103680446324A9F6B95
:1017100003F580535D69D3F81C8056696A0606D5C7
:1017200018F0400F03D02D4A5A6105F05FFCE8071E
:101730000BD518F0010F08D023684FF00112204696
:1017400003F580535A6105F054FC290423D518F49D
:10175000004F20D0D4F8883015F4005F43F0080320
:10176000C4F88830236803F580535A692CD022F0DE
:101770007F4222F4010222F45F4222F0FF02C4F809
:101780008C20DA6922F4C032DA61E023C4F88430B4
:10179000204605F031FC3A070BD523682046DB6A6A
:1017A00003F06003C4F894301AF027F80023C4F85B
:1017B0009430330306D5084B4FF4002220465A617B
:1017C0001AF01CF8BDE8F08148F280610A40C4F8C4
:1017D0008C205961DCE700BF003C01404000010063
:1017E00038B5036805461C69FFF7F0FC0D4B24F083
:1017F0001C04984204D844F008042B681C6138BDCE
:10180000094B984202D244F00C04F6E7074B984289
:10181000F3D9074B984294BF44F0040444F01004F9
:10182000EBE700BFBF0E160200879303FFE0F5054C
:101830007FD1F00838B5044600292FD00268184B34
:1018400050680340C868034308780343C87843EAF4
:101850004003087943EA8003087A43EAC0034879E1
:1018600043EA0013C87943EA0023887943EA402316
:10187000887843EA80234878497A43EAC073481E4F
:1018800041424141012043EA4113536023685D68AE
:1018900003F0D0FD236800205D6038BD0120FCE727
:1018A00000F8FF7F00284CD0334B1A681B6802F405
:1018B0004042B2F5404F26D113F4803353D02F4B22
:1018C000984242D90723012B38BF012309E02C4A53
:1018D000904203D9002B44D1022302E0294A9042CE
:1018E000F1D829490A6822F00F021A430A600A68EF
:1018F00002F00F02934226D0086800F00F00C01AD1
:1019000018BF0120704703F44043B3F5004F05D1E1
:1019100003F10F6303F5A343984210D81B4B984281
:1019200027D81B4B984208D8154B9842D4D8154B52
:10193000984294BF00230123D3E70323D1E7052373
:10194000CFE70120704700207047124B984208D81B
:101950000E4B984205D806230D4A9042B7D9002B6A
:10196000EBD00623AFE70B4A9042E8D8074A9042F3
:10197000F2D90423B5E700BF007000408058840C02
:101980000087930380C3C901003C0240000E270773
:10199000804A5D0580D1F0084FF48051054808B5B4
:1019A00002F05EFC02F0E2FC002818BF6FF00400B9
:1019B00008BD00BF3795022038B5EFF3118510231D
:1019C00083F31288BFF36F8F064B9C681AF060F8A0
:1019D00085F31188BFF36F8F2046BDE83840CFF7FD
:1019E00089BB00BF8C6A022038B50A4B53F82040EF
:1019F000013053F82050A54200D838BD606830B19E
:101A0000037EDB0701D41AF018F80834F3E72368E3
:101A10009847FAE7ECE30408294B0122032070B54C
:101A2000284C86B0284D1A70FFF7DEFF01F04CFC01
:101A30000420FFF7D9FF26463034AE420FD3214CA5
:101A400000F08CFFAC4226D300F09CFFCEF714FFD1
:101A50001E4A938923F00103938106B070BD54F8A8
:101A60000C3C059354F8103C049354F8143C039335
:101A700054F8183C029354F81C3C019354F8203C51
:101A8000009354E90A2354E90C0100F065FD54F871
:101A9000303C5E65CFE7D4E90A23B3F1FF3F08BFCE
:101AA000B2F1FF3F05D052EA0301206803D11AF0DA
:101AB000DBFA3034C6E70649183001F08FF9F8E751
:101AC00037A5022088D90408E8D90408B8520220B2
:101AD000DBBF040870B5002386B00122144E0193C9
:101AE0000446144D06EBC0161349CDE904230F221A
:101AF000CDE9023214234FF4A07203FB00554FF4DA
:101B0000C0700E4B00FB04113046009500F024FD20
:101B1000337C0B4A23F00403EE602C7433744FF4CF
:101B2000046304FB033313446B6006B070BD00BF55
:101B3000385202208C6A0220C0E1022091BB0408C6
:101B400080D902207FB50020FFF74EFF264B83F39C
:101B50000888264D0024F02385F82230EC772C7677
:101B60006C76AC7685F820406B6A43F4E0236B62B8
:101B7000CFF7D0F9CFF7A8FA4FF0FF33AB62EB62A3
:101B8000CFF7C4FB1A4DCFF71FFB1A4800F05EFDDC
:101B9000CEF71EFF0120FFF727FF0220FFF724FFEB
:101BA00000F01AFF144B4FF4006214495D6128469F
:101BB000134B009405930123CDE90144CDE9034380
:101BC000104B00F0C9FC2B7C0646284623F004038A
:101BD0002B741AF0CEF92046FFF77CFF094A3146F4
:101BE0002846CFF753FA00BFC0E1022000ED00E025
:101BF000B8520220385302208C6A022040E30220AF
:101C000063590508191A030838B5064C064DAC424D
:101C100001D3002038BDD4E901122046143419F054
:101C20003AFFF4E7E00D0220E00D022038B5074C42
:101C3000074DAC4201D3002038BD204619F04FFFBC
:101C400008B91C34F5E76FF01500F5E7A80D022080
:101C5000E00D022073B50C46EFF31181102585F3DA
:101C60001288BFF36F8FC5685DB125602B68C360B4
:101C7000836901338361002081F31188BFF36F8F83
:101C800011E052EA030603D16FF00B002560F3E781
:101C9000CDE900230246083000F0BEFD18B9034B21
:101CA0009B685B69236002B070BD00BF8C6A022034
:101CB000F7B50E4604469DF82010EFF3118710206B
:101CC00080F31288BFF36F8F256AE068854244D2A3
:101CD0002568AC4218D0BDB1284619F064FF05F163
:101CE00018001AF01AFAA268314668691BF05DF80C
:101CF00000232846EB671AF03CF904F10800394646
:101D00001AF083F9002036E0A268D9B13146E069C3
:101D10001BF04BF8E369A268134462699342E361E4
:101D200001D12369E361236A102104F12400013306
:101D300023621AF06FFB0028DFD187F31188BFF30D
:101D40006F8F18E0A06931462369984208BF606927
:101D5000801AA0611BF029F8E5E752EA03010CD0D4
:101D6000074904F1080089684E613946CDE900232E
:101D7000224600F051FD03B0F0BD6FF02200DCE719
:101D80008C6A0220F7B504460846EFF3118610214D
:101D900081F31288BFF36F8F216A00293AD0A268BD
:101DA000A1691BF002F8A369A2682568134462695F
:101DB0009342A36104BF2369A361AC42236A03F188
:101DC000FF33236235D02846002D33D019F0EBFEC7
:101DD00005F118001AF0A1F96969A2680027E06905
:101DE0001AF0E3FFE369A26828461344626993424C
:101DF000E36104BF2369E361236A01332362EF6770
:101E00001AF0B7F804F1080031461AF0FEF8384627
:101E100003B0F0BD52EA030111D00A498968486154
:101E2000314604F10800CDE90023224600F0F4FC1D
:101E3000EEE7002086F31188BFF36F8FE8E76FF0BD
:101E40002200F7E78C6A02202DE9F3410446174689
:101E50001E46EFF31188102383F31288BFF36F8FB0
:101E6000304BC2689B6872B18068984217D057EABD
:101E7000060216D188F31188BFF36F8F6FF00F0041
:101E800002B0BDE8F08193F90E1001322161C4E97E
:101E9000023288F31188BFF36F8F0020F0E72169C9
:101EA000F3E793F90E1090F90E30994230DA994227
:101EB000A8BF194619F08BFE0546224641461A482E
:101EC000CDE9007600F0A8FC0028E6D0EFF31186FB
:101ED000102383F31288BFF36F8FA068D0B12368FB
:101EE00021699C420AD04BB193F90E309942A8BFA8
:101EF00019466FF07F039942B8BF194619F067FE83
:101F000040B1314608481AF080F86FF00A00B7E790
:101F10000025D2E7002DF4D186F31188BFF36F8F2F
:101F2000F3E700BF8C6A022038A50220F8B5836869
:101F30000546002B3FD0234A926893423ED1C368A6
:101F4000012B03D9013BC3600020F8BDEFF31187DB
:101F5000102383F31288BFF36F8F0169806819F033
:101F600036FE2C68A54207D10023C5E9023387F36A
:101F70001188BFF36F8FE7E7002CF5D0002604F13E
:101F80001800D4E9003213605A60237CA66023F065
:101F90000203C4E9006623741AF0BFF8AC6094F938
:101FA0000E3020462B61E66719F0E3FF39460648FC
:101FB0001AF02BF8C8E76FF01500C6E74FF0FF30B6
:101FC000C3E700BF8C6A022038A5022037B511464E
:101FD000EFF31185102282F31288BFF36F8F04682C
:101FE0009CB123680121426823F0030394420360FB
:101FF00008BF4360204619F077FE044685F3118838
:10200000BFF36F8F204603B030BD51EA0302F5D015
:1020100000F10802CDE900131046294600F0FCFB50
:102020000028EFD1014B9B685C69EBE78C6A0220CA
:1020300070B5EFF31186102383F31288BFF36F8F0F
:102040000468A0421AD0CCB1002504F11800D4E9EC
:10205000003213605A60237CA56023F00203C4E9B8
:10206000005523741AF059F82046E56719F081FFEE
:1020700031460B48BDE8704019F0C7BFD0E90232C5
:10208000022110309A4218BF013340F8083C1AF080
:10209000C1F90028ECD186F31188BFF36F8F70BDB2
:1020A00038A5022013B5EFF31181102484F31288B0
:1020B000BFF36F8F846844B1013C846081F3118861
:1020C000BFF36F8F002002B010BD52EA030406D1A7
:1020D00081F31188BFF36F8F6FF00F00F3E7CDE945
:1020E00000230246014800F097FBECE738A50220E8
:1020F000F8B50546EFF31186102383F31288BFF37A
:102100006F8F00272C68A54218D0BCB104F11800CD
:102110000127D4E9003213605A600023227CA360B7
:1021200022F00202C4E90033227419F0F6FF6FF0C6
:102130000A032046E36719F01CFFE3E700230221AE
:1021400005F11000AB601AF065F928B927B986F3DC
:102150001188BFF36F8FF8BD31460248BDE8F840E3
:1021600019F053BF38A502202DE9FF41044610277E
:102170004E4EEFF3118887F31288BFF36F8FD4F8B8
:102180008450F5B9022104F19C0019F023FE0028C7
:1021900068D004F1940500220121284619F084FF3B
:1021A0000028F8D100234FF0FF3241464048029307
:1021B0004FF0FF33CDE9002304F18C0200F036FD2F
:1021C000D7E7D4F888202B689542C4F8843008BF3C
:1021D000C4F88830D4F89C3043F00203C4F89C3033
:1021E000EB6823F0040343F00103EB606B6888F3B2
:1021F0001188BFF36F8F28469847EFF3118887F354
:102200001288BFF36F8FEB68D80623F0010236D433
:10221000EA60EB689A0716D523F002033068EB609A
:1022200088B10368002170B14268954235D10368D6
:1022300069BB72683360904200D17360002340F83C
:10224000083BFFF7F5FED4F89C3023F00203C4F8F6
:102250009C3088F31188BFF36F8FDB0589D400F0C1
:10226000C3FB86E7D4F89C30D9069BD5C4F89C0004
:1022700088F31188BFF36F8F04B0BDE8F08123F0BD
:102280001103EB6005F11000FFF7D2FEC1E70B6010
:102290007368984208BF7160D0E701461BB11A68A5
:1022A00018461346BFE71A46FAE700BFAC6A022099
:1022B00038A50220F8B5C36804460E469A07C3F352
:1022C000400541D45F0741D40B680BB983680B60AC
:1022D000E368D80745BFA368022501253360376846
:1022E00057B31C4B9A68D7F880309A421ED119F028
:1022F000FFFD80F00100C0B2D7F89C30D907C3F3CE
:1023000080021CD5F2B1F8B100232360D7F88830E1
:1023100073B9C7E92144384619F076FDE36843F004
:102320000403E3603368A3602846F8BD0020E3E7B8
:102330001C60C7F88840EEE76FF0150506E06FF007
:10234000120503E01B07DFD56FF00F050023336094
:10235000EAE700BF8C6A02200146014819F095BDEA
:10236000D8530220F0B50446002089B0C4E921000A
:1023700004F18C000E9DC4E9230004F19400C4E92B
:10238000250055B32879002840F2011008BF01202C
:10239000C4F89C0000204FF0FF364FF0FF37009448
:1023A000CDE90330CDE901000D4B2046CDE90667AC
:1023B00000F020F955B1296811B1204619F09EFDB1
:1023C0006B791BB1A38943F00103A381204619F067
:1023D0004BFEC4F8804009B0F0BD0120D8E700BF33
:1023E0006921030837B501900846EFF311841021E5
:1023F00081F31288BFF36F8FC16811F01E0F17D1E0
:1024000053EA020508D101A9FFF754FF84F31188AC
:10241000BFF36F8F03B030BD41F00801103040F8BA
:10242000041C01998161034900F0D8FC0120EDE70B
:102430000020EBE717BE040801460148FFF7D2BFB2
:10244000D8530220F7B50C4616461D460190EFF30F
:102450001187102383F31288BFF36F8F084619F09A
:10246000C4FC55EA060309D101A92046FFF722FF63
:1024700087F31188BFF36F8F03B0F0BDE368324676
:10248000064904F1100043F00803E360019BA362D6
:102490002B4600F0A3FC0120EAE700BF17BE0408AA
:1024A00001460148FFF7CEBFD853022038B5EFF3FD
:1024B0001185102383F31288BFF36F8F0468A04245
:1024C00012D08CB1204619F002FD04F1180019F069
:1024D00024FE00232046E36719F04BFD29460548FA
:1024E00019F093FD002038BD85F31188BFF36F8F7D
:1024F000F8E700BF38A502202DE9F3411C46074646
:102500000D46164652EA040308D16FF00A04084645
:10251000FFF70CFD204602B0BDE8F081EFF3118813
:10252000102383F31288BFF36F8F0846FFF7FEFC7A
:102530003A4641460748CDE9006400F06DF904468B
:102540000028E7D14FF0FF324FF0FF332846FFF766
:102550007BFCDFE738A5022007322DE9F04322F0AB
:10256000070285B00E461F46109900F158037F32CE
:1025700004468181042122F03F0206F140090174E2
:102580003F2AA2F14008C0E916334FF000038360F0
:102590000F98E373A073C4E9063305D883F3118859
:1025A000BFF36F8F084602DFB51820462946CEF7E5
:1025B0009BFA07300E9B314620F00700C4E91998BA
:1025C000E0662D1A029320460D9B2A4601930C9B30
:1025D00000933B46CEF72EFD00236365044B9B68BA
:1025E00003B11B6F2846236705B0BDE8F08300BF29
:1025F0008C6A0220F0B5002587B004460595109D31
:1026000004950F9D03950E9D02950D9D01950C9DC2
:10261000DDE912760095FFF79FFFB6F1FF3F08BF97
:10262000B7F1FF3F05D056EA070305D1204619F060
:102630001BFD204607B0F0BD3A46334604F11800B2
:10264000014900F0CBFBF4E7DBBF0408012303746E
:1026500083810023C0E919330367014B98607047F9
:102660008C6A0220094A6FF00A019368D967084909
:1026700098674B6843F080534B60002383F31188C5
:10268000BFF36F8F9368D86F704700BF8C6A0220CA
:1026900000ED00E070B590F91020037C002A2FDBDC
:1026A000D9062DD11A4C63F07F0322460374E169E9
:1026B00052F8183F934207D1C0E900210860E06159
:1026C0000FE09942F8D01B68002BF5D093F90E600B
:1026D00090F90E50AE42F4DD5968C0E9003108604F
:1026E0005860A569954200D005B9E568A3681A7CD1
:1026F000D20606D1DA897F2A03D9AA690AB96361A9
:1027000070BDAB4202D0284600F0D2FA6561F7E70F
:102710008C6A022038B590F910200146037C002A0B
:1027200004DA03F07F03037419F0EBFB0D4D2A4626
:10273000AB6852F8184F944200D004B9EC688B4251
:1027400007D01A7CD20604D1DA897F2A01D9A2697E
:102750002AB1A34202D0204600F0AAFA23466B61B8
:1027600038BD00BF8C6A0220B3F1FF3F08BFB2F151
:10277000FF3F03D00249183000F030BB704700BF64
:10278000DBBF0408034648B9EFF3058232B9064AB5
:1027900051699268914201D0FFF764BF83F31188B9
:1027A000BFF36F8F704700BF8C6A022038B5184C9A
:1027B000A168E0690B68814214BF1A46002249688B
:1027C0000B605960A368E1692AB9124AC3E9002184
:1027D0000B60E3610AE092F90E5093F90E00854216
:1027E00012DD5168C3E900210B605360A569094BF4
:1027F0009D4200D005B9E568A3689D4202D02846F5
:1028000000F056FA656138BD8A42DED01268DBE717
:102810008C6A0220A46A0220F8B50E4B0C461146C1
:102820000D4A9868DDE906671060EFF31182102207
:1028300082F31288BFF36F8F9D68284619F073FBEF
:10284000284632463B46FFF78FFF2046BDE8F8405A
:10285000FFF708BF8C6A0220B46A0220F8B504466C
:10286000EFF31187102383F31288BFF36F8F037C7C
:1028700049B203F01F02002A0CBF0126002635D101
:1028800003F07F032A4D037419F03BFB037C2A46B7
:10289000817363F07F03037452F8183FE869934231
:1028A00007D1C4E900200460EC610DE09842F8D043
:1028B0001B68002BF5D093F90EC08C45F6DD5968E6
:1028C000C4E900310C605C60AC69944200D004B98A
:1028D000EC68AB689C4202D0204600F0E9F96C61DC
:1028E00087F31188BFF36F8F3046F8BD9B071CD567
:1028F000856819F006FB81732B689D4209D16B68CE
:10290000C4E900531C606C60EAE76A689A42F6D03A
:102910001B68002BF3D093F90E208A42F5DD5A682C
:10292000C4E9003214605C60DAE78173D8E700BF65
:102930008C6A0220034648B9EFF3058232B9064A91
:1029400051699268914201D0FFF78CBE83F31188E0
:10295000BFF36F8F704700BF8C6A0220EFF31181C5
:10296000102383F31288BFF36F8F054B9A68D37BD4
:10297000013BD37381F31188BFF36F8F704700BFA2
:102980008C6A022070B5EFF31186102383F312884E
:10299000BFF36F8F0F4DAB68DA7B0132DA732A46D3
:1029A00052F8184F944200D004B9EC681A7CD20651
:1029B00004D1DA897F2A01D9A2692AB19C4202D0C6
:1029C000204600F075F9234630466B61BDE8704043
:1029D000FFF7D8BE8C6A0220024B03F11802C3E94C
:1029E000062270478C6A022070B5EFF3118610231F
:1029F00083F31288BFF36F8F1A4CA168E0690B68EC
:102A0000814214BF1A46002249680B605960A368CE
:102A1000E1692AB9144AC3E900210B60E3610AE0C5
:102A200092F90E5093F90E00854216DD5168C3E904
:102A300000210B605360A5690B4B9D4200D005B986
:102A4000E568A3689D4202D0284600F031F930467F
:102A50006561BDE87040FFF705BE8A42DAD01268B2
:102A6000D7E700BF8C6A0220A46A0220F8B550EABA
:102A7000010306460C4603D1FFF7B6FF0020F8BD60
:102A8000EFF31187102383F31288BFF36F8F124D7A
:102A9000124BA8681860FFF73DFEA868234632462F
:102AA0000F49183000F09AF9AA6804463846137C9A
:102AB00043F004031374FFF7D5FDAB68D3E90A2391
:102AC000B3F1004F08BF002AD8D119F06AFB201AD1
:102AD00020EAE070D3E700BF8C6A0220B46A0220CB
:102AE000DBBF0408014B9868704700BF8C6A022066
:102AF0002DE9F84304468789EFF31186102383F309
:102B00001288BFF36F8F037C190705D586F31188F0
:102B1000BFF36F8FBDE8F883D90943F008026FD186
:102B20000274A36813B1204619F0F3F904F11800F8
:102B300004F1580819F0F1FAA56DA84511D04FF02D
:102B4000000975B1284619F0E4F905F1180019F0EB
:102B5000E4FA2846C5F87C90FFF79CFDA56DA845D2
:102B6000EFD1DFF8BC80D8F808309C4250D1EFF3A9
:102B70000589B9F1000918BF4FF00109D8F81850BC
:102B8000284A954200D00DB9D8F80C50AB4202D07B
:102B9000284600F08DF82046C8F8145002F0F5FCE5
:102BA000B9F1000F02D02048FFF750FDD8F80830E7
:102BB0009C4230D1EFF305836BBBA289D20711D5BC
:102BC00086F31188BFF36F8F83F31188BFF36F8F84
:102BD0000423184602DFEFF31186102383F31288D3
:102BE000BFF36F8F3046FFF73DFDFB0792D5002303
:102BF00083F31188BFF36F8F0423184602DF89E740
:102C000003F07F0343F00803037419F07AF988E7AF
:102C10004FF00009B2E786F31188BFF36F8FE4E746
:102C20008C6A0220A46A022038530220D3B5DDE961
:102C30000667089CCDE90067FFF7EEFD1CB1034B6A
:102C40009B685B69236002B0D0BD00BF8C6A022024
:102C5000027C034612F01F0210D10A4988420DD0AF
:102C60000949086868B1D9897F2909D893F90E20E4
:102C7000064B1B689A42B8BF00207047002070477F
:102C80001046704738520220B40C0220B86A022065
:102C9000044B0122C01A044BC0105843034B1A5472
:102CA000704700BFB8530220ABAAAAAA38A50220D9
:102CB0000C4B70B50C4D1E7CFFF7CAFF1823044661
:102CC00003FB0655284619F028FA084B00229A55AE
:102CD0003CB1621E28460649D317BDE8704000F09B
:102CE0007DB870BD8C6A0220B853022038A502203E
:102CF000912C030838B5EFF31185102383F3128864
:102D0000BFF36F8F0F4B104A9C681068A04206D12A
:102D1000FFF7CEFF85F31188BFF36F8F38BD002119
:102D20001B7C1160094AD35C002BF3D02046FFF7CF
:102D30008FFF0028EED0237CDB0601D1FFF736FDA4
:102D40002046E5E78C6A0220B46A022038A50220FA
:102D5000024B1868984208BF00207047B80C022048
:102D6000034B1B680BB9D2F7E7BD0020704700BFCB
:102D7000BC6A022030B570B10B4B5B6898420AD038
:102D8000036843B1D3E90421D0E90445121941EBAA
:102D90000501C3E90421D0E9003213605A60002321
:102DA000C0E9003330BD00BFB80C022070B50A493D
:102DB0000246FFF7CDFF034600204D68014603B9E8
:102DC00070BDD3E90446001941EB06019342F7D0E8
:102DD000AB42F5D01B68F2E7B80C0220B3F1FF3F1D
:102DE00008BFB2F1FF3F2DE9F84F0446994615465A
:102DF0001F467AD08160EFF31188102383F3128885
:102E0000BFF36F8FB9F1000FDFF8E4A020DBFFF70D
:102E1000A7FF0135064649F100092D18DAE9002718
:102E200049EBE0734FF00109C4E90453AD1843EBDB
:102E30000707FFF78DFFDFF8BCE00346DEF804A0CC
:102E4000EBB9C4E900EACAF80040CEF8044028E033
:102E5000DAE900126FF001035B1A4FF0FF3161EB0A
:102E600002025B1B62EB0902012B4FF0000972F1B9
:102E70000001BCBF01230022C0E90432D9E7D3E935
:102E8000041CD4E904208A4270EB0C0B24DA891A62
:102E90005A686CEB0000C3E90410C4E90032146006
:102EA0005C60FFF755FF84420ED1134B1B685BB982
:102EB000B9F1000F02D1FFF753FF0646304619F073
:102EC00015F90021D2F7BCFC88F31188BFF36F8F8E
:102ED00028463946BDE8F88F521A60EB0C0053457E
:102EE000C4E90420ADD01B68AAE700252F46EFE710
:102EF000D0530220B80C0220BC6A02202DE9F04712
:102F00000246EFF31185102383F31288BFF36F8F0E
:102F1000DFF89C900026DFF89C800027C9F80000AD
:102F2000FFF716FF4FEAE27ED8E9001350B1D0E96F
:102F3000044CA2427EEB0C0A1BDAA41A6CEB0E06C0
:102F4000C0E9044652184FF0000443EB0E0320463C
:102F5000C9F80040C8E9002319F0C8F82146D2F7A3
:102F60006FFC85F31188BFF36F8FBDE8F047FFF763
:102F7000C1BE611843EBE473C0E90467C8E90013FC
:102F8000FFF7F8FE85F31188BFF36F8F83689847CA
:102F9000EFF31185102383F31288BFF36F8FD9F8F5
:102FA0000020121BC9F80020FFF7D2FEBAE700BFCD
:102FB000BC6A0220D053022010B5EFF31184102315
:102FC00083F31288BFF36F8FFFF7CAFE054A0346EB
:102FD000D2E90001181841EBE37184F31188BFF3C3
:102FE0006F8F10BDD0530220F8B50646EFF311875E
:102FF000102383F31288BFF36F8F026822B187F327
:103000001188BFF36F8FF8BDD0E90A54691C44F1F1
:103010000003022973F1000334D3013D44F1FF346E
:10302000002CBCBF15462C4619F0BFF8013041F109
:103030000001401944EB0101012871F1000149DB55
:1030400019F0B3F801306FF0020341F100014019AB
:1030500044EB010183426FF000438B413FDB19F0E9
:10306000A4F801306FF001024FF0FF3341F100018D
:10307000401944EB0104121A63EB04031A49304669
:10308000FFF7ACFE336B01333363336A6BB187F305
:103090001188BFF36F8F336A30469847EFF311877B
:1030A000102383F31288BFF36F8F334653F8184F02
:1030B0009C42A4D0002CA2D0204618F069FF002327
:1030C000E36787F31188BFF36F8F2046BDE8F840B0
:1030D00018F04FBF6FF001024FF0FF33CEE7002230
:1030E0004FF00043CAE700BFE92F03082DE9F04184
:1030F00005461C4690461F46EFF31186102383F3C6
:103100001288BFF36F8FB4F1FF3F08BFB2F1FF3FEA
:1031100005D186F31188BFF36F8FBDE8F081002CD5
:1031200009DB012A74F10003BCBF0122002412F163
:10313000FF3844F1FF37284618F0EFFF00234246DE
:103140002B633B46DDE90601C5E90A012846024931
:10315000FFF744FEDDE700BFE92F03081423F0B5B5
:1031600003FB01000024144E102701B9F0BD10F834
:10317000073CA0F1140C40F80C4C03F03F03102B5B
:103180000CD826FA03F3DB0708D550F8143C2BB112
:1031900050F8105C2B605D6040E9054482F31188B3
:1031A000BFF36F8FEFF3118287F31288BFF36F8F36
:1031B00001396046D9E700BF160101002DE9F74F3C
:1031C0001D46274B164680469F68012387F86030CE
:1031D00087F8613052EA050307F160020CBF012352
:1031E000002319F051F88146EFF3118B4FF0100ACC
:1031F0008AF31288BFF36F8F97F860404CB901468D
:103200005A464046FFF7AAFF8BF31188BFF36F8F32
:103210000BE0002387F8603056EA050309D18BF3F1
:103220001188BFF36F8F6FF00A04204603B0BDE82A
:10323000F08F0C4A59460C48CDE90065FFF7ECFACF
:103240000446EFF311858AF31288BFF36F8F2A4685
:1032500049464046FFF782FF85F31188D6E700BF55
:103260008C6A0220C00C022039A50220F8B507465E
:103270000C46164618F03CFE08B10020F8BD0D4B78
:103280009B681D6F002DF8D0221DF6D2EFF311843C
:10329000102383F31288BFF36F8F47F00401284691
:1032A000B04784F31188BFF36F8F0028E5D040F852
:1032B000045BE3E78C6A02200146024A0020FFF724
:1032C000D5BF00BFE1510308014802F09DB800BF1F
:1032D00068590508074B07B54FF48062009306490B
:1032E0004FF0FF330548FFF73DF8002003B05DF8CD
:1032F00004FB00BF04E4040880EB0220D853022042
:103300002DE9F04FADF5077D0123002206AC46A95B
:10331000274613F0800F43F30605CA5402F1010259
:103320000CBF00201B2004F8013BB2F5807F80EA2F
:10333000450083EA0003DBB2EBD16448012300229D
:1033400013F0800F43F3060440F8043B02F101023E
:103350000CBF00231B230A2A83EA4403DBB2EFD10C
:103360005B4A63235B4C0E46137015460023012015
:1033700084F8633016F8013FC3F1FF03FB5C4FEAAA
:10338000D31C4CEA430C4FFA8CFECCF3421848EAAB
:10339000CE0883EA0803CCF3C018CCF3811C8EEA74
:1033A000030348EA4E084CEA8E0C83EA080383EADA
:1033B0000C03DBB283F06303E054013005F8013FF6
:1033C000B0F5807FD6D18B7B06A8DFF80CE1FF2417
:1033D00002934B7ADFF804C103934B7B404F049375
:1033E000CB7ADFF800B105933F4BDFF800A10193E2
:1033F000DFF8FC903F4BDFF8DC80009312F8013BD4
:1034000013F0800F43F306050CBF00211B2181EA56
:10341000450103EB0325C9B241EA05254B4000995C
:1034200085EA036341F8043B00914FEA33614BF8AE
:10343000041B4FEA33414FEA33234AF8041B18F8C0
:10344000011B49F8043B00293ED046AB5B5C039965
:103450005918B1FBF4F5C5EB0525491B465C0499E9
:103460005918B1FBF4F5C5EB0525491B029D415CDC
:103470001D44090441EA0621B5FBF4F6C6EB062615
:10348000AD1B455D6940059D2B44B3FBF4F5C5EBD1
:1034900005255B1BC35C1B064B40019941F8043BAF
:1034A00001914FEA33614EF8041B4FEA33414FEA72
:1034B00033234CF8041B47F8043B0F4B93429DD138
:1034C0000DF5077DBDE8F08F0B46E5E7C46A0220E5
:1034D00039A6022039A50220EC720220EC6E0220EF
:1034E000EC6A0220EC820220EC760220EC7E0220C4
:1034F000EC7A0220EC86022039A70220C02AF8B517
:1035000006460D4614464DD0B2F5807F4CD0802A39
:1035100040F0C7800A23644F33603B681BB9FFF754
:10352000EFFE01233B60640933460022294605EB88
:10353000840443F8042F51F8042B8C4243F8042FE1
:10354000F9D133680C2B31D00E2B61D00A2B27D147
:103550003046564DA03656494269103055F8044B56
:1035600050F8087CC2F307237C40CB5C6340140E08
:103570000C5D83EA0443D4B20C5D83EA0463C2F3B6
:1035800007440C5D83EA042350F8044C83606340D5
:103590000468C36063405A40036142618642DBD1E4
:1035A0000020F8BD0C23B6E70E23B4E730463F4CAD
:1035B00006F1C0053E49C269183054F8046B50F852
:1035C000107CC2F307237E40CB5C7340160E8E5DE9
:1035D00083EA0643D6B28E5D83EA0663C2F30746EA
:1035E0008E5D83EA062350F80C6C8360734050F8BC
:1035F000086CC360734050F8046C03617340066844
:10360000436173405A408361C2618542D3D1C7E7A9
:103610003046264DE0362649446A203055F8042BC2
:1036200050F8187CC4F307237A40CB5C50F8087C30
:103630005340220E8A5C83EA0243E2B28A5C83EA48
:103640000263C4F307428A5C83EA022350F8142C15
:103650008360534050F8102CC360534050F80C2C3A
:1036600003615340DAB243618A5C7A401F0ECF5D3A
:1036700082EA0762C3F30727C3F30743CF5DCB5C3E
:1036800082EA072282EA034350F8042C8361534004
:103690000268C36153405C40036244628642BBD10E
:1036A0007EE76FF01F007CE7C06A0220C46A022038
:1036B00039A602202DE9F04F012995B00E4600935E
:1036C00000F255834768D2F800C05568BB00946883
:1036D000D16850F8082B52100344013A303301925C
:1036E00050F827208CEA0202039253F82C2C6A40EF
:1036F000049253F8282C6240059253F8242C4A4037
:103700000692002E40F0A281069D039CCA4FDFF86E
:103710002CC3DFF82CE3DFF82C83DDE9042053F819
:10372000201C029153F8141C079153F8101C0891A7
:1037300053F80C1C53E9079A0991203353F8281CBD
:103740000A9153F8241C0B910199002900F3C280BF
:103750001EB9069D039CDDE90420DFF8E0C2E3B258
:10376000160E029957F823304FEA10685CF826606D
:10377000DFF8CCE27340B34E5CF828805940C5F3C3
:1037800007235EF823305940C0F3074356F823302F
:103790005940D3B257F82330109183EA0803C4F399
:1037A000072883EA09035EF828804FEA156983EA4F
:1037B0000803C5F307485CF82990EDB256F8288055
:1037C00057F8255083EA08035FFA80F8C0F3072012
:1037D00057F828805EF8200088EA0908C2F3072914
:1037E000C2F30742099F5EF8299088EA0A0856F852
:1037F000222088EA0908C4F30749240E119356F8D9
:1038000029905CF82440089E88EA09096540079CD5
:10381000CDF8489065404540180E55408A4A145CE2
:10382000C8B21395105C704080EA0460C5F30724A9
:10383000145D80EA0420C9F30744145D80EA044063
:103840004FEA19640C90165DDCB2145D7C4084EA8A
:103850000664C1F30726965D84EA0624C5F307468D
:10386000965D0A9F84EA06442E0EEDB20D9412F87E
:1038700006C05FFA89F6C9F30729965D7E40C3F357
:103880000727C3F30743D75D86EA0C66D35C86EA55
:103890000726C1F30747090ED75D86EA0746575C3E
:1038A000515D0B9D0E96694012F80950009A81EA0D
:1038B0000761106081EA05215460966081EA034344
:1038C0000F930CA82021D36000F016FD002015B046
:1038D000BDE8F08FE6B202994FEA126B57F8266006
:1038E0005CF82BB086EA0B064FEA106B4E40C5F32E
:1038F00007215CF82BB05EF821104E40C0F3074161
:1039000058F821104E40D1B257F8211081EA0B012E
:103910004FEA156B81EA0901C4F307295CF82BB063
:103920005EF8299081EA0901C5F30749EDB258F81C
:10393000299057F8255081EA09015FFA80F9C0F310
:10394000072057F829905EF8200089EA0B090291B8
:1039500089EA0A09C2F3072AC2F307425EF82AA0DD
:1039600058F8222089EA0A09C4F3074A240E58F8B5
:103970002AA05CF8244089EA0A0A6540079C654051
:103980004540F0B255400A0E57F820404FEA1A6001
:103990005CF822204FEA15695CF820005440089A30
:1039A0005CF829905440C5F307225EF82220544069
:1039B000CAF3074258F8222054409DF8082057F8CF
:1039C0002220424009984240C6F307205EF82000BA
:1039D0004240C5F30740EDB258F8200042405FFA7C
:1039E0008AF0CAF3072A57F820000A9980EA0900EA
:1039F00057F8255048400299C1F307290B995EF802
:103A0000299080EA0900C6F30749360E58F8299034
:103A10005CF8266080EA090075405EF82A604D4037
:103A20000299C1F307417540012658F821104D4015
:103A300001990139019172E6EC760220EC6A0220CC
:103A4000EC720220EC6E022039A502201446039984
:103A50000026C84FDFF820C3DFF820E3DFF820831B
:103A6000DDE9042053F8205C029553F8145C0795B7
:103A700053F8105C089553F80C5C53E9079A0995C4
:103A8000203353F8285C0A9553F8245C0B95019D6C
:103A9000002D00F3BA801EB9069C0399DDE90420CD
:103AA000DFF8D4C2CBB2260E029D57F823304FEA7E
:103AB00011685CF82660DFF8C4E27340B04E5CF831
:103AC00028805D40C2F307235EF823305D40C0F3D9
:103AD000074356F823305D40D3B257F82330109592
:103AE00083EA0803C0F3072883EA09035EF8288005
:103AF0004FEA1269C2F3074283EA0803C4F3074896
:103B00005CF8299056F8288056F8222083EA0803AA
:103B10005FFA80F8000E57F828805CF8200088EAE9
:103B20000908C4F30729E4B211935EF8299088EAE2
:103B30000A0857F8244088EA0908C1F307494440B5
:103B4000C1F3072107985EF821104440E8B256F807
:103B500029904C40089E88EA0909099F5440894AE7
:103B6000CDF84890105C210E1394515C7040DEB289
:103B700080EA0160C3F30721965D515C7E405FFAE5
:103B800089F780EA0120C9F30741515C80EA0140CE
:103B9000290E0C90515C86EA0166C9F307214FEAB1
:103BA0001969515C86EA0126C4F30741515CD75D6F
:103BB00086EA0146190EC3F307430D9612F801C0B9
:103BC0000A99D35C4F40C4F30721E4B2515C87EA01
:103BD0000C6712F809C087EA0127C5F30741C5F34E
:103BE0000725515C87EA0147115D0B9C0E976140E8
:103BF000545D009A81EA0C61106081EA04215660EC
:103C0000976081EA03430F935BE6CEB2029D4FEAD1
:103C1000146B57F826605CF82BB086EA0B064FEA67
:103C2000116B6E40C2F307255CF82BB05EF825508F
:103C30006E40C0F3074558F825506E40D5B257F88E
:103C4000255085EA0B054FEA126BC2F3074285EA5D
:103C50000905C0F307295CF82BB05EF8299058F8E5
:103C6000222085EA0905C4F3074958F8299085EA16
:103C700009055FFA80F9000E57F829905CF82000DA
:103C800089EA0B09029589EA0A09C4F3072AE4B212
:103C90005EF82AA057F8244089EA0A09C1F3074AC6
:103CA0004440C1F3072107985EF82110444058F8BA
:103CB0002AA0300E4C40F1B289EA0A0A5CF82000D2
:103CC000544057F821104FEA1569220E5CF82990EC
:103CD0005CF822205140089A5140C5F307225EF853
:103CE00022205140CAF3074258F8222051409DF843
:103CF000082057F82220424009984240CAF3072082
:103D00005EF820004240C4F3074058F820004240CB
:103D10005FFA8AF04FEA1A6A57F820000A9D80EA93
:103D20000900C4F30729E4B268405EF8299057F807
:103D3000244080EA0900C6F307490B9DC6F3072615
:103D400058F829905EF8266080EA09005CF82A900D
:103D500084EA09046C40029DC5F3074574400126BE
:103D600058F825506C40019D013D01957AE66FF0B1
:103D70008600ACE5EC860220EC7A0220EC82022080
:103D8000EC7E022039A602202DE9F04FCFB0044688
:103D900000F1480300F1680646AD03911868083346
:103DA00053F8041C2A46B34203C21546F6D104AAAE
:103DB0004FF0000CD2F824B1D2F81851D2E9448364
:103DC000D2E9479701933D4BD2E942160293BCF1E9
:103DD0000F0F5BD8039B53F82C301BBA4FEAF52E1C
:103DE00087EA0900DDF808A00CF1010C8EEAB51E87
:103DF00028409360BCF1400F8EEA756E80EA0700A0
:103E000002F1040270445AF804EB70444FEA713E28
:103E1000CDF808A006EA010A034446EA01008EEA4A
:103E2000B10E00EA08005B448EEAB15EBB4640EA90
:103E30000A00DDF804A0CDF8048086449A44734457
:103E40001DD104A8C0E94231C0E9003E45A904F1F2
:103E500044036434C0E94897C0E946A5C0E9446812
:103E600053F8042F51F8045F9C422A441A60F7D19A
:103E70004FF4947100F040FA4FB0BDE8F08FB046B7
:103E80004F460E46A94619465546A0E7136852F814
:103E900034AC4FEAF34E52F8380C8EEA734E8EEA89
:103EA000932E52F8143C03444FEABA4080EAFA10C9
:103EB000734480EADA00034490E700BF10E404088A
:103EC00003460846C1B90E4ADFF838C0C3E91011ED
:103ED0000D49C3E912120D4A0D49C3E914C20D4A36
:103EE000C3E916120C4A1A6602F17452A2F52302B3
:103EF000A2F692425A6670476FF08600704700BF84
:103F000085AE67BB72F36E3C67E6096A3AF54FA56A
:103F10007F520E518C68059BABD9831FF0B50646C6
:103F20009BB00F4615461C464BBB684618F0A3FADB
:103F3000144A154B15491648CDE91223154B3A463C
:103F4000CDE91413144B3146CDE91603134B6846E3
:103F5000189303F17453A3F52303A3F69243CDE919
:103F60001044199318F090FA2946684618F0CCFAD4
:103F70006821684600F0C0F920461BB0F0BD6FF024
:103F80008604F9E767E6096A85AE67BB72F36E3CA3
:103F90007F520E513AF54FA58C68059BABD9831F14
:103FA0000928024818BF0020704700BFCD5D0508F2
:103FB000016803460D4A914215D1A2F11022C16950
:103FC000A2F1EF1291420ED18268012A0BD8C26889
:103FD00012B101698A4206D0586928B19B691B1A3F
:103FE0005842584170470120704700BF55AA00FF52
:103FF0000E4B70B59E68B6B13046FFF7D9FF044648
:1040000018B9F3687BB935690DB9204670BD2846EB
:10401000FFF7CEFF28B9EB68B34204D12E462D69D5
:10402000F2E70446F1E70124EFE700BFEC8A022043
:104030002DE9F8433F4E3468D4B1B468C4B10028C8
:1040400075D0002973D001FB00F5B5FBF0F0884274
:104050006DD1281D6BD8A9070DD025F003070437B3
:10406000F46803E06368BB4207D2A469002CF9D16D
:104070002046BDE8F8832F46F2E7A3681BB12E4B1C
:1040800001201B689847626804F12008D21B232A8C
:104090001FD80123A360D4E90523C2B19361A369AA
:1040A0000BB162695A610023C4E905333369DA0749
:1040B00006D5FFF79DFF18B11F4B01201B689847DD
:1040C0002A4600214046444618F096FED0E7F360A9
:1040D000E5E707F12001203A184863185A600022EA
:1040E000C3E9022422691A6160501549D96102B1FD
:1040F000D36062695A61A1699961B2B193619A69A9
:1041000002B1536123614FF001090023C4E9017931
:10411000C4E905333369DB07D2D5FFF769FF00280F
:10412000CED0054B48461B68C9E7F360E7E700249B
:104130009EE700BFEC8A0220C80C022055AA00FFAF
:10414000669911EE70B50546002800F08480424E55
:104150003368002B7FD0B268002A7CD0834203D81A
:1041600072681344984203D33C4B01201B68984764
:10417000A5F120042046FFF71BFF18B1374B0120A3
:104180001B68984755F8183C012B03D0334B01208E
:104190001B689847002255F8143C45F8182CC3B109
:1041A0009968002942D155F81C2C02F120015A6867
:1041B0000A445A6055E905321A6155F8145C2B69B6
:1041C00003B1DD6020462022002118F015FE2346B1
:1041D0002C462069002836D08268002A33D16368D3
:1041E000426820331344636003692361D4E90523E3
:1041F000F2B923BB436963618269A2610BB39C611D
:10420000A36903B15C61236903B1DC602022002152
:1042100018F0F2FD33699B071DD5FFF7E9FED0B119
:104220000E4B01201B68BDE8704018471346D0E7CD
:104230009361A369002BDDD062695A61DAE7F3600C
:10424000F7E7F460DCE7002BE4D1F368A36103B186
:104250005C61F460DEE770BDEC8A0220C80C0220CD
:1042600038B514220C4605460021144818F0C4FD48
:104270001349144800F036F8232C1DD915F0030318
:104280004FF000011FBF043CE418C3F10403ED1814
:104290002246284618F0B0FD084B0B499D60C3E943
:1042A0000054203C6C609A681160A1F110219A685A
:1042B000A1F1EF11DA60D16138BD00BFEC8A0220B4
:1042C000454103083140030855AA00FF014B1B6814
:1042D000184700BFD00C0220014B1B68184700BFD5
:1042E000CC0C0220024B18600020024B1960704772
:1042F000D00C0220CC0C022010B50A46044619B19D
:10430000024B00211B68984710BD00BF10E5040850
:1043100010B5124C2378580744BF03F0FB032370F9
:10432000990705D500F088F8237823F0020323705D
:1043300063782BB10A4818F02BFDA3680948984709
:104340000023B02108486370FFF7D6FF2378DA070F
:1043500044BF23F00103237010BD00BF008B022077
:10436000708B02200C8B0220048B022030B5274C6E
:1043700085B062782378022A01D1072B3ED0DD0771
:104380005CBF43F001032370980708D400F04CF899
:104390002378054643F002032370002832D1627867
:1043A00032BBD90724D563680BB9194B6360A26887
:1043B0000AB9184AA26018489847184818F0EBFB49
:1043C000012309206370164B0393FFF7E9FD0323D4
:1043D0000146144A019303AB00930F4B03F16400B1
:1043E00018F09BFC18F02FFA054658B902236370A9
:1043F00023785A075CBF43F0040323700025284646
:1044000005B030BDFFF784FFF9E700BF008B022045
:104410006D44030821CA04080C8B0220708B022013
:10442000505341006DCA0408024B0122002083F85A
:1044300080227047B48B02202DE9F0410A4C002500
:104440004FF001080327264601352046C4F81C809A
:10445000283404F8107C18F04AFA102DF4D1002307
:1044600086F88032BDE8F081B48B022037B5002594
:10447000044650221430294640F8045C18F0BCFC75
:104480002046E56018F089F801232A460349009385
:104490002023204618F0D7FA03B030BD71CB0408B2
:1044A00010B583789B06044612D5436983B19847BB
:1044B000002812DBA37823F00803A3704FF0000359
:1044C000D4E85F2FC4E8513F0029F9D1002010BD86
:1044D000CCF774FE024B1D221A504FF0FF30F6E766
:1044E0000C000000F8B50E4B1D68AB789B07064624
:1044F00012D56F6816F8014B29462CB90A20B84727
:10450000002805DB204609E02046B8470028F1DAFC
:10451000AB7843F00403AB704FF0FF30F8BD00BF41
:10452000CCDC040810B50378722B024607D0772B39
:104530000CD0612B0DD140F24143022001E0002359
:10454000012012F8014F5CB90B6008E040F24123F2
:10455000F3E7CCF733FE064B16221A50002010BDAD
:104560002B2C02BF23F0030343F002030320E8E7F0
:104570000C0000000CB430B58BB004460D46202270
:10458000002102A818F038FC02238DF80A30002D13
:104590000C4B0393069412DB01D06B1E1C440FAA34
:1045A0000E99079402A8019200F032F815B1069B0B
:1045B00000221A700BB0BDE8304002B070470024F2
:1045C000EDE700BFAFD004080EB470B58BB00FADEF
:1045D000044655F8046B2022002102A818F00CFCB8
:1045E00002238DF80A302A46084B0393314602A86D
:1045F0000694019500F00CF80028A4BF0023235472
:104600000BB0BDE8704003B0704700BFAFD00408E6
:104610002DE9F04F8BB04368009383789C07804668
:10462000924640F1F98000250878002800F0F680D5
:1046300025280AD04B1C019301354146009B984721
:104640000028C0F2E3800199EEE74E788B1C252EFE
:104650000193F1D00027B9463C460A221F2C22D8EC
:10466000A6F12003102B20D8DFE803F0141F1F1A37
:104670001F1F1F0B1F1F1F121F171F1F090044F0B2
:104680000104019B13F8016B0193002EE6D13AE07F
:1046900044F0020444F00404F3E744F00804F0E7B3
:1046A00044F01004EDE77F2C24D8A6F13003092B49
:1046B00008D860064EBF02FB073702FB093944F0F9
:1046C0002004DEE72A2E0DD161065AF8043B53D4AC
:1046D000002BA7BF44F020049946C3F1000944F021
:1046E0002804CEE72E2E05D1630600F1978044F012
:1046F0004004C6E76C2E2ED028D8682E32D06A2E01
:1047000037D04C2E35D0002F46F02003B8BF24F010
:104710004004A3F16502BCBFA4B20027022A01D95C
:10472000612B2BD10AF1070A2AF0070A9C4E0AF1E5
:10473000080A0727210760D506EB070B34465C45BE
:104740005DD1AE1BA219A9EB070959E1742E98D0CF
:104750007A2E96D0D7E7260648BF44F4007444F07A
:1047600080048EE7E00548BF44F4007444F480748C
:1047700087E744F4207484E71F4682E7A6F16302CA
:10478000122A00F2D880DFE812F013004D00D600A4
:10479000D600D600D6004D00D600D600D600D600F2
:1047A000D600E800D100D600D6001A00D600A0003E
:1047B0005AF8043B8DF81030012704AEBAE75AF8D6
:1047C000046B784B002E08BF1E4614F0400F14BF38
:1047D00039464FF0FF31304618F061FB0746A9E734
:1047E000009B41462020984700280FDB013CA74250
:1047F000F6D34D442D1BA1469EE74C46F7E714F82F
:10480000010B009B41469847002898DA98F802303F
:1048100043F0040388F802304FF0FF3528460BB010
:10482000BDE8F08F220630D5A3052AD50AF1070A84
:104830002AF007039A4659685AF8080B24F0100B1F
:1048400000291FFA8BFB2FDA404261EB41014BF448
:10485000806B04AC0A23224618F0AFFB1BF0400F1C
:10486000A0EB040200F08E802BF001049742A4B26A
:1048700040F38F80002E40F08E802BF01104A4B204
:104880001DE05AF8040BC117D8E7E0055AF8041BDD
:1048900001D40846F7E7A2054BBF48B208B241F37E
:1048A000C01141F3C031C9E750EA0103D1D1630619
:1048B000CFD5002FCDD124F01104A4B23A463B4607
:1048C00040F206410C4262D124E024F01004A4B26C
:1048D0000A2314F0800243D014F400711FBF0AF1C0
:1048E000070A2AF007029246516814BF5AF8080BCB
:1048F0005AF8040B50EA01023ED124F0160B62066E
:104900001FFA8BFB3CD5002F3AD124F01704A4B238
:104910003A463B4621075AD4E10705D5994572DD51
:10492000A9EB03039F184B469B464AE044F0100452
:1049300010237826CDE7782B04D1C6F1780343F015
:104940001003C6E7009B4146252098470028FFF644
:104950005DAF02354146304670E608230026B8E7D1
:1049600014F480715AF8040BC4D014F400711ABF07
:10497000C0B2114680B2BDE724F006041FFA84FBE2
:1049800004AC68E713465C46E10699D52EB90133BD
:10499000C0E71346F8E73B46F6E70233BAE700BF45
:1049A000B6590508AF590508CDE902324146009BCA
:1049B000202098470028FFF629AFDDE902320BF1ED
:1049C000010BD945F0DCEB1A03EB0B055B46E10666
:1049D00027D5CDE902324146009B30209847002878
:1049E000FFF614AFDDE902327EB901352F44791BA1
:1049F0008A4229DB144604AE9CBB2A44A9EB030976
:104A00001546914442E017468EE7CDE90232023561
:104A100041463046009B98470028DDE90232E5DA3E
:104A2000F4E640F206410C42E0D014F0020F14BF4D
:104A30002B20202014F4806FCDE9023205F101050E
:104A4000414618BF2D20E5E7CDE902324146009BE3
:104A5000302098470028DDE9023205F10105C6DA69
:104A6000D4E6013CCDE90232305D009B41469847D7
:104A70000028DDE90232BFDAC8E6009B414620206B
:104A80009847002805F10105FFF6C0AEA9EB050324
:104A9000002BF2DCD7E500BFF0B589B004460D4627
:104AA00016460021202268461F4618F0A5F9022369
:104AB0008DF80230002D0A4B019304940EDB01D0D7
:104AC0006B1E1C443A46314668460594FFF7A0FD2C
:104AD00015B1049B00221A7009B0F0BD0024F1E763
:104AE000AFD0040838B5044C044DAC4200D138BDF9
:104AF00054F8043D9847F8E700000000000000006B
:104B000073B50646084601A9FFF70CFD054648B1F6
:104B10004FF413710120CCF73DFD044628B930460F
:104B200002F092FF002002B070BD154B4360154BA0
:104B30008360154BC360154B0361154B4361154BE7
:104B4000C0E90636042380F8213000F14C0383626B
:104B50004FF40073C362104B8363104BC363104B5D
:104B60000364104B4364019B45F070055B05857041
:104B700003D50222002100F017F82046D3E700BF3A
:104B80009FD10408ED4B030869D10408E9D2040859
:104B9000EFD1040855D204084F7A0308557A030868
:104BA0005B7A0308497A030810B583789B060446AC
:104BB00012D5436983B19847002812DBA37823F00C
:104BC0000803A3704FF00003D4E85F2FC4E8513FFF
:104BD0000029F9D1002010BDCCF7F0FA024B1D22BC
:104BE0001A504FF0FF30F6E70C00000038B50446CD
:104BF00018F065FA0121204618F0C3FA013019D0E7
:104C0000D4E90C329A4220DB164B23B3164D15B370
:104C10001B689C421FD1A06C00F0F4FC286818F0BF
:104C200087FB204618F04BFA0121204618F0A9FA1C
:104C3000013006D14FF0FF35A06C00F0E3FC2846B0
:104C400038BDD4E90C329A4205DA636BA26A591C6A
:104C50006163D55CF0E7204618F06DFA0546002840
:104C6000F3D0E9E7D0DC0408CCDC040870478368A3
:104C700000EBC101B3F5004F2CBF51F8220031F811
:104C80001200704700EBC1018068B0F5004F2CBFE7
:104C900041F8223021F812307047012208B5FFF7A1
:104CA000E6FFD04008BD836800EBC101B3F5004FBB
:104CB00008D34B681AB143F001034B60704723F0EF
:104CC0000103FAE74B881AB143F001034B807047A8
:104CD00023F00103FAE753000122FFF7D3BF08B521
:104CE0008368B3F5004F06D3FFF7D7FF01288CBFC9
:104CF0000020012008BD0020FCE78368B3F5004FC9
:104D000034BF04230823C91A081AC00870478368EF
:104D1000B3F5004F28BF0139B1FA81F0C0F11F008F
:104D200070472DE9F0410E46174603220446FFF76F
:104D30009EFF8642054607F104080AD10122E36876
:104D4000BA4023EA0203E360002344F82830BDE8B8
:104D5000F081314602222046FFF789FF06462B46A6
:104D600001460322204644F82850FFF78BFF3346C4
:104D7000294620460222BDE8F041FFF783BF38B53F
:104D800004460D46FFF7ABFF70B929462046FFF7F2
:104D900084FF01462046FFF7BAFF29460246204617
:104DA000BDE83840FFF7BDBF38BD2DE9F0470546E7
:104DB0008946FFF7ACFF064605EB800ADAF810706B
:104DC00077B901364FF0FF34EB68B4401C4015D082
:104DD00094FAA4F2B2FA82F2131D55F8234009E0C6
:104DE0003C464FF0030821462846FFF756FF48454A
:104DF00007D3324621462846FFF793FF2046BDE8F9
:104E0000F087214603222846FFF731FFB8F1010859
:104E10000446CAF81000D4D08742E4D1D1E72DE986
:104E2000F04114460E460546FFF737FF371BA4EB4B
:104E300006083146074442462846FFF74CFF3A46EB
:104E400021462846FFF747FF4346002221462846D1
:104E5000FFF718FF21462846FFF71FFF3B462118A2
:104E600000222846BDE8F041FFF70CBF2DE9F041D4
:104E7000164604460F46FFF710FF0546314620460A
:104E8000FFF70BFF0544394620462A46FFF723FF6C
:104E900031462046FFF701FF2B46311800222046FD
:104EA000BDE8F041FFF7EEBE2DE9F04104460D46A6
:104EB000FFF715FFB8BB29462046FFF7EEFE014677
:104EC0002046FFF724FF04EB80010E6996B901220A
:104ED000E3688240204613430222E3602B460D61C3
:104EE0002946FFF7CFFE032229462046BDE8F041C0
:104EF000FFF7C8BE022231462046FFF7B8FE29461A
:104F0000034607462046FFF7BDFE032233462946E7
:104F10002046FFF7B7FE39462B462046FFF7B2FE84
:104F200002223146E1E7BDE8F0812DE9F84305466C
:104F30000C46FFF7E2FE0646AB68B3F5004F38BFFC
:104F4000211F02F007042CBF002101F007010734E4
:104F5000B3F5004F0C44314634BF0420082004440C
:104F60002846E40804EBD20401229C4228BF1C46D8
:104F7000FFF77DFE104006D180F31188BFF36F8FDD
:104F80000423184602DF31462846FFF786FE37180D
:104F9000002228463946FFF76AFE3F1ABE4206D075
:104FA00082F31188BFF36F8F0423184602DF314666
:104FB0002846FFF772FE8442074623D027D23444A6
:104FC000314628462246FFF72AFF0122314628466D
:104FD000FFF769FE2146FFF760FE261801222846EA
:104FE0003146FFF744FEC30708D431462846FFF791
:104FF000C6FE324621462846FFF738FF214628469E
:10500000FFF752FF4FF001084046BDE8F88306EB7A
:105010000009012228464946FFF729FE10EA020846
:1050200026D149462846FFF738FE38448442EBD85B
:1050300049462846E71BFFF7A2FE49462846FFF7E8
:105040002CFE874209D23444494628462246FFF7BF
:10505000E6FE21462846FFF727FF4A463146284606
:10506000FFF704FF012231462846FFF71CFEC9E77F
:105070004FF00008C8E770B500295CD00568012230
:105080002846FFF73AFE014604462846FFF7EFFDA3
:10509000104006D180F31188BFF36F8F04231846A8
:1050A00002DF21462846FFF7F8FD26180022284691
:1050B0003146FFF7DCFD361AB44206D082F3118880
:1050C000BFF36F8F0423184602DF002221462846D3
:1050D000FFF7E9FD2146FFF7E0FD261801222846EB
:1050E0003146FFF7C4FDC20708D431462846FFF712
:1050F00046FE324621462846FFF7B8FE00222146EA
:105100002846FFF7B4FD261A012228463146FFF74C
:10511000AEFDC30709D431462846FFF730FE2246CC
:10512000344631462846FFF7A1FE21462846BDE811
:105130007040FFF7B9BE70BD38B505680C4628460B
:10514000FFF7DBFD01462846FFF7A7FDAB68C0006F
:10515000B3F5004F33BF211F08380021043838BF92
:1051600001F00701401A38BD70B5056809B9002083
:1051700070BDAB6801F007042846B3F5004F04F199
:10518000070434BF042208221444E40804EBD104C9
:105190009C4228BF1C462146FFF707FE0646002812
:1051A000E5D001462846FFF778FDA04209D93444EE
:1051B000314628462246FFF732FE21462846FFF7B1
:1051C00073FE284601223146FFF76DFDAB68B3F54B
:1051D000004F34BF0423082303EBC6031844C7E77A
:1051E0001146FFF7C1BF2DE9F8434B42066814464C
:1051F00003EA010731EA0303B2680ED0B2F5004FAB
:10520000B9462CBF08230423BB4228BF3B46CF1B13
:1052100094B900252846BDE8F883B2F5004F34BFA5
:1052200004230823994204D82146BDE8F843FFF738
:105230009BBF4FF00009EBE7FB1AE10804F0070001
:10524000B2F5004F01EBD30103F0070300F10700B3
:1052500034BF04250825034430462B4401EBD30119
:10526000914228BF1146FFF7A0FD80460028D0D00C
:10527000B36809EBC0053046B3F5004F34BF0423D3
:1052800008231D447B1E35441D44B5FBF7F57D43C3
:10529000A5EB09052C442946FFF72FFD804504F1B5
:1052A0000704074624F00704A4EB06044FEAE404CD
:1052B00008D2024641463046FFF7B1FD414630462E
:1052C000FFF7F2FD39463046FFF7E7FC38448442E9
:1052D00008D2394630462246FFF7A1FD2146304626
:1052E000FFF7E2FD012239463046FFF7DCFC91E78B
:1052F000F8B5064617461D460C4629B91A463946E2
:10530000BDE8F840FFF76FBF23B92C46FFF7B3FEA7
:105310002046F8BD5AB1531E194208D039462A46D4
:105320003046FFF760FF074648B93C46F0E72A469B
:1053300021463068FFF7F9FD0028EFD0E8E7214665
:105340003046FFF7F9FE85422A46214628BF02462D
:10535000384617F02AFD21463046FFF78CFEE4E779
:10536000B2F5802F34BF04230823D21A2DE9F0416F
:105370008C18CD1D002625F0070524F00704641BBA
:1053800005602846EE60E4082146AC60FFF7BFFCEC
:105390003146820005F1100002F11B07043217F0BC
:1053A0002BFD3146FF0828463A46A4EB0708FFF7D5
:1053B00092FC3346324631462846FFF763FC2846C6
:1053C00031460122FFF76FFC42463946FFF783FC66
:1053D0003B46324639462846FFF754FC21462846CC
:1053E000FFF779FC4346324621462846FFF74AFC40
:1053F000214628460122FFF756FC3946BDE8F04118
:10540000FFF752BD002070470FB407B504A951F84B
:10541000040B0191CBF77EFA03B05DF804EB04B006
:105420007047704708B516F0C0FE0A220023CAF77D
:1054300077FF08BD82B00A210190019820EAE07050
:10544000A0FB010102B016F0F6BDF0B51E464368A0
:1054500001204FF0030E5C68C2F38013884002F015
:10546000300567688B40202D27EA000743EA0703D1
:1054700090FAA0F7B7FA87F76360D4F808C0C2F3D0
:10548000C1134FEA4707C2F341220EFA07F72CEA8D
:10549000070C90FAA0F7B7FA87F74FEA470703FA25
:1054A00007F343EA0C03A36090FAA0F3B3FA83F383
:1054B000E7684FEA43030EFA03F327EA030790FA7B
:1054C000A0F3B3FA83F34FEA430302FA03F242EA8A
:1054D0000702E26016D107292CD8226A90FAA0F3BD
:1054E00033B3B3FA83F39B000F2101FA03F322EAEB
:1054F000030290FAA0F3B3FA83F39B0006FA03F3D6
:105500001343236290FAA0F3B3FA83F3032190FAD2
:10551000A0F05B00B0FA80F022682D0901FA03F3D5
:10552000400022EA0303854000201D432560F0BDB2
:105530002B46D8E7030A616A93FAA3F282B1B2FA62
:1055400082F292000F2793FAA3F3B3FA83F307FAD8
:1055500002F29B0021EA02029E4016436662D1E7F6
:105560002A46EEE717F048BC17F01FBC014600685A
:10557000CBF786BA08B5CBF7B3FABDE80840CBF74E
:10558000A9BD00210120CBF77BBA6FF085007047E1
:1055900061B662B680F31188BFF36F8F704772B641
:1055A000002383F31188BFF36F8FBFF34F8F30BF9A
:1055B00062B6BFF36F8F7047202809D9B0F1004F52
:1055C00008D80138B0FA80F0C0F11F0040007047E1
:1055D000082070473E20704710B504461420CBF7D2
:1055E00095FF2060BDE8104016F0F9BAFFF7F4BF50
:1055F000CBF7C2BF4FF0FF324FF0FF33FCF724BCB4
:10560000FFF7F8BFFCF792BC08B5CBF749FF0020C5
:1056100008BD7047416A8968CCF714B8034618463C
:105620005B68002BFBD17047426810B52AB10B466E
:105630001C465B68002BFBD16260416010BD836833
:105640000B44036070478388026819448180D01836
:10565000704782880346521A8280006808441860A6
:10566000704703688268C0889B1AC01A80B270476E
:105670000CB4034607B504AA0846DB6852F8041BBD
:105680000192984703B05DF804EB02B07047FCF755
:10569000DBBBFCF74BBCCCF78DB80A4601460020BB
:1056A00008B5CCF7A9F908BDFCF7CEBBFCF73EBCAA
:1056B000CCF72EB9013801288CBF0020012070479B
:1056C00038B503461446084601B10AB9002038BD72
:1056D0001A8E012A0CD0022A0CD11825226803F157
:1056E0003001AA4228BF2A4617F05FFB2560EDE78C
:1056F0000825F3E76FF08500E9E7FCF7D7BEF8B5BA
:10570000B0F89660044600F17007C6F34106002227
:1057100000233846FCF75AFC054640B9384616F0D7
:10572000FBFA04F18800BDE8F840FFF7E6BF032E5E
:1057300005D1FFF7E4FF2846CEF7F6FAE7E701F0D8
:1057400098F8E4E72DE9F04F154689B081461A46EE
:105750000E4621B1FDB92F464FF0FF3B04E0002D6E
:10576000F9D00F46D5F800B002F002034FF0000860
:1057700009F1700A0193CDF80880BBF1000F04D045
:10578000504616F00FFB044638B9002F54D102984A
:1057900009B0BDE8F08F0127E4E78045F5D0B8F106
:1057A000000F08BF804601F07DF983455A460299F3
:1057B000034628BF024611440291ABEB020105915A
:1057C000BFB102B3019919B1E16804912169039154
:1057D00031682046CDE9062301F00AF93168069ABE
:1057E000079B1144019A316082B1049BE360039BE3
:1057F0002361002200235046FCF7E8FB0146504697
:1058000016F0BBFA15E0019A002AF2D19B4510D39D
:10581000002300225046FCF7D9FB90F832309B075A
:1058200042BFD9F86C3043F00103C9F86C3001F085
:1058300020F8DDF814B0A0E7C5F800B0A7E770B510
:10584000C36E04460D46049EDB0704D50846BDE83A
:10585000704001F00EB8D0F8900028B14FF0FF3240
:105860004FF0FF33FCF7F0FA002E05DAE36E7642D4
:1058700043F004036660E36604F17006E5B9304660
:1058800016F094FA88B9E36E43F00103E3663046FC
:1058900016F042FA04F18800FFF72FFFD4F89000C9
:1058A000A8B1BDE87040FCF741BB90F8323043F03E
:1058B000020380F83230EDE795F832302946304661
:1058C00023F0020385F8323016F057FAE2E770BD94
:1058D000002910B504460EDAC36E494243F00403B2
:1058E0004160C366703016F017FA04F18800BDE815
:1058F0001040FFF702BF10BDCCF7E8BACCF712BBDF
:10590000CCF744BBCCF76ABBCCF7DABBCCF702BC14
:10591000002307B5CDE90033CCF7FCFB03B05DF8FD
:1059200004FBCCF77BBC10B5D0F8902004460B46A6
:1059300092B1026F0AB1002010BDD0F89010D3E9E7
:1059400000238830FCF7D8FD0028F5DBE36E5B0709
:10595000F1D560684042EFE76FF01500ECE7CCF757
:10596000B7BCCCF703BF002307B5CDE90033CCF7B4
:10597000FDFE03B05DF804FBCCF726BFCCF760BF9B
:10598000CCF7C0BF08B5CDF74BF84FF0FF3008BDDE
:105990006FF05E0070476FF05E0070476FF05E0062
:1059A0007047CCF793BA02290FD003290FD150BA10
:1059B00080B250B1032808D048F6A403984204D01E
:1059C000A0F1F6035842584170470120704700206B
:1059D000704738B5044600F1700599B9284616F0AD
:1059E000E5F940B9E36E43F00103E3662846BDE8FC
:1059F000384016F091B990F8323043F0020380F845
:105A0000323038BD91F83220284622F00202BDE83B
:105A1000384081F8322016F0B0B910B513465278EC
:105A20000C469AB19978FF2911D1DA78FF2A10D162
:105A30001A79FF2A0DD15A79FF2A0AD19A79FF2AB9
:105A400007D1DB79FF2B04D10123A37210BDC90755
:105A500001D50223F9E7006838B1417C8A4204D1BC
:105A6000991C123017F0D7F908B10023EDE7032392
:105A7000EBE7CDF775B8CDF7B5B8CDF7E7B80023AC
:105A800007B5CDE90033CDF7E1F803B05DF804FBCD
:105A9000CDF7D6B9CDF7EEB910B1006800B1806886
:105AA000704710B1006800B10068704710B5FFF78B
:105AB000F8FF836823B1DB6813B1BDE810401847D5
:105AC000002010BD10B5FFF7ECFF83683BB121B992
:105AD0009B683BB1BDE8104018475B68F9E76FF081
:105AE000010010BD1846FCE708B5FFF7D5FF007EA2
:105AF00008BD10B503690446FBB1BFF35B8F50F8D6
:105B0000043CBFF35B8F427D03F0010302F001010F
:105B1000994212D063F300024275006933B1CDF7A8
:105B200033FC2069BDE8104000F0B6B9CDF73AFC6F
:105B30002069BDE8104000F0C3B910BD08B5FFF7FB
:105B4000ABFFBFF35B8F50E8003F43F0010240E83A
:105B500000210029F7D1DB07BFF35B8F04D40430A9
:105B6000BDE80840FCF7F8BB08BD08B5FFF794FF97
:105B7000BFF35B8F50E8003F23F0010240E80021B3
:105B80000029F7D1DB07BFF35B8F04D50430BDE8F4
:105B90000840FCF7E1BB08BD10B583680C463BB17B
:105BA000DB682BB1984700EA0403003B18BF0123D0
:105BB000184610BD48B1006838B1BFF35B8FC068AC
:105BC000BFF35B8F084100F00100704708B5034642
:105BD00048B10021FFF7EEFF28B118460821BDE8C3
:105BE0000840FFF7E7BF002008BD48B1006838B1A2
:105BF000BFF35B8FC068BFF35B8F084100F001000B
:105C0000704708B501F013F8CEF7C8F9CEF714FDC8
:105C1000CDF7D0FFCEF7F2FACDF7D0FDCDF740FEAD
:105C2000002008BD10B504468368EBB90322204666
:105C3000114601F048F8A3688BB194F833305B0744
:105C400014D594F83330204643F0040384F83330FD
:105C500000F074FE0222218E204601F034F8204626
:105C6000BDE8104000F005BE5B68DEE72146A06994
:105C700000F05BF90128E4D00028F0D110BD38B560
:105C800005460C4671B368B38B6873B3DA6862B3C8
:105C90001B8A53B30021FFF7A8FF48B394F83230B2
:105CA000204643F0010384F8323000F047FEA5613E
:105CB0002B6803B31B7C84F8203084F82830A36859
:105CC00053B994F83400CEF791FA2146C0B2CEF71A
:105CD00081FA18B9002038BD5B68F1E7204600F072
:105CE000C8FDF7E76FF01500F5E76FF03C00F2E74D
:105CF0006FF07200EFE71B78FFDE10B1006800B1B3
:105D00004068704710B1006800B10068704710B477
:105D1000C46C1CB12346426810BC184710BC7047C5
:105D200010B50346FFF7E9FF28B1C2681AB118465B
:105D3000BDE810401047002010BD48B1006838B1E0
:105D4000BFF35B8FC068BFF35B8F084100F00100B9
:105D5000704780B1036873B101220C33BFF35B8FCE
:105D600002FA01F153E8000F084343E80002002A59
:105D7000F8D1BFF35B8F704788B103687BB1012214
:105D80000C33BFF35B8F02FA01F1C94353E8000FF4
:105D9000084043E80002002AF8D1BFF35B8F704748
:105DA000FCF752B84FF0FF324FF0FF331030FFF7DF
:105DB000F7BFFCF7BBB810B5A8B1006898B10123D4
:105DC0000C30BFF35B8F03FA01F150E8003F43EA68
:105DD000010240E80024002CF7D11940BFF35B8F8B
:105DE000081E18BF012010BD30B5B0B10068A0B1C9
:105DF00001230C30BFF35B8F03FA01F1CA4350E873
:105E0000003F03EA020440E80045002DF7D11940A5
:105E1000BFF35B8F081E18BF012030BD2DE9F04194
:105E200004460D4617469846FFF7BCFF082120465A
:105E3000FFF783FFD0B9062F1BD8D4B12668C6B1AF
:105E400006F112006DB9C6F812508580002586F85B
:105E50001080777404F11000FFF7ABFF2846BDE80F
:105E6000F0813A46294616F0A0FFEFE74FF0FF35E4
:105E7000F0E76FF01505EDE710B50C468B684BB9F0
:105E800094F8340000F0E2FE2146A069BDE810401D
:105E9000CDF772BB5B68F2E710B5044678B1FFF747
:105EA00081FF09212046FFF786FF10B92046CDF774
:105EB000A7FA04F11000BDE81040FFF77ABF10BD4B
:105EC00010B5044678B1FFF76DFF09212046FFF7B2
:105ED0008BFF10B12046CDF793FA04F11000BDE816
:105EE0001040FFF766BF10BD38B50546FFF75AFFF3
:105EF00001212846CDF764FA044610B110F1780F5D
:105F000008D102212846FFF756FF002814BF6FF082
:105F10007704002405F11000FFF74BFF204638BD41
:105F200010B10221FFF709BF704770B504460D4656
:105F3000FFF7F6FF60B100220023284600F039FE8B
:105F40000646CEF783F9022802D1304600F091FCD4
:105F500020462946FFF7D1FE03682046BDE8704081
:105F60001847FBF7E3BF2DE9F74399460E469046E5
:105F7000CDF73EFE836C0446BBB1B0690025CDF77A
:105F80004FFB0A9B84F898004246746131460193A6
:105F9000204600954B46A76CB84704F15400FCF727
:105FA00047F8284603B0BDE8F0830220FAE700680E
:105FB00038B1BFF35B8FC068BFF35B8F084100F05F
:105FC00001007047FBF740BFFBF7B0BF2DE9F74F6B
:105FD0001746B0F8962004468846D0071D469DF81F
:105FE00044100C9B40F10B8151B14BB955B9B8F13C
:105FF000000F15D16FF07807384603B0BDE8F08F79
:10600000002DF7D00026C2F3C202032A05D116B133
:1060100035683DB17368132B06D86FF01507EBE7B1
:106020004646F0E704F1300594F99800CDF746FABA
:1060300050B968680028DDDBCDF740FA0028D9D0D8
:10604000CDF7EEFA84F89800B4F8963003F0C00269
:10605000802A0FD143F48073A4F8963004F1300302
:106060009D4207D005F1140255F8041B954243F8F0
:10607000041BF9D126B11FB9F1683B468B421DD1F3
:1060800094F99800CDF71AFA0346F0B90D9B94F9EC
:106090009800E364109B6360CDF710FA42F210722F
:1060A00000233946CDE90023032294F89430CEF73B
:1060B0006DF80546B8B96FF068079DE7B26802EB66
:1060C000C302013352681744D8E70021FFF76FFF7E
:1060D00010B96FF072078FE708211846FFF767FFC6
:1060E0000028D3D1F5E7446194F8941000F004FC43
:1060F000B842814629D3B9464F46A6BB41464A46D7
:10610000284600F079FDB0F1000827DB284600F0B2
:1061100015FC062285F82920E36BC5F82A30B4F86F
:106120004030EB85E36A33B185F821201A68C5F861
:1061300022209B88EB84638E2946A8695BBA2B8654
:10614000DDE90E23FFF798FE56E7B4F89630C3F367
:106150008113023B012BCFD86FF00B08284647462E
:1061600000F087FB48E733691BB172690AB10F2A57
:1061700029D8B94624E0012A09D1142907D1D3F836
:1061800004A0BAF1000F02D19A68022A33D0073175
:1061900021F0070210321A44624511D821F007019C
:1061A0000B4495F832201968C2F30212022AE2D198
:1061B0001429ECD158682928E9D198683428E6D107
:1061C0004FF0000A17E003EB020CEAE7B368284639
:1061D00003EBCA0253F83A1052684A4528BF4A46B0
:1061E000934600F009FDB0F10008B7DBB9EB0B09ED
:1061F0008CD00AF1010AF3685345E7D886E76FF0BF
:106200000807F9E6002070470120704700F10803F5
:10621000BFF35B8F53E8000F013043E80002002A10
:10622000F8D1BFF35B8F704738B5BFF35B8F04467F
:1062300000F1080353E8000F421E43E80021002943
:10624000F8D10128BFF35B8F01D0013838BD04F1CC
:106250000C054FF0FF324FF0FF332846FFF7B2FE38
:10626000606C18B1CEF716F900236364B4F8963069
:10627000284623F00603A4F89630FFF7A5FEB4F8ED
:106280009630002023F00103A4F89630DEE72DE9D4
:10629000F041B0F8963004460E4603F0C003402BA0
:1062A00002D1436C002B3DD1B6F80080B8F1030F4A
:1062B0003BD1132A39D97068002836DB04F10C076A
:1062C000CDF7FCF84FF0FF3305464FF0FF3238466C
:1062D000FFF778FEA4F82080736863627388638494
:1062E000D5B105F110062846CDF79AF94FF0FF33E6
:1062F00084F898004FF0FF323046FFF763FE2B68BA
:1063000003B110330233E3622B688BB15B7C304600
:1063100084F82B30FFF758FE3846FFF755FE002073
:10632000BDE8F0816FF07E00FAE76FF01500F7E747
:106330005B78FFDE10B5B0F89630DB070ED500F1C4
:106340000C044FF0FF324FF0FF332046FFF73AFEC8
:106350002046FFF739FE6FF05E0010BD6FF00800B9
:10636000FBE770B500F10C0604464FF0FF324FF02A
:10637000FF3330460D46FFF725FEB4F89630C3F3E1
:106380004102012A13D0D90714D52988C3F3C203C7
:10639000994212D1032913D0032A0CBF6FF05E0477
:1063A0006FF015043046FFF70FFE204670BD6FF00A
:1063B0007704F7E76FF00804F4E76FF01504F1E7EE
:1063C0006FF05E04EEE738B5B0F896300446DB07B0
:1063D00021D500F10C054FF0FF324FF0FF33284676
:1063E000FFF7F0FDB4F89630C3F34102032A03D05F
:1063F00003F0C003402B0BD1B4F89430062B0CBF34
:106400006FF07A0400242846FFF7DEFD204638BDF1
:106410006FF01504F7E76FF00804F7E72DE9F04196
:1064200000F10C08044686B016461F464FF0FF32B6
:106430004FF0FF3340460D46FFF7C4FDB4F89630E9
:10644000C3F3C202032A1CD0DB051DD5638EDBB16A
:106450000E9B0021204604930591DDE90C23CDE934
:106460000017CDE90223294604F130033246FFF735
:10647000ADFD04464046FFF7A7FD204606B0BDE847
:10648000F0816FF05E04F5E76FF07804F2E7F0B5A5
:1064900000F10C0787B004461E4638464FF0FF3225
:1064A0004FF0FF330D46FFF78DFD012329462046AF
:1064B00005930E9B01960493DDE90C23CDE902239D
:1064C00000231A460093FFF781FD04463846FFF784
:1064D0007BFD204607B0F0BD2DE9F04100F10C072F
:1064E00086B004461646984638464FF0FF324FF0C5
:1064F000FF330D46FFF766FD012332460593109BDF
:1065000004930D9BDDE90E0101930C9BCDE9020183
:106510000093294643462046FFF758FD0446384677
:10652000FFF752FD204606B0BDE8F08110B500F13E
:106530000C044FF0FF324FF0FF332046FFF742FDCF
:106540002046FFF741FD6FF07A0010BD816149B12F
:106550000B682BB11B7C80F8203080F82830704706
:106560001B78FFDE704790F8323091F83220C3F389
:10657000021363F3061281F8322043694B6190F8ED
:10658000343081F8343091F8333090F8332062F3AE
:10659000000391F8322081F8333090F83230C3F3A1
:1065A000400363F3410281F83220D2B290F83230D6
:1065B000C3F3800363F3820281F83220D2B290F8F1
:1065C0003230C3F3C00363F3C30281F8322090F882
:1065D000333091F83320C3F3C00363F3C30281F86F
:1065E000332090F8333080F83330C3F3800391F8D0
:1065F000332063F3820281F83320038E0B86836895
:106600004BB18B683BB1036A0B62436A4B62836A8E
:106610008B62C36ACB62704738B504460D46C368C7
:106620005868E06030B14DB10C30FFF71AF8E368FC
:106630000028F5D0E3681BB9236138BD008AF6E76E
:10664000DB68F9E738B50446C0680D4688B171B11A
:106650000C30FFF706F8D4E90323D2689B1A834273
:1066600007D129462046BDE83840FFF7D5BF008A4C
:10667000F1E738BDF8B5044616460F46C06894F8F1
:106680003230DA0715D4A6B10C30FEF7EAFF054622
:10669000D4E90303C2689B1A3B44AB4211D194F87E
:1066A0003230DB0708D431462046BDE8F840FFF71A
:1066B000B3BF058A0026EBE70C30FEF7D2FFA842F5
:1066C000F1D923693B442361F8BD2DE9F74F00243C
:1066D0008246174668460D462646DDE90C2315F02E
:1066E00066FDDDE90089DDE90C235046A346FEF78F
:1066F00091FF044618B9002E31D100262BE086B94F
:10670000BBF1000F0AD18FB92646638A9D4238BF7C
:10671000ABB2A5EB030538BF638211E0CBF80400F0
:10672000F3E7B042CBF80400EFD1ECE73D44638AD5
:106730009D423DBF658226460025ED1A28BF2646AC
:1067400042464B46684615F057FDDDE90023CDE98A
:106750000C23002DC7D1304603B0BDE8F08F304682
:10676000CAF7EEFFC9E70346002003B970471A8A4B
:106770005B681044F9E72DE9F84306460F461546D5
:1067800099469DF82080F3688BB195B196F8321048
:10679000304601F0010181F0010108EA0101FFF733
:1067A00051FFF06838B96FF06800BDE8F883002D3C
:1067B000F9D12846F9E7B8F1000F35D096F8323014
:1067C000DA0731D40C30FEF74CFF0446D6E9032338
:1067D000D2689A1AA41AE6D0AC4228BF2C465FB100
:1067E000B9F1000F24D0B8F1000F1FD018463B4676
:1067F0002246194616F0D9FAB8F1000F08D096F8DB
:106800003230DB0704D4F06821460C30FEF71BFF62
:10681000424621463046FFF72DFFB9F1000F01D067
:1068200007B127442D1BAEE7048ACFE73846DFE7E0
:1068300022463968184616F0DFFADDE72DE9F04107
:1068400006460F4615461C4615F052FB08B10025BA
:106850002C46802F06D82A4623463046BDE8F04114
:10686000FEF7D8BE0020BDE8F08108B1CAF768BFC6
:10687000704710B5044610B304F11C02BFF35B8FE0
:10688000E369BFF35B8FD3B1591EBFF35B8F52E84F
:10689000000F984204D142E8001CBCF1000FF6D171
:1068A000BFF35B8FE8D1012B09DCA06808B1FFF7CB
:1068B000DCFF21466068BDE8104015F032B910BD1C
:1068C00038B5044608460D46FEF7A8FEA3684360A7
:1068D000A56038BD70B5044630B18568002625B97D
:1068E000A068FFF740FF301A70BD05F10C00FEF7FD
:1068F000B8FE6D680644F2E738B50446C8B190F8B2
:10690000322012F0700FC2F3021313D0012913D0FA
:10691000A1F13A03594259418900A068FFF723FFCA
:10692000884234BFC0F1040500252046FFF7D2FF9E
:10693000401B38BD1946F0E70421EEE78368C360C9
:1069400003B1DB680361704710B582680C4622B959
:106950008160BDE81040FFF7F1BF1046FEF75EFE14
:106960002146BDE81040FEF75FBE2DE9F04F85B02F
:10697000044615469A4602A88B46DDE91067324662
:106980003B4615F014FC204632463B46DDE90289C1
:10699000CDF728FB0446D8B159464246FFF7D6FD4D
:1069A00090F832306AF3061380F8323002A84B4672
:1069B00015F022FC9DF8382029462046DDE90267C3
:1069C000CDE90067CDF7A4FB18B12046FFF751FFD2
:1069D0000024204605B0BDE8F08F012307B50093E1
:1069E00000230A461946FFF7C6FE03B05DF804FB14
:1069F000002307B500930123FFF7BDFE03B05DF848
:106A000004FBF8B506460F461446F3687BB1FB68F5
:106A10006BB174B101213046FFF714FE38460021F6
:106A2000FFF710FEF06830B96FF06800F8BD002C79
:106A3000FAD12046FAE7FA68002AF5D0158A0C3018
:106A4000D2683B699B1AED1AFEF70BFE0346AC4277
:106A5000D6E90320D268A0EB0202A3EB020301D225
:106A60009C421DD39D4228BF1D46002DDCD02A46E6
:106A7000396916F09AF996F83230DB0704D4F068D9
:106A800029460C30FEF7DFFD012229463046641B03
:106A9000FFF7F0FD002229463846FFF7EBFDB4E78B
:106AA0002546E4E770B1C3685BB1006950B1D968AD
:106AB0001A8A401A101A5B6803B970471A8A104480
:106AC000F9E71846704710B5C26803467AB1006905
:106AD00038B1996800238A4204D1D268801A0344ED
:106AE00098B210BD0C8A496823449BB2F3E7104664
:106AF000F7E72DE9F043044685B00D4691469846E8
:106B0000FFF7E1FF0746A068FFF72DFE002394F88A
:106B100032600246A1692846009306F00106CDE9DD
:106B20000298FFF722FF0546F0B194F83230204674
:106B3000214643F0010384F83230D4E90398FFF78B
:106B4000FDFEA068FFF70FFE02462846FFF759FF3B
:106B500078B12846FFF78DFE94F8323066F30003D3
:106B6000C4E9039884F832300025284605B0BDE812
:106B7000F08395F832302046294643F0010385F82A
:106B80003230FFF7F0FC2846FFF7D8FE17B1394640
:106B9000FFF723FF95F8323066F3000385F83230B3
:106BA00094F8323066F30003C4E9039884F8323075
:106BB000DBE74168FFF79DBF10B590F8321004463F
:106BC00001F0010181F00101FFF73CFDE3688BB1A9
:106BD000206948B194F83220D20706D5188AD4E942
:106BE0000323D2689B1AC01A10BD03F10C00FEF7F4
:106BF00038FDF4E71846F7E773B5036904460E4617
:106C0000154699420AD1FFF7D7FF854206D8294693
:106C1000204602B0BDE87040FFF7DFBE01232A46E0
:106C2000314620460093FFF7A6FD02B070BD7047C5
:106C300010B504464FF0FF324FF0FF332046FBF70C
:106C4000C5F90028F6D0FEF7EDFFF3E70020704706
:106C5000704730B5C9B10B88032B20D100F1180360
:106C600001F1140451F8045BA14243F8045BF9D12B
:106C700090F83C3043F0040362B143F0100352BA81
:106C800080F83C304283002030BD90F83C3003F067
:106C9000BB03F1E723F0100380F83C30F3E76FF01B
:106CA0001500F1E710B560B1B0F896301A0508D5B7
:106CB0008C6990F99800CCF701FC231A584258418E
:106CC00010BD0120FCE770B590F832300326044671
:106CD000C3F3021566F3061380F83230CDF74AFC91
:106CE00094F8323065F3061384F8323070BD48B141
:106CF000006838B1BFF35B8FC068BFF35B8F08419A
:106D000000F00100704708B50B460968024621B93A
:106D10000321FFF7ECFF00B91A6008BD08B5062291
:106D200001210020CDF7B4FD002206201146CAF74C
:106D300041F9012107220846CDF7AAFD00220720CC
:106D40001146CAF737F9082201210220CDF7A0FD2C
:106D5000002208201146CAF72DF90922012103203B
:106D6000CDF796FD002209201146CAF723F90A2221
:106D700001210420CDF78CFD00220A201146CAF71C
:106D800019F9052117220846CDF782FD00221720A8
:106D90001146CAF70FF9282206210A20CDF778FDFF
:106DA000002228201146CAF705F9002008BD01F08D
:106DB0001F0101208840704700F003020F230432B6
:106DC0009200934043EA9000C3B2020C9B0092FAF7
:106DD000A2F203F18043B2FA82F203F59C339140B0
:106DE00010B59C6824EA10400143996010BD0B88DF
:106DF00082B0C3F30B0303F57D62C2F30B02782A62
:106E000014D803F18043486803F50E331A6802432F
:106E100000201A600B88C3F30B0303F1804303F5D2
:106E20000E331B680193019B02B070476FF0850021
:106E3000FAE70B88C3F30B0303F57D62C2F30B0281
:106E4000782A0AD803F180434968002003F50E33FD
:106E50001A6822EA01021A6070476FF085007047D5
:106E600070B508884A68C0F30B0094B2C2F30445B9
:106E7000CDF72AFEA0B9FF2A11D0C2F34156012353
:106E800004F18041120E013601F50E31AA40B340E3
:106E90000C68013BAB4024EA030313430B6070BD55
:106EA0006FF08500FBE70888C0F30B0008B500F51C
:106EB0007D63C3F30B03782B0AD800F180404B6845
:106EC00000F50E30026893430CBF0220012008BD7C
:106ED000CDF7FAFD00280CBF02200120F7E770472C
:106EE000F7B50C4617461D4606694FF0FF324FF0C6
:106EF000FF333046FBF7D6F8214601AB3A4606F1A0
:106F0000180014F07CFC04463046FBF791F824B9D5
:106F1000019B20462B8003B0F0BD6FF00400FAE720
:106F2000F8B50C4616461F4605694FF0FF324FF084
:106F3000FF332846FBF7B6F821463B46324605F1BB
:106F4000180014F081FC04462846FBF771F8002C69
:106F500014BF6FF004000020F8BD4FF48360704749
:106F600070B50D4610461446166900F088F86B7827
:106F70005BB12946204600F040F8204600F078F842
:106F80003068BDE87040FEF7D9BD3068BDE870409C
:106F9000FEF7EBBD00223D2008B51146CAF70AF8FE
:106FA0003D20BDE80840C9F7F7BF00690C30FAF78B
:106FB000A9BB70B506690546BC364FF0FF324FF0ED
:106FC000FF333046FBF76EF80028F6D12846CEF79F
:106FD00075F804460028F0D02146A069FEF74FFE60
:106FE0000028F3DA2046FFF744FCEFE7B030FBF768
:106FF0001FB8C830FBF71CB8704730B504699BB0A8
:107000000D4664220C34002101A815F0F5FE01A9FB
:10701000204614F03DFC98B92B7801A90190204638
:1070200003F0EA0203F00C03003A18BF0122003B10
:1070300018BF0123D2029B030792069314F0A1FC10
:107040001BB030BD1FB56946044614F0A6FC4FF4D2
:10705000807369462046ADF8043000238DF8023075
:10706000FAF7E8FB00210A2014F0E5FF04B010BD98
:1070700008B500690C3014F055FA002008BD08B5B9
:1070800000690C3014F096FA002008BD30B51546A2
:1070900085B0046929B105290FD06FF0850005B0CE
:1070A00030BD1368636093882381E36822891A6482
:1070B0006268E3685A640020F1E70C3469462046B0
:1070C00014F06BFC40B92B78694620468DF80030EF
:1070D000FAF7B0FB0028EED06FF00400DFE783681A
:1070E0001B6903B118476FF0570070478368DB686E
:1070F00003B118476FF0570070472DE9FF47066945
:1071000005460C46924606F110074FF0FF324FF04D
:10711000FF333846FAF7C6FF1AF0010A96F858907E
:1071200048D0B9F1000F03D114F0300F40F0C28005
:10713000002103AA28460391FFF7D8FF002808DAA8
:107140006FF004043846FAF773FF204604B0BDE838
:10715000F087039B14F0300F23F441521CD042F00F
:10716000400214F0EA0F14BF42F4807222F48072DD
:10717000934203921BD000212846FFF7B0FF00285E
:10718000DEDB0023002286F85930002306F12800B8
:107190000024FBF785F9D5E714F00C0F02D042F478
:1071A0000052DEE7A107DCD16FF01504CAE76FF0EB
:1071B0007704C7E702AA51462846CDF808A0FFF792
:1071C00095FF0028BCDBDDF8088003AA04212846CF
:1071D00028F4806343F48053CDE9023AFFF786FF39
:1071E0000028ADDB039BA0074CBF43F0400223F017
:1071F0004002E1074CBF42F0200222F020022007AB
:107200004CBF42F4807222F4807261074CBF42F09E
:10721000800222F080029342039209D00421284682
:10722000FFF75DFF00288BDB029B43F400730293A2
:10723000B9F1000F24D0002303AA092128460393A3
:10724000FFF754FF0028FFF67BAF039BA0064CBF5F
:1072500043F4007223F40072E1064CBF42F48072E2
:1072600022F480729A4203920AD009212846FFF73D
:1072700036FF0028FFF664AF029B43F400730293CD
:10728000029A904593D000212846FFF728FF002856
:10729000FFF656AF012349F64042684686F859305A
:1072A000002314F084FFDDE90023C6E918234FF41E
:1072B0007A726AE76FF0850444E730B404461346F7
:1072C0004068CAB2257881684C681CB12946A4463A
:1072D00030BC60476FF0570030BC704792B24068D6
:1072E000FFF7EBBF30B4044613464068CAB22578B6
:1072F00081680C681CB12946A44630BC60476FF019
:10730000570030BC704730B587B00023056904468C
:1073100004AA01214068ADF80E30ADF81030ADF888
:107320001230ADF81430ADF81630FFF7DBFF00284F
:1073300003DA6FF0040007B030BDBDF810309906D5
:107340000BD46846D5E9182314F056FFDDE9002375
:1073500013435CD16FF07300EDE75A0741D50DF18F
:107360000E0204216068FFF7BDFF0028E1DB0DF18C
:10737000120205216068FFF7B5FF0028D9DB95F8F8
:107380005830DBB105AA09216068FFF7ABFF002880
:10739000CFDB0DF116020A216068FFF7A3FF00287A
:1073A000C7DBBDF8163095F858209B0832B1BDF800
:1073B000142013409C0522D4D80522D4BDF81220F5
:1073C000BDF80E301340D9051DD41A061DD413F094
:1073D000400F14BF022301232B73012300206B7382
:1073E000A9E704AA01216068FFF77CFF0028A0DB61
:1073F000BDF810305B07B2D46FF00A009BE7202382
:10740000EAE71023E8E70823E6E70423E4E76FF060
:10741000760090E74068FFF765BF70B506690C46D7
:1074200006F110054FF0FF324FF0FF332846FAF710
:1074300039FEB389238013F0FF0308BF6370284629
:10744000FAF7F6FD002070BD37B5056904466B6894
:107450003BB101A9FFF7E1FF01A92046D5E90132BF
:10746000984703B030BD08B50369C3E90112FFF7BF
:10747000EBFF002008BD2DE9FF41054650F8286CC0
:10748000A0F11807002200233846FAF70BFE044645
:1074900028BB95F8313023B13046FFF734FF04465E
:1074A0000FE0ADF80C000DF10E02ADF80E00012159
:1074B0007068D6F81080FFF715FF00281CDA6FF00F
:1074C000040414F1770F14BF0023012385F8313031
:1074D0003846FAF7ADFD14B93046FFF7B5FF95F819
:1074E0003130002B5ED04FF47A720023284604B06E
:1074F000BDE8F041FAF7D4BFBDF80E3059070AD401
:1075000098F80D3088F80C4013B96FF00A04D8E7EA
:1075100088F80D40D5E703AA21467068FFF7E2FE20
:107520000028CCDBBDF80C30DA0429D403F4055371
:10753000B3F5A07F1ED014D8402B1DD0B3F5807FAB
:1075400014BF0123022398F80C209A4203D198F823
:107550000D20002AD9D1012288F80C3088F80D209E
:10756000AFE7B3F5005F09D0B3F5045F14BF0123A3
:107570000823E8E72023E6E71023E4E70423E2E713
:1075800098F80D30002BC0D1012349F640426846DF
:1075900088F80D30002314F00AFEDDE90023C8E965
:1075A000182379E741F288329FE7436800205B683F
:1075B0001B690B60704743685B68586942400A402A
:1075C000424000205A617047436800205B6899611F
:1075D00070474368090400205B68996170474368FD
:1075E00000205B685A6951405961704730B50369A2
:1075F000986800B30024884219D108688CB9DC6807
:107600009860A14200D1D860002008602AB19A6831
:107610000A60DA68996002B9D96000200FE0284654
:10762000E9E72060D868814208BFDC60ECE70568C4
:107630000446002DF3D1002AE9D16FF0150030BDCA
:1076400012F4003CF8B505460C46134642D09607A6
:1076500039D550075CD55022D90636D542F4007290
:1076600003F4C061B1F5806F44D0B1F5C06F3ED076
:10767000B1F5007F41D013F440372E6912D0706805
:1076800020FA04F1C9075FBF0121A14001437160E5
:10769000BCF1000F06D0180332D569680123496890
:1076A000A3408B61002321462846FDF7CEFE47B953
:1076B000736823FA04F2D20741BF0122A240934328
:1076C00073600020F8BD1022C6E79F06C8D542F4BB
:1076D0008062C5E7D60305D5D00605D4C2F34012B3
:1076E0009202BDE73022BBE74FF40072B8E742F4E4
:1076F000C072C0E742F48072BDE742F08002BAE790
:107700005903CFD501212846A140FFF762FFC9E701
:107710006FF08500D6E770B50B690E46054699688F
:1077200009B10C6801B970BD8A682A4002D04B6863
:10773000304698471CB1236821461C46F2E7234691
:10774000FAE730B5036813600579046804EBC504F3
:10775000A34202D36FF0010030BD5C7908338C4244
:10776000F1D10020F8E72DE9F84F044600EBC107FE
:1077700000254FF00108BC4202D10020BDE8F88F7F
:10778000D4F800B01BF0100F21D1656845F020053A
:10779000CBF34420C9F70AF9814610B3CBF3431663
:1077A0000BF01F0A2A4653463146FDF74EFE0028CD
:1077B000E4DBBAF1110F08D1D9F8043029055A6871
:1077C00008FA06F358BF1B0493610834D3E70BF0A3
:1077D0001F03102B03D0112BDAD16568D8E73025B1
:1077E000D6E76FF01200C9E74368C1F34B1001F010
:1077F0001F011B68C05801238B4003400020003B41
:1078000018BF01231370704710B54368C1F34B10C4
:1078100001F01F011A68012384588B4023438350D1
:10782000002010BD10B54368C1F34B14012201F0D4
:107830001F0118688A40235823EA020323500020BE
:1078400010BD38B504460D46FFF7DEFF2946204639
:10785000FFF7E8FF002038BDB0F5805F07D0B0F13A
:10786000805F09D100290CBF022001207047002948
:107870000CBF04200320704700290CBF0320022006
:10788000704743681B68D869DA69C0F3C00002F02A
:10789000010240EA4200DA699207DA6948BF40F023
:1078A00004005107DA6948BF40F02000D20504D532
:1078B0004FF4807240F008001A62C10701D5082217
:1078C0001A62820701D501221A62410701D50222FC
:1078D0001A62820601D504221A62704737B5034640
:1078E00005680C4619B96FF0150003B030BD40684B
:1078F00019698368DB6893B101AA98470028F4DB13
:107900002B6823F400432B60019B03EB5403B3FB70
:10791000F4F10F29E7D989B20020E960E5E76FF0BB
:107920005700E2E710B5436810201B68DA691206B9
:10793000FCD5EFF3118280F31288BFF36F8FDC69FF
:10794000240604D482F31188BFF36F8FEEE79962A7
:1079500082F31188BFF36F8F10BD43681B68DA692B
:10796000100701D508221A62DA69920603D55B6A0C
:1079700000200B7070474FF0FF30704710B5026960
:1079800004460B46126812680A6042681268126860
:1079900002F4C062B2F5806F33D0A2F5C0604242FB
:1079A00042411A7162681268526802F44052B2F59C
:1079B000805F28D0B2F5405F27D0002A0CBF01229B
:1079C00003225A71626812681068116800F0102072
:1079D00001F4C061FFF740FF9871626800201268EF
:1079E000926802F44072A2F540714A424A41DA714B
:1079F00061680968896811F4804F18BF0322DA7141
:107A000010BD0222CDE70022DBE70222D9E7704752
:107A10007047134618B10A460121FBF74BBE704769
:107A200010B5044650B114F020FDCDF7BFFF002380
:107A300084F81831BDE81040CDF7CCBF10BD4FF031
:107A4000FF300EB403B070474FF0FF3070474FF077
:107A5000FF3070474FF0FF3070474FF0FF307047F6
:107A60004FF0FF3070470020704780F82030C0E9A9
:107A700002120020704770470346012003B9704787
:107A800001301B0AFAE770B54FF41064DC400023A4
:107A900014F0010F01EB000414BF2F252625002050
:107AA000A14200D170BD11F8016BB54205D100288B
:107AB000F6D09342F6D00133F1E70130F0E7F8B5A4
:107AC000DDF818C00E461146F2B1BCF800700C2E5D
:107AD000A6F10D02A3EB070717D9FF2A8CBF0E25CD
:107AE0000D250C2FEDB212D8044605EB071504F84E
:107AF000015BFF2A21D804F8012B32462046ACF85E
:107B0000003015F052F9A019F8BD3546E9E7A7F1A4
:107B10000D0EBEF1FF0F06D8303D044604F8025B9F
:107B200080F801E0E5E76FF48674203D2744057096
:107B30003C0A87704470C41CDBE7B6F5867FDCD94D
:107B40006FF48670351820462D0A00F8025B6270CB
:107B50000446D2E7F0B50C4685B00425002111B9E2
:107B6000B4F1807F06D301F11006270E01316E4477
:107B700006F8047C013D4FEA0424F0D1009313463B
:107B800003AAFFF79CFF05B0F0BD01380B184FF4B6
:107B900010600131D04010F0010F4FF0010014BF10
:107BA0002F22262210B511F8014B944208BF013054
:107BB0008B42F8D810BD02282DE9F84307468846C5
:107BC00015460BD9FFF7E1FF06460024A5F104098D
:107BD0002246B24204D12046BDE8F8830126F4E7EC
:107BE0002B4641463846FFF74EFF0F2D0FD8B9F10F
:107BF0000B0F14D8DFE809F0061313130B13130B44
:107C000013131310431E072B0BD90024E3E7FF289F
:107C1000FBD80C2805D90CE0431EFE2BF8E70C28F6
:107C200003D8013404440132D3E7A0F10D03FF2B44
:107C300001D80234F6E7A0F58773B3F53F7F38BF6C
:107C40000334EFE72DE9F74F0C9F04469046994621
:107C50000D4679B1022A11D91A464046FFF795FF21
:107C600083464FF4106A00262AFA09FA0AF0010A3C
:107C70005E4506D1204603B0BDE8F08F4FF0010B02
:107C8000EFE729464B4632464046FFF7FCFEBAF185
:107C9000000F014614BF4FF02F0C4FF0260CEEB929
:107CA0002A7802B3A2EB0C035A425A4120464B46B3
:107CB0002A440097FFF703FF01360446D8E7EA5C41
:107CC000944503F1010203D113B17045EED00130A8
:107CD00013469845F3D14FF0FF32E7E7002006F155
:107CE000FF3E0346F5E70122E0E710B503680246D0
:107CF000002019448B4201D1136010BD13F8014BD1
:107D000044EA0020F6E710B504682344994203D8FA
:107D10001144994202D80160002010BD0360C81AC6
:107D2000FBE708B530B1C36820209847BDE808409C
:107D3000CEF7E6BC08BD70B50E46D0B1C9B1046936
:107D40004869A0473069A047F5696DB1286BA04725
:107D5000686BA047A86BA047E86BA047286CA047BA
:107D6000686CA0472846A04730462346BDE87040CF
:107D7000184770BD70B50C460546036948699847B9
:107D80002B69A06898472B692046BDE870401847CA
:107D90004FF0FF3070474FF0FF30704758B1062961
:107DA00009D8282A07D841701AB901238370002006
:107DB00070478270FBE74FF0FF30704738B50446DC
:107DC000D0B1C569DDB1AB682A6A0BB91546F9E7D0
:107DD0005B885BBA9BB28B42F8D12A46202104F122
:107DE0001C00F7F769FC238920462946013B2381C3
:107DF000FFF7C0FF002038BD4FF0FF30FBE76FF00A
:107E00000100F8E700207047F7B50E460546002848
:107E100055D04162EC6914B9204603B0F0BD6368E7
:107E2000B3424AD82368013323606A78934225D944
:107E3000FF232246202105F11C008DF80430F7F7BE
:107E40003BFC2B89013B2B81AB6993B101ABA26851
:107E5000A1892846CEF78AFC074650B1072304F1D2
:107E600010014370AB69E269984739462846FFF72D
:107E700062FF21462846FFF77DFFCBE76F6904F1DB
:107E80001002E369A189A068B847AF7823789F40C2
:107E900004210DEB0100C9F76DFD019B5A1CF7D0C1
:107EA0004FF00532B3FBF2F3643364229BB27B43A1
:107EB000B3FBF2F333446360ACE7246AABE74FF003
:107EC000FF30AAE713B549BA7024ADF806100421B3
:107ED000ADF8044044690DEB0100A04702B010BDAD
:107EE000C088704770B5C36890B20D461646984773
:107EF000044620B11DB13246294614F056FF2046F3
:107F000070BD38B5C36888B20D469847044618B1AD
:107F10002A46002114F070FF204638BD07B50346FD
:107F2000486E8DF8042050B1B1F8682001A943686B
:107F30009847B0FA80F0400903B05DF804FBD3F82D
:107F40007401C36913B101A99847F2E71846F3E732
:107F500010B50446406918B1E8F7EAFF00236361F1
:107F6000637C23F0030343F00203637410BD10B578
:107F70000C460A461C21F7F79FFB606908B1E8F739
:107F8000D7FFA069F7F716FC2046BDE81040F7F7C9
:107F900011BCF8B500234F69164604464B610D46E7
:107FA00097F860301A0708D50830FFF7E0FF314630
:107FB0003846BDE8F8400BF087BFDB06F7D50A4628
:107FC0003C301C21F7F778FB2846F7F7F3FBB4F8B1
:107FD0005030013BA4F85030E9E738B5537C0D46EA
:107FE00014461B0706D5284650222146FFF7D1FF2D
:107FF000012038BD536993F83E20FFF78FFF00281A
:10800000F1D1F6E738B505462420F7F7CBFB044657
:1080100040B155B12846F7F7C5FBA06130B92046FD
:10802000F7F7C8FB0024204638BD85610023636153
:10803000637C23F00B0343F002036374F3E7428B8A
:1080400044F64C518A4218D0C38D8B4215D04FF262
:10805000BF018A4211D08B420FD0A2F22222012A04
:108060000BD9A3F22223012B07D990F8770001380E
:1080700003288CBF0020012070470120704708B5FD
:10808000037893420BD1022A02D0032A07D1082297
:10809000033014F0C0FEB0FA80F0400908BD0020A3
:1080A000FCE72DE9F84391F8603006460F4613F0DF
:1080B00008022BD190F85C4054BBC3F30018DB06D8
:1080C00006D4C46AB4FA84F464092046BDE8F8838F
:1080D000B0F85030092BF8D8C56B01F10B091DB968
:1080E000B36D63B94446F0E7686930B10822494688
:1080F0000B3014F090FE0028E7D0ED69EFE797F819
:108100005C40022C94BF00240124DEE70124DCE75C
:108110001446DAE738B50D46044664B1637C1B07A4
:1081200001D5E469F9E761696869093109300BF043
:10813000F9FB0028F5D0204638BD0346084600B9B3
:108140007047426992F83E209A42F9D0C069F6E73A
:10815000F8B5B1F84C4006460D460CB34C6CFCB17A
:1081600094F860302768DB0605D5AB6D1BB194F839
:108170005C30022B18D921462846FFF792FF88B1C0
:10818000002105F144002246F7F796FAB5F84C3085
:108190002946013BA5F84C30D6F83C01CFF72EF824
:1081A0002046F8BD3C46DAE70024F9E738B50C462E
:1081B0000546496C21B904F1440012F05BFC0AE069
:1081C00091F85C0092F85C30984201D90968F1E7B7
:1081D000002012F047FCB4F84C3021460133A4F8DB
:1081E0004C30D5F83C01BDE83840CFF707B8406CBB
:1081F00000B9704790F85C308B42FAD00068F7E71E
:1082000038B5044690F90D00CEF7BCFE054640B1E6
:10821000CEF7C6FE28B129462046FFF799FF014652
:1082200000B938BD2046CFF7EBF8F4E72DE9F04769
:10823000064690F90D0090460F46CEF7A3FE044681
:10824000002844D085687DB1686942463946D5F832
:108250001C900830FFF713FF20B12A462146304614
:10826000FFF7BBFE4D46EEE7E56B7DB16869424620
:108270003946D5F81C900830FFF701FF20B12A4697
:1082800021463046FFF7A9FE4D46EEE7A14659F8D4
:10829000445F2846EDB150F808AB42463946FFF737
:1082A000EEFE90B12A4600214846F7F705FAB4F8E9
:1082B0004C302146013BA4F84C30D6F83C01CEF7B7
:1082C0009DFF502128460BF0FFFD5546E1E74FF09A
:1082D000FF30BDE8F08708B5E9F75EFDE8F7EEFE90
:1082E000BDE80840CFF7EABB13B5D0F8783149BAFA
:1082F000044601AADB8EA030ADF8061002215BBA5D
:10830000ADF8043010F08CFED4F8603101AA0221DF
:1083100020461BB105F070FD02B010BD01F000FB5E
:10832000FAE738B5154690F930200446002A0EDAEF
:1083300021B10022D0F87801CFF794FB3DB1294656
:10834000D4F878010122BDE83840CFF78BBB38BDA7
:1083500038B50D46ECF71EFB28B1D0F87831D3F8CC
:10836000AC301C6804B938BD237D03F0C00235B9B8
:10837000C02A04D165F387132375A469F2E7402A64
:10838000FBD100211820ECF7A3FC237D23F0C003D0
:10839000F2E7F7B507460E461446ECF7FBFA05463A
:1083A00010B9002003B0F0BD002CFAD0D0F878311D
:1083B000A11C3246D3F8AC000FF0C0FD04460028E3
:1083C000EFD001783846F1F7E7FA237D064603F04F
:1083D000C003C02B23D0384601270021FFF7B8FF88
:1083E000237D01AA0221284643F0C0032375638937
:1083F0005BBAADF8043000F089FD621C0321284609
:1084000000F084FD26B1318817200909ECF760FCE3
:108410001FB12146284608F00FFF0120C2E70027C0
:10842000DEE7F8B507460E461446ECF7B3FA054604
:1084300008B90020F8BD002CFBD0D0F87831A11C81
:108440003246D3F8AC000FF079FD04460028F0D096
:1084500001783846F1F7A0FA237D064603F0C00301
:10846000402B15D0384601270121FFF771FF237DEE
:10847000012262F38713237526B131881820090978
:10848000ECF726FC17B1284608F0D8FE0120D1E70A
:108490000027ECE710B5D0F878310446D3F8AC00EB
:1084A0000FF04CFD014628B1D4F87831D3F8AC0078
:1084B0000FF01FFD002010BD13B5044650B102217E
:1084C0000DF10600C9F756FABDF80630C3F30E03E6
:1084D000A4F89C3002B010BD13B50C4620B3694619
:1084E00000F05EFD032810D19DF800300822694697
:1084F000204683F002038DF8003014F08CFC003825
:1085000018BF0120404202B010BD02280CD1A27950
:108510009DF800309A4207D1E0799DF80130C01AE9
:1085200018BF4FF0FF30EEE74FF0FF30EBE730B50C
:1085300085B004460DF1060100F032FD054698B104
:10854000204600F0D6FB022D40BA4FF4967208BFC9
:10855000002301A9ADF8040004F5AC7004BF029338
:10856000ADF80C3010F0E6FB05B030BD70B5D0F8BA
:1085700074618AB004460D46F6B1212200210DF146
:10858000070014F039FC0B212B02304643F0FF03A7
:10859000C3F30803ADF80C30D4F8783193F83420E5
:1085A000DB8E8DF8062001AAADF8043033699847B8
:1085B0002946204611F01AFE0AB070BD10B50C46CF
:1085C000ECF7E8F918B1012C01D100F03DFC0020D6
:1085D00010BD73B5054608468D4213D001314FF0EA
:1085E000FF36491BB6FBF1F606FB01F404210DEB47
:1085F0000100C9F7BFF9019B9C42F7D9B3FBF6F321
:108600001D44A8B202B070BD10B50446084611461C
:10861000FFF7DFFF6043C00B10BDC0F380130246BD
:1086200083F00103DB00D8B2D30648BF40F002005C
:10863000704710B50446D0F7D5FF022094F83030CB
:10864000214623F0010343F0020384F83030EBF7B6
:1086500077FF20464FF6FF71BDE8104000F01CBBCD
:1086600010B590F82D3004461BB9BDE81040CFF787
:108670008DBA0121CFF7DAFD28B121460820BDE8E7
:108680001040ECF737BA10BD1FB50146D0F86801AD
:10869000002330B11A460093CDE90133ECF7D2FF45
:1086A000012005B05DF804FB10B5D0F86831044630
:1086B0006BB1FFF7E9FF28B1062384F83430372384
:1086C000638610BD052384F834300F23F8E71A239E
:1086D00080F83430BDE81040CFF742BE10B5D0F876
:1086E0006831044613B318460CF064FC10B1002343
:1086F000638612E094F8D430022B11D82046FFF79D
:10870000C3FF58B194F8D4302D229A40013384F835
:10871000D4300623628684F8343010BD0323E7E7A3
:1087200021460420BDE81040ECF7E4B91A2380F894
:108730003430BDE81040CFF713BEF8B54B7806468D
:108740000D4603F00303012B46D1ECF723F9044651
:10875000002841D0D0F87831002290F82C703046B3
:1087600083F8902011F0AEFD10B195F828303BB998
:10877000032F05D021461E20BDE8F840EBF7E0BEF0
:1087800000F030FA0546D4F8780129465C3000F054
:1087900035FA032F21D02B7A2046D5E90012CFF7E6
:1087A00011FF0646D4F878015C3000F049FA2846FB
:1087B00000F038FA16B12046CFF76EFF032F0BD129
:1087C00094F8341001290AD12046E3F755FE00231E
:1087D00063861A2384F83430F8BD0026E2E7204689
:1087E0000021BDE8F840E3F747BE10B504464FF658
:1087F000FF7100F051FA1C202146BDE81040EBF754
:108800009FBE70B50E461546ECF7C4F80446A8B1F5
:10881000304610F00FF978B394F834300D3B042B48
:108820000CD8DFE803F0031B130B0D0002202146D8
:10883000EBF786FE04F5AC7010F0CBFA002070BDAB
:10884000052384F8343037236386F7E7204600F0A9
:1088500033F921461A20EBF773FEEFE7B4F89C10CA
:10886000204600F019FAB4F89C102046D0F732F9EF
:108870002046CFF78BF9E1E795B194F834300F2B10
:1088800009D80C2BDAD90D2B02D12046FFF74FFE69
:1088900021461B20DFE7112BD0D121460520DAE746
:1088A0000120CCE738B50C4605460A4604301421B1
:1088B000F6F702FF05F10C002246142112F0B9F878
:1088C000206910B1E8F734FB206138BD01F00F01D9
:1088D000006800B97047437903F00F038B42F9D069
:1088E0008069F6E738B50D4604680CB9204638BDF6
:1088F00022792946A01D11F0FDFF0028F6D1A469B8
:10890000F3E770B50546046854B12246A6691821FC
:108910002846F6F7D1FE2046F6F74CFF3446F3E73B
:1089200070BD2DE9F04105460E46046848F6A048A2
:10893000DCB12368A769B34203D99B1B23603C4683
:10894000F6E763799A0607D423F03003C4F8008071
:1089500043F020036371F2E7284622461821F6F718
:10896000ABFE2046F6F726FFE9E7BDE8F08130B51B
:108970000023044603F11202A24201DB00200CE0B6
:1089800088188A5C7AB102F00F0512090C2A05D109
:1089900013332B44A342C8BF002030BD013355FA26
:1089A00083F3DBB2E6E71046F7E710B51446FFF7AE
:1089B000DEFF014630B1037813F00F0002D04B7890
:1089C0000120237010BDF7B50446EBF7E3FF054621
:1089D000002848D0D0F87831002B44D0D3F8A43008
:1089E000002B40D0204698470746284600F05CFB05
:1089F0000446284600F054FB132C06461BD9837C02
:108A0000DBB101460DF107022046FFF7CEFFA0B112
:108A10009DF80730BB4226D031462046FFF7A7FF1E
:108A200018B103781B0700D04770284603B0BDE893
:108A3000F04000F016BB112C15D902342846E4B2E0
:108A4000214600F0C5FA132C0646EED9142C06D0A8
:108A500000F11201A4F11402143014F0B4F9C1238E
:108A6000F774B374E1E703B0F0BD18B1D0F8840136
:108A700000B1C068704710B5D0F8843104465A7C04
:108A80004AB91879012806D193F82C30DB0702D4B3
:108A90002146D0F70BFAD4F88421537C0133537468
:108AA00010BD40B1D0F884212AB190F830305B0677
:108AB00001D5FFF7E0BF7047D0F73CBA70B5054667
:108AC00090B01E460C4681B30021FF238DF8142080
:108AD00007A82422CDE903319DF8153043F00103A6
:108AE0008DF8153014F088F921460DF12D0304F1AD
:108AF000100251F8040B914243F8040BF9D103AB77
:108B0000069301238DF81C3071236A460A212846FA
:108B10008DF8003006AB8DF80160019328238DF8A5
:108B200008302B69984710B070BD282206A814F0B1
:108B300063F9E9E77FB58DF8071060B14622036954
:108B40000A21ADF80C200DF10702049201228DF8E4
:108B5000142003AA984707B05DF804FB10B57929E3
:108B600086B0D0F878318DF80720D2B205D07B29B5
:108B700008D01C7862F3C50402E01C7862F3871405
:108B80001C7000E0DA70D0F8740178B103696BB141
:108B900000228DF80C100A218DF80D200DF107022E
:108BA000049201228DF8142003AA984706B010BD44
:108BB0002DE9F041804617461E460C4681B17BB137
:108BC000354637220021581C14F016F905F8048B9D
:108BD0000FCC0FC50FCC0FC523682B6086F828700B
:108BE000BDE8F081034603B9704701681A68497C03
:108BF000527C914238BF18465B69F4E710B558B112
:108C000051B1C36A00223BB18B425C6907D122B1EA
:108C100054614378013B437010BDC462F9E71A46C2
:108C20002346F0E710B5044640B10068F6F7C2FDF0
:108C30006068F6F7BFFD2046F6F7BCFD002010BDCA
:108C400038B5044650B143781BB1C06A38B9E06208
:108C50006070206BFFF7E6FF0023236338BD456992
:108C6000FFF7E0FF2846F1E77FB5D0F8783103AA97
:108C7000ADF80610D9865023D0F874010A21ADF85A
:108C80000C300DF10603049302238DF814300369B0
:108C9000984707B05DF804FB7FB54FF6FD72D0F83A
:108CA0007831ADF8061089B219879142D0F8783141
:108CB0008CBF002101211A7B61F300020A211A7383
:108CC0005323D0F8740103AAADF80C300DF106035C
:108CD000049302238DF814300369984707B05DF8B8
:108CE00004FB18B1D0F87831188F70474FF6FE703A
:108CF000704718B1D0F87831D88E70474FF6FF70B2
:108D00007047D0F87831D8787047D0F87831187833
:108D1000C0F3C20070470A467921FFF71FBFD0F8A1
:108D2000783118788009704770B504460E461546AC
:108D30007AB1032B0DD87B21FFF710FFD4F87831DF
:108D4000D4F874012A465B793146FFF7B7FE00205C
:108D500070BD4FF0FF30FBE708B53AB1D0F878317D
:108D600059717B21FFF7FAFE002008BD4FF0FF305C
:108D7000FBE7F0B51E4691B00C46B9B9D0F8745176
:108D8000282206A814F038F8712328466A460A21DA
:108D90008DF8003006AB8DF80160019328238DF823
:108DA00008302B699847002011B0F0BD1AB303AF0B
:108DB0005168D0F874513B46106803C3BDF81420C5
:108DC000002107A86FF3080242F48072ADF8142066
:108DD000242214F011F821460DF12D0304F11002A4
:108DE00051F8040B914243F8040BF9D10123069783
:108DF0008DF81C30C8E74FF0FF30D5E710B56AB1E9
:108E0000032B0BD8D0F878319A70D0F87831D0F89D
:108E100074019B79FFF752FE002010BD4FF0FF3028
:108E2000FBE710B56AB1032B0BD8D0F878315A7034
:108E3000D0F87831D0F874011B79FFF73FFE00209D
:108E400010BD4FF0FF30FBE738B50022D0F8783185
:108E50000446D0F8740111461B79FFF72FFED4F8B1
:108E600078312046DA781D795A70D4F878315A79F9
:108E70001A71D4F878319A789979FFF76DFFD4F8A0
:108E8000783100229A70D4F878319D7138BD70B570
:108E9000D0F874518EB0044665B304AB2826002187
:108EA0003246184613F0A8FFD4F8783102907122A8
:108EB0008DF80C600A211B7928468DF8042001AA40
:108EC0008DF805302B699847D4F87831D4F87401BF
:108ED00001AA5B790A218DF8053003699847D4F817
:108EE0007831D4F8740101AA9B790A218DF80530F4
:108EF00003699847D4F8782100235370D4F8782177
:108F0000D370D4F8782193700EB070BD1FB50229CC
:108F10004FF000038DF8053025D1D0F87831128854
:108F20008DF80C10A3F83D20D0F8783193F83C2050
:108F300061F3010283F83C20D0F87831B3F83D307A
:108F40005BBAADF802304B238DF804300DF102030B
:108F50000293D0F8740118B1036901AA0A21984755
:108F600005B05DF804FB0329F3D11368D0F878113C
:108F7000C1F83D305368C1F84130D0F8782192F8FB
:108F80003C3043F0030382F83C304A238DF8043030
:108F9000D0F878313D33029308238DF80C30D8E7B0
:108FA000A8B1D0F8783193F83C0000F00300022813
:108FB00003D1B3F83D300B807047032806D1D3F8B6
:108FC0003D200A60D3F841204A6070470020704776
:108FD00070B5D0F8783104460D4693F858308B427E
:108FE00008D10021D0F87401FFF7A4FDD4F878313E
:108FF000586D11E089B9D0F87401FFF79BFDD4F8E2
:109000007831586DF6F7D6FBD4F878315D65D4F831
:10901000783183F85850002070BD0846F6F7BAFB47
:1090200006460028F7D00021D4F87401FFF782FD2E
:10903000D4F8783193F858205AB1AA42596D304685
:1090400028BF2A4613F0B1FED4F87831586DF6F7F0
:10905000B1FBD4F878315E65D4F8783183F8585094
:10906000C4E71FB50446D0F8740170B1D4F8783164
:1090700045215A6D93F85830ADF804100A21029238
:1090800001AA8DF80C3003699847D4F87831D4F8E8
:10909000740193F85810FFF74DFD002004B010BD87
:1090A000D0F87831586D7047D0F8783193F858007F
:1090B000704738B50C460A4678210546FFF74EFD45
:1090C000221E28464FF05D0118BF0122BDE838403E
:1090D000CFF7B4BF10B5D0F8783186B0CAB293F8E4
:1090E00034408DF807108C4212D083F83420D0F829
:1090F000740168B103695BB100220A21ADF80C204C
:109100000DF10702049201228DF8142003AA98475A
:10911000002006B010BD0A6808B5C0F820214A68D2
:10912000C0F82421D0F8740108B1836C984700205E
:1091300008BD70B50B7F0D46D0F87861002B37D194
:10914000337B13F0010F14BF09240F24022205F111
:109150001D0105F1090013F05EFE00B9023C2B7AF7
:10916000032B2AD10A34327812F0380F1ED095F82A
:109170007A30DB071AD49309022B24D0032B27D093
:10918000012B4FF0050320D02344C2F3C202012477
:10919000944014F0220F1DD114F0440F1CD104F0A0
:1091A0008804003C18BF012424011C44204670BDE3
:1091B000022B0CBF09240F24C8E703F0FB03022B8A
:1091C00008BF0434CFE7052304330133DBB2DBE708
:1091D0000923F9E70424E8E70824E6E773B50D4618
:1091E0001646EBF7D7FB044698B1D0F8740180B16E
:1091F0007DB1772301AA03218DF805608DF8043035
:1092000003699847D4F8783100209B682B6002B03E
:1092100070BD4FF0FF30FAE738B505460C46EBF766
:10922000B9FB60B1D0F874314BB144B1D0F87831AA
:10923000214628465A79BDE83840FFF7CFBF4FF0A6
:10924000FF3038BD10B586B014460191EBF7A2FB94
:1092500098B1D0F8740180B1772303AA0A218DF860
:109260000D408DF80C3001AB049304238DF81430BD
:1092700003699847002006B010BD4FF0FF30FAE7B1
:1092800038B504460D46EBF785FB58B1D0F874317C
:1092900043B1D0F87831294620465A79BDE83840A4
:1092A000FFF7D0BF4FF0FF3038BD10B514684C60E9
:1092B00054684B808C60FFF71CFD0B7C9DF80C20E4
:1092C000088062F300030B74029BCB6010BD1FB5D6
:1092D00060B173248DF805201422029103690A21DC
:1092E0008DF80C2001AA8DF80440984704B010BDF9
:1092F00030B40C469DF8081039B9D4F878110D7BBC
:10930000AD0702D5C978994205D10146D4F8740158
:1093100030BCFFF7DCBF30BC70477FB58DF807105D
:10932000EBF738FB98B1D0F8740180B1592303AA48
:109330000A21ADF80C300DF10703049301238DF8D9
:10934000143003699847002007B05DF804FB4FF024
:10935000FF30F9E77FB5ADF80610EBF71BFB98B1CE
:10936000D0F8740180B1F72303AA0A21ADF80C30BC
:109370000DF10603049302238DF814300369984716
:10938000002007B05DF804FB4FF0FF30F9E7F0B5BF
:1093900087B00F4616461D46EBF7FCFA044620B38D
:1093A000D0F8740108B39DF9303003AA0A218DF872
:1093B00008708DF80B30F4238DF809608DF80C30AF
:1093C00002AB8DF80A50049304238DF8143003691E
:1093D0009847D4F87401F92301AA03218DF80430C9
:1093E00003699847002007B0F0BD4FF0FF30FAE75F
:1093F00002F07F02023042EAC11100F8021C090AA1
:1094000000F8011C7047C902C2F30A02023001F4DD
:10941000F041114341F4004300F8023C1B0A00F8FC
:10942000013C7047FFF7EFBF09020230D2B201F4EE
:10943000FE41114300F8021C090A00F8011C7047A4
:10944000F8B505460C464F680026227AF3B29A42D8
:1094500002D800232372F8BDD5F878313978D3F8D3
:10946000AC000EF092FD014628B1D5F87831D3F862
:10947000AC000EF03EFD00227B78284601361146F6
:10948000FFF777FCE1E7F0B544680246057A002370
:10949000A61ED8B2854212D8537AAB4221D004F826
:1094A000151004EB4500937A437000245568117A37
:1094B000013DE6B2B14209D801311172F0BD581C2C
:1094C00016F810708F4209D00346E2E7013415F810
:1094D00014609E42EDD10133DBB2E5E704EB4300BB
:1094E000ECE70020EAE72DE9F04389B0054617468E
:1094F0009946EBF74FFA044658B3D0F8743143B3AA
:109500002846CFF755FE064618B3D4F878010DF17A
:109510000B0301223946D0F8AC000EF03EFD0546A3
:10952000B8B1D4F8783101460122D3F8AC000EF07E
:10953000FAFC4FF6FF73297830466B81FFF7A3FFE3
:10954000804658B9D4F878312946D3F8AC000EF0EB
:10955000D0FC4FF0FF3009B0BDE8F08300226B89EA
:1095600003A92046CDE900226A1CFFF79EFED4F82D
:1095700078319DF80B1003A8DB782A7800912146FA
:10958000FFF7B6FE98F801303A4649462046FFF705
:10959000F0FB0028DFD0337A013B3372D2E72DE9AC
:1095A000F84306460F460025EBF7F4F9044618B9D0
:1095B0004FF0FF30BDE8F883D0F87431002BF7D0BE
:1095C0003046CFF7F5FD06460028F1D0D4F87801F3
:1095D00039462B460122D0F8AC000EF0DEFC0746DF
:1095E0000028E5D0D6F804C02B4690F80090AE468F
:1095F00061462846327A5FFA83F8904512D30028F4
:10960000D6D0013A2B462046327200221146FFF78F
:10961000B0FBD4F878313946D3F8AC000EF069FCD1
:109620000020C7E738B13CF81320AEF800208E4682
:1096300001330231DEE71CF813204A4504BF4D78A0
:109640000120F4E738B50546EBF7A4F9044648B124
:109650002846CFF7ADFD014620B12046FFF7F0FECA
:10966000002038BD4FF0FF30FBE700F0C00302469A
:10967000802B13D110F0200F02F00F020CBF082333
:10968000022310F0100F03F101030CBF0821022187
:109690000F2A03EB010002D1013070470020704710
:1096A0000346084611B118780BF057BE704710B545
:1096B0000446343009F020FA04F13C00FFF721F9A8
:1096C000206D18B1F6F776F80023236510BD406BC6
:1096D00000B9704743785B0601D543680BB9C06990
:1096E000F6E7012070472DE9F04F044687B0164693
:1096F00090F800A090F801B002300F4611F081F808
:109700008046A01D11F07DF896F82D300E3481466C
:1097100004935246D6F83431214605934346CDE9A9
:10972000000B07F1340009F0B3F9054600283FD0DB
:109730004378FF2B33D11BF0400F80F801B01FD0CE
:109740008046836818F80C2B0093414643683046E6
:1097500008F0B8FFA0B1049B41462A783046013B8F
:10976000012B8CBF002301239B000293059B003B30
:1097700018BF01230193AB6800936B68CFF7FCFD22
:1097800097F828303BB1002352462146304687F8EF
:10979000283008F0C1FF002007B0BDE8F08F434635
:1097A000524621463046CDF8009008F08BFFE7E79F
:1097B0006FF00100F0E7F8B505460A2355F83C4F75
:1097C00003FB01F684B12368A769B34209D8284690
:1097D00022461821F5F770FF2046F5F7EBFF3C46CF
:1097E000F0E79B1B2360FAE7F8BD10B5044630B1E3
:1097F000FFF75DFF2046BDE81040F5F7DBBF10BD69
:109800002DE9F041B0F840300F46B0F84250904694
:109810000026ED1A8C33ADB2C418AE4201D3BDE8B8
:10982000F08163782278002BF9D0DB00DBB21E4494
:10983000B6B2B542F3D3032A08D1202B06D1A01C1F
:10984000424639462034FFF74EFFE6E71C44E4E782
:109850001FB50C46014618B16846CFF7FFFD6946B3
:109860002046E3F7F5F918B121460BF0AFF90120D6
:1098700004B010BD2DE9F04387B005460F46B0F89F
:109880004040CFF7ABFC002845D02B1993F88C3023
:109890008DF81730002B3ED18C340DF117022C447B
:1098A000668804F1040804F10C0976BA414648467A
:1098B000B6B2F2F72DFAB8B19DF81730A3B94B46FE
:1098C000024604F11C0153F804CB8B4242F804CB4E
:1098D000F9D163684361D8F80430836197F90D309A
:1098E00003773C23734303619DF817309E220021C8
:1098F00038460396CDF80080CDE9019305F11D03AC
:1099000009F001F8044630B12846E7F711FB20467C
:1099100007B0BDE8F0832846E7F70AFB0446F6E700
:109920002DE9F34105460E461746D0F8CC40DCB190
:10993000E37CD4F82080013B012B13D83A46314612
:1099400020460FF059FB68B1052380212046009383
:10995000234695F90D200FF014FD214605F1A000D6
:10996000F2F7ECFB4446E2E702B0BDE8F08113B544
:109970008B78802B10D84A78013AB3EB821F0BDC2E
:10998000CA880124943052BACDE9003492B201F170
:109990000803C978CFF7CCF902B010BD08B5D0F8EC
:1099A000603193F97202D0F767FD18B190F8350075
:1099B000C0F3800008BD10B50446DAF78FFA2046E0
:1099C000BDE81040D2F712B808B5D1F7A9F928B10F
:1099D00090F95000BDE80840F7F706B808BD37B564
:1099E000D1F79EF90C46054660B159B190F94F0088
:1099F000EAF7D0FF30B195F8543013F0010303D0EB
:109A00000123237003B030BD1A461946009302F0BB
:109A100028F80028F6D12070F4E72DE9F041174628
:109A2000984606460C46104619460FF02BFA41465A
:109A3000054638460FF021FAE100013CC9B2E4B214
:109A4000B5FBF1F3B0FBF1F201FB135302FB110282
:109A50000120002B1946B8BFD91D03F00703002AC7
:109A6000A4EBE10100FA03F3C9B2705C43EA00031E
:109A7000304673541346B8BFD31D02F00702A4EB5F
:109A8000E3040123E4B29340325D13433355BDE850
:109A9000F08108B50B46002201461846F2F7F6FDA4
:109AA00040B190F90030002B04DA407800F001005A
:109AB000013808BD4FF0FF30FBE730B58BB00446EE
:109AC0000D462422002101A813F096F905F13E026B
:109AD00020460321FFF71AFAD4F87831B5F846206A
:109AE00000212046DA8695F84C30D4F878218DF89C
:109AF000063082F83430FF23B5F846208DF8071081
:109B0000ADF804208DF80C30FFF762FAD4F8740138
:109B100001AA0B21036998472046CFF72DFA4FF68B
:109B2000FF712046FFF7B8F80BB030BD10B5D0F884
:109B300060318AB00446D3F840325BB304AB0DF118
:109B40000F0206A9009305AB01F08BFF10BBD4F800
:109B50006031D3F84022BDF826305BBA1382D4F8C6
:109B600060319DF80F20D3F840325A70D4F860313C
:109B7000049AD3F840325A60D4F86031059AD3F889
:109B800040329A60D4F86031D3F840321A7E60F3E4
:109B900000021A760AB010BD73B5054608468D421C
:109BA00013D001314FF0FF36491BB6FBF1F606FB2F
:109BB00001F404210DEB0100C7F7DCFE019B9C4280
:109BC000F7D9B3FBF6F31D44A8B202B070BD38B5A7
:109BD000EAF7E0FE044670B1D0F860315BB190F86E
:109BE000D550002306216D0080F834300120FFF7A6
:109BF000D3FF2844608638BD10B5EAF7CBFE044693
:109C000038B10023042180F834300120FFF7C4FF6D
:109C1000608610BD38B50546D0F86001F0B1D5F8C2
:109C200078311C7B90F87832C4F3800495F90D00EC
:109C30009B074FEAC404E4B248BF44F0010402F0B9
:109C4000DDFE08B944F00104D5F8603193F84832DC
:109C5000012B8CBF44F0040044F0060038BD88425C
:109C600028BF0846704710F15E0FA6BF5E30C0B235
:109C7000002070470346084613F15E0FAABF5E330B
:109C80000023DBB2994228BF1846704708B50B463F
:109C900061B1D0F86021D2F8241249B10822581CD1
:109CA00013F0B9F8B0FA80F0400908BD0846FCE7A7
:109CB0000846FAE770B504460E46154600210F2205
:109CC000013013F099F8FF2345F03005237040234D
:109CD0006570E370336863607368A3600123E373A6
:109CE00070BD1FB5D0F86011044691F80832ABB1D1
:109CF000022201F500716846FFF7DCFF6946204645
:109D000009F086FED4F860116846032201F500715F
:109D1000FFF7D0FF6946204609F07AFE04B010BD77
:109D200090F8303039B143F04003002280F83030F1
:109D30005221CFF783B923F04003012280F830305D
:109D4000F6E7F8B50C461746054628B1D0F8846109
:109D500016B121B1022919D04FF0FF3015E0337947
:109D6000022B11D190F830300A46522143F04003C3
:109D700080F83030CFF762F929463846CFF796F8A9
:109D80004FF49673336034710020F8BD0021FFF763
:109D9000C7FFF8E770B50E46EAF7FCFD044668B366
:109DA000D0F8603153B302210022FFF7CAFF711EC1
:109DB000D4F86051032903D8DFE801F02153424869
:109DC0000023204685F84932D4F87831197801F01B
:109DD0000701FFF76EF901212046FEF79CFF0021E5
:109DE0002046FFF79DFF00230A21012084F8D5308B
:109DF000022384F83430FFF7CFFE608670BDD5F8BB
:109E000028321B68C5F81832D4F86031D3F82822FC
:109E1000D27983F81D22D4F8603193F8522083F868
:109E20001C22D4F860512046FEF75BFFA5F86402BF
:109E3000D4F8603193F84922022AD0D001220DE0F3
:109E40002046FEF74EFFA5F86402C8E72046FEF75D
:109E500048FF0322A5F86402D4F8603183F8492250
:109E6000BDE795F8783243F0100385F87832D8E7EB
:109E700038B505460C4619B9BDE83840D2F712B8D6
:109E800090F90D0002F030FC88B12389A0F8503021
:109E9000A37AA0F85430002380F84830204685F893
:109EA000343001236B86BDE83840F5F783BC38BDFC
:109EB000F0B58BB0044617460D46212200210DF166
:109EC00007001E4612F098FFD4F87831E9B2ADF8D9
:109ED0000470DF863202D4F8783142F0FF028DF848
:109EE000061083F834103146BDF80C3094F90D009B
:109EF00062F30803ADF80C30D5F776F8D4F87401A6
:109F000018B1036901AA0B2198470BB0F0BDF8B551
:109F100004461F46A03016460D460FF056F8394647
:109F20002046FFF7F8F82046D1F7ECFF032194F91B
:109F30000D00FFF7F2F9D4F860313246294693F864
:109F400048322046B3FA83F35B09FFF7B1FF20469E
:109F5000CFF712F80020F8BD90F8303023F004035A
:109F600080F8303090F82F3043F0020380F82F3023
:109F7000002070477FB505460E461446002110228A
:109F8000684612F039FF68468DF800608DF802507F
:109F90008DF8084011F0E4F904B070BD07B5B0B118
:109FA000D0F86021D2F83C1289B100220A60D0F8C2
:109FB0006011D1F83C120A76D0F86031D3F83C3207
:109FC0001A8A197DDB8A00930323D2F72FF803B096
:109FD0005DF804FB38B50546EAF7DCFC0446B0B191
:109FE00090F83430152B03D190F90D0005F067F986
:109FF000284603F0E2FDD4F8600106F073F994F905
:10A000000E1000220220BDE83840FFF7B3BF38BD74
:10A0100070B506461546EAF7BDFC0446B0B1D0F867
:10A02000601199B191F8783213F0400200D025B355
:10A0300091F8793258070BD5FDB123F004030122C2
:10A04000204681F87932114602F09AFF002070BD57
:10A050003AB1204601F09EF818B915B13046FFF725
:10A06000B9FFD4F86021204692F8783223F04003FB
:10A0700082F87832CEF75EFFE8E70120E7E770B5B7
:10A08000D0F878310546D3F8AC301C688CB1D5F8DF
:10A0900060316189B3F86402A66905F02AFF30B91E
:10A0A000D5F878312146D3F8AC000DF022FF3446C4
:10A0B000ECE770BD70B5D0F878310446D3F8AC50F9
:10A0C00005F028FFF0B9D4F8602192F84832023B3D
:10A0D000012B17D9D2F82432A3B12D6895B1D4F849
:10A0E00060310822681CAE69D3F8241212F093FE86
:10A0F00030B1D4F878312946D3F8AC000DF0F9FE30
:10A100003546EBE770BD10B588B0D0F86021044645
:10A11000D2F8041204ABD2F80002012203C3D4F82F
:10A12000E600D4F8EA1003C34FF0FF3304A9204639
:10A130000093CDE9013200234022E7F727FB08B066
:10A1400010BD1FB5D0F8601103466A46D1F8000271
:10A15000D1F8041203C2D3F8E600D3F8EA1003C220
:10A160006946184609F086FC05B05DF804FB38B571
:10A1700004460D46D2F7FCFA29462046FEF78CFD30
:10A180002046D2F7C3FA2046BDE8384005F08DBB23
:10A1900090F90E1000220320FFF7ECBE90F90E108C
:10A1A00000220520FFF7E6BE90F90E1000220420E1
:10A1B000FFF7E0BE90F90E1000220620FFF7DABE8E
:10A1C00090F90E1000220720FFF7D4BE90F90E1070
:10A1D00000220920FFF7CEBEF0B50446D0F860019A
:10A1E00089B001F1300690F80832002B45D00822E2
:10A1F000314600F5007012F00EFE00283DD0D4F874
:10A20000CC505DBB2046FFF79CFF2046FFF769FD61
:10A21000A56B95B3D4F8601140222846EF6A01F58A
:10A22000007110F067FBB8B1306804AB716803C30C
:10A23000A868E96803C3012195F822302A7C2046EA
:10A240000291A96901916969009104A9E7F79EFA51
:10A2500029462046E7F70AFA3D46DAE7D4F86011C6
:10A260004022284601F5007110F044FB18B1336814
:10A270002B6073686B602D6AC3E794F90D00D6F705
:10A28000CBF903683146C4F8E63043682046C4F889
:10A29000EA3003F0B4F82046FFF735FF2046D1F747
:10A2A000DBFD204605F001FB2046D2F781FA402372
:10A2B0000122102104F19400CDE9003233464FF61B
:10A2C000FF72CEF735FD2046D1F790FBEFF748FA45
:10A2D0000323062104220820CDE900310F234FF487
:10A2E000FA71EFF78FF9002009B0F0BD2DE9F041C8
:10A2F00004460D4600F0C0FF0646002860D1B5F8C0
:10A300005470B5F8508094F90D00D6F76FF94246B5
:10A31000034639462046FFF7FAFDB5F8501094F988
:10A320000D00FFF717F829462046FFF755FF94F870
:10A3300030301A073ED594F82F30DB073AD5204647
:10A34000FEF7A5FD05212046FEF7B3FE01212046BC
:10A35000FEF7E1FCD4F87031012205201A77D4F819
:10A360007831197860F3020120461970D4F8603111
:10A3700093F8901066F3000105F1100683F8901031
:10A38000D4F8601191F8903043F0020381F89030D6
:10A390002946D4F70BF9EA6C3146204603F057F80A
:10A3A000EA6C3146204603F038F8EA6C3146204624
:10A3B00003F080F82046FFF7CFFD0020BDE8F081D4
:10A3C0004FF0FF30FAE770B5D0F8603104460D4623
:10A3D000D3F82462368996421BD1D3F8286201F063
:10A3E0001BFA40B92946204601F027FA01212046F0
:10A3F000D2F776FA0BE03179287910F03CFA002890
:10A40000F4D17179687910F036FA0028EED1012084
:10A4100070BD0020FCE770B50025D0F86031022641
:10A42000044683F849520F2180F8D55080F83460F3
:10A430000520FFF7B1FB2A46608631462046BDE87D
:10A440007040FFF77EBC38B505460C680CB9204655
:10A4500038BD08222946204612F0DDFC08B1E46A26
:10A46000F4E70120F4E738B50C461546EAF792FA0E
:10A4700030B13DB120460EF042F90021EFF700F96E
:10A48000002038BD0120FCE7D0F8603193F8492264
:10A49000042A08D1D3F824322BB190F90E100022EF
:10A4A0000120FFF767BD704770B50446C0B1D0F812
:10A4B0006031ABB1D0F8CC1000F1A00641B1CB7C3B
:10A4C0000D6A012B02D13046F1F738FE2946F5E737
:10A4D000D4F87831BDE87040D3F8AC000DF0AABCD8
:10A4E00070BD10B50446FFF7DFFF94F90D0004F0CE
:10A4F000E6FE2046FFF725FE2046BDE81040FFF7A8
:10A500008ABF10B51446EAF745FA10B11CB1FFF73F
:10A51000E8FF002010BD0120FCE773B5D0F86031E2
:10A52000044653B305F0F6FC98B1D4F87831D3F86B
:10A53000AC301D686DB12046AE69FEF7D2FB69896B
:10A5400005F0CDFC18B12946204604F0BAFE354688
:10A55000F0E794F90D0002F0C7F801A9054694F957
:10A560000D00FEF759FE94F90D000EF0DBF90146DF
:10A57000019825B1EA6CDBF7CDFB02B070BDDBF7CB
:10A58000F5FBFAE708B5FFF745FBC0F3400080F0A4
:10A59000010000F0010008BD10B50446D2F7FAFE34
:10A5A000D4F86001DEF7ACF94FF6FF712046FEF7F4
:10A5B00073FB94F82C10D4F8603111BB83F8481267
:10A5C00094F8303023F0100384F83030D4F8603140
:10A5D00093F84832B3BB4FF4167308224021802011
:10A5E000F1F73EFD4FF41673042210212020F1F7FD
:10A5F00021FD0023D4F8602182F8493284F8D53057
:10A6000010BD012906D193F97822002A16DA83F8C1
:10A610004812DBE7022911D10322204683F84822A1
:10A620000022FFF78EFBD4F860210A21D2F85432C1
:10A63000DB00B3FBF1F3A2F86A32C7E7022283F82A
:10A640004822C3E74FF41673042210212020F1F7AB
:10A6500007FD4FF41673042208211020C7E7F0B558
:10A6600089B005460B4601F1100704AA1646186882
:10A67000083353F8041C1446BB4203C42246F6D1E7
:10A680000023D5F8600101A902968DF8043040231B
:10A6900094308DF80C3003F0FBFE08B1406A08B925
:10A6A00009B0F0BDC3785B0701D44068F7E701202B
:10A6B000F6E74BBA37B5ADF804300446D0F8783138
:10A6C0000D46022201A9D3F8AC000DF037FC20B9E9
:10A6D000294694F90D00D8F7B1FB03B030BD2DE940
:10A6E000F843D0F878310646D0F860511C8FD5F881
:10A6F000B081B8F1000F12D1D5F8B87105F19C08FE
:10A7000087BBD5F89470002F39D1D5F89C70002FF5
:10A710005CD124F47C43002B77D001201BE0D5F8DA
:10A72000947008F10109AFB198F811307A7C9A421F
:10A7300013D14946781C10F0DDF870B107F11C0107
:10A74000204604F069FA50B907F12401204604F0CC
:10A7500063FA20B90020BDE8F883FF6AE3E7D8F880
:10A760001480C6E73946404603F01EFE0028F1D0AB
:10A77000214604F033FD0028ECD0BF69C0E707F1A3
:10A780001C01204604F048FA07F1240180462046C7
:10A7900004F042FA10B9B8F1000F15D0D5F8B08125
:10A7A00007F10109B8F1000FD4D098F811307A7C84
:10A7B0009A4202D0D8F81480F4E708F10101484623
:10A7C00010F098F80028F5D0FF6A9CE73B690BB9B8
:10A7D000BF699CE71A88A24252D0DB68F7E798F875
:10A7E0000C303A7B9A420AD1B968D8F8080012F0C6
:10A7F00012FB20B9D8F804207B689A42E8D0D8F838
:10A800001880B8F1000FEAD1A4E7D6F86081D8F833
:10A81000945045B9D8F89C50002D3FF47EAF2F6975
:10A820000FBBAD69F8E7EF691FB96F6A77B9ED6AD9
:10A83000EFE7B7F800902046494605F050FB18B105
:10A8400049463046FFF735FF7F68EDE7B7F80090DF
:10A850002046494605F043FB18B149463046FFF70C
:10A8600028FF7F68E2E7B7F800802046414605F000
:10A8700036FB18B141463046FFF71BFFFF68CFE7B4
:10A88000D5F8B881BDE770B5D0F860310546D3F88A
:10A890003832DBB1012100F059FE06460330F4F7EF
:10A8A00079FF044690B101460122284600F056FE89
:10A8B000D5F860313246A11CD3F8385293F97202B0
:10A8C000A8472046BDE87040F4F774BF70BD38B5A6
:10A8D000D0F86031054693F97202D3F76BFA04465B
:10A8E00070B12846FFF7FBFE40B923890BB9052359
:10A8F00023812846BDE83840FFF7C5BF0023F7E7AE
:10A9000038BD10B50446D3F755FA18B190F90B00CD
:10A91000F6F76AF82046BDE81040FFF755B82DE974
:10A92000FF410F4690461E46EAF734F8044620B928
:10A930004FF0FF3004B0BDE8F081D0F86031002B5B
:10A94000F6D000F018FC0028F2D166B35FB335787A
:10A9500005F01803182B29D0717805F07F02ED0956
:10A960008DF80400C1F38003D4F86001029742EA35
:10A97000C31301F00102C1F3400100F5D87043EAAE
:10A9800005238DF80C8043EA4223BDF8022043EAF8
:10A9900081236FF30A0201A913436A46ADF802301E
:10A9A00003F01BFFC6E76FF00100C3E76FF0020082
:10A9B000C0E77FB50D461646E9F7ECFF044618B927
:10A9C0004FF0FF3004B070BDD0F86031002BF7D0ED
:10A9D00000F0D1FB0028F3D165B18DF8040001A986
:10A9E000D4F86001029500F5D8708DF80C6003F082
:10A9F00059FFE7E76FF00100E4E72DE9F04188B087
:10AA00000E4615461F46DDF83880E9F7C3FF0446B9
:10AA100020B94FF0FF3008B0BDE8F081D0F86031C8
:10AA2000002BF6D000F0A7FB01460028F1D15EB361
:10AA300055B32022684612F0DFF99DF80030D4F8B3
:10AA40006001694667F344038DF80C5000F5D87037
:10AA50008DF800300F9B04939DF840308DF8143032
:10AA60009DF844308DF815304AF6AA73984504BF16
:10AA70009DF8003043F00103CDE9018608BF8DF851
:10AA8000003003F024FFC6E76FF00100C3E7F0B524
:10AA900089B00E4615461F46E9F77CFF044618B9F3
:10AAA0004FF0FF3009B0F0BDD0F86031002BF7D087
:10AAB00000F061FB01460028F2D186B17DB1202271
:10AAC000684612F099F9D4F8600169468DF80C5087
:10AAD00000F5D870CDE9017603F006FFE2E76FF0EC
:10AAE0000100DFE770B50D46E9F754FF044610B3E7
:10AAF000D0F860310021A3F8C211D0F8602192F89B
:10AB0000C431980707D561F3410382F8C43194F941
:10AB10000D00D3F779F975B9D4F860612046FEF7D6
:10AB2000E0F8A6F8C001D4F8603193F8C42165F3C9
:10AB3000000283F8C42170BD10B5B0B1A9B14FF6C1
:10AB4000FE740278437802F0FE02062A03D1807870
:10AB500000F00F0010BDE21A02331144184489B20C
:10AB60000029EED16FF00100F4E74FF0FF30F1E77C
:10AB70000020704770B50446E0B190F84A3093B1B8
:10AB8000002580F84A50DAF7D7FEDBF7F7F994F999
:10AB90004900D5F7B9FD2A4694F949000421BDE8DA
:10ABA0007040D1F7EBBC436B23B190F94900BDE88D
:10ABB0007040184770BDD0F86031D3F8440218B126
:10ABC000806A003818BF01207047F8B5D0F86031AE
:10ABD00004460E461546D3F844320BB9D3F7DEFAD5
:10ABE000D4F86031D3F84432986A60B1F4F7E2FDEA
:10ABF000D4F86031D3F8442200239362D4F8602162
:10AC0000D2F84422D3870EB90020F8BDD4F86031C1
:10AC1000D3F84472B7F840002844F4F7BBFDB8629B
:10AC2000D4F86031D3F84402836A23B9F4F7C2FD43
:10AC30004FF0FF30E9E7314618462A4612F0B5F8E2
:10AC4000D4F86031D3F84432596A29B1986AB3F81C
:10AC50004020284412F0A9F8D4F86031D3F84432E7
:10AC6000B3F840201544DD87CEE7F8B505460E461B
:10AC700017464FF47A7100221C46D3F77DF93A4605
:10AC80003146284610F0DCFA2846D3F763F9E9F795
:10AC900081FE48B1D0F8603133B12CB1A289A169ED
:10ACA000D3F7A6FA0020F8BD4FF0FF30FBE7F8B568
:10ACB000D0F8603104460E461546D3F844320BB93D
:10ACC000D3F76CFAD4F86031D3F84432D86A68B15B
:10ACD000F4F770FDD4F86031D3F844220023D36236
:10ACE000D4F86021D2F84422A2F844300EB90020F2
:10ACF000F8BDD4F860312846D3F84472F4F74AFD21
:10AD0000F862D4F86031D3F84432D86A58B9986AF6
:10AD1000F4F750FDD4F86031D3F84402F4F74AFD5B
:10AD20004FF0FF30E4E72A46314612F03EF8D4F8FF
:10AD30006031D3F84432A3F84450D8E7F8B5D0F8DE
:10AD4000603193F87322022A26D9D3F844522DB3E6
:10AD5000AB6A0E68E3B934461CB1237D226DDB0774
:10AD600018D52046F8BD10222946204612F053F887
:10AD70000028F6D03C46002CEDD0102200212046C1
:10AD8000276DC5F72DFA0028EDD0021BF2D0EBE7B6
:10AD90003446F0E71446DFE70024E2E72C46E0E71C
:10ADA000034613B5D3F860310846D3F844325BB19B
:10ADB000996A59B193F84440DA8F0094DB6A10F035
:10ADC00096FAC01702B010BD1846FBE70846F9E72F
:10ADD00038B51578144685F002051570FEF783FB2B
:10ADE000237883F00203237038BD0B7883F00203CD
:10ADF00010B50C460B70FEF7D2FB237883F00203EC
:10AE0000237010BDFEF71EBC10B50C4611B94FF0F3
:10AE1000FF3010BDE9F7BEFD0028F8D0D0F8603152
:10AE2000002BF4D093F8FC21D2070BD503F5F07278
:10AE300003F5F87352F8041B9A4244F8041BF9D145
:10AE40000020E6E76FF00200E3E710B5E9F7A2FDA6
:10AE50000446A0B1D0F878318BB11A78052161F39E
:10AE600002021A70D0F87831197801F00701FEF764
:10AE700020F920460121FDF74EFF002010BD4FF0C4
:10AE8000FF30FBE710B50446084671B1D1F86031D8
:10AE900063B193F8080240B10822214603F500701F
:10AEA00011F0B9FFB0FA80F0400910BD1846FCE778
:10AEB0000238012894BF00200120704737B514469E
:10AEC0006B460B2209F05DFC08280FD1019D284636
:10AED0000FF097FC20602B790120E3716B792371CF
:10AEE000AB796371EB79A37103B030BD0020FBE750
:10AEF00013B514466B460F2209F043FC06282ADDE1
:10AF0000019B1A7802F0C002402A22D0C02A4FF0DA
:10AF1000FF3218BF0022A27009285A784FF00100B2
:10AF2000E2709A782271DA7862711A79A2715A798C
:10AF3000E2719A79D8BF6A232272CDBFB3F8072095
:10AF40002380012352BAC4BF22805B7A637202B0AD
:10AF500010BD0122DFE70020F9E7D0F860310022C0
:10AF6000C3F88820704710B5D0F82432044633B9AE
:10AF70001020F4F70FFC0346C4F8240228B1184649
:10AF80001022002111F038FF0346184610BD08B505
:10AF900040F20C40F4F7FEFB28B10A2380F800349D
:10AFA000002380F80A3408BD30B121B108441028CC
:10AFB00028BF0020704708467047A02806D85028B0
:10AFC00006D8102894BF0020012070470320704746
:10AFD0000220704708B50B461146984228BF184614
:10AFE000FFF7EBFFD3F70EFBBDE80840FFF7DCBF30
:10AFF00010B52020F4F7CEFB044630B1202200210A
:10B0000011F0FAFE04F110036361204610BD10B583
:10B010001020F4F7BFFB044618B11022002111F0F4
:10B02000EBFE204610BD2DE9F843D0F8603106460E
:10B030000F46D3F84C42D4B1D4F8188054F8105FBE
:10B0400008E020462A460821F4F736FB2846F4F7A4
:10B05000B1FB4D464DB1082239462846D5F8089037
:10B0600011F0D9FE0028F4D1EBE74446E3E7D6F827
:10B070006031D3F84C427CB12369A56953B9D6F845
:10B0800060012246182100F51370F4F715FB2046E5
:10B09000F4F790FB2C46EEE7BDE8F88338B5D0F81E
:10B0A00060310D46D3F84C420CB9204638BD102211
:10B0B0002946204611F0AFFE0028F6D0A469F3E738
:10B0C00038B50D4604680CB9204638BD082229461B
:10B0D000204611F0A0FE0028F6D0A468F3E728B1BE
:10B0E00090F83E3023F0070380F83E307047482048
:10B0F00008B5F4F74FFB024620B100238360C3601C
:10B10000FFF7EDFF104608BD70B5D0F86031064678
:10B110000D46D3F8C84184B9FFF7E9FF0446A8B14A
:10B120002B682246402103606B684360D6F86001BB
:10B1300000F5E4700FF09EFC08E008222946204646
:10B1400011F069FE20B92046FFF7C9FF204670BD07
:10B15000246CE0E710B50C4661B1D0F860010A46F6
:10B16000402100F5E470F4F7A7FA2046BDE810404E
:10B17000F4F720BB10BDD0F8603143B193F8490219
:10B18000043801284FF0FF3098BF002070474FF07F
:10B19000FF307047D0F8603193F84902431F58429E
:10B1A00058417047D0F8603193F8482272B993F84B
:10B1B0004902042808D0431F58425841C0010840A2
:10B1C000003818BF012070474020F8E70020704782
:10B1D00008B5D0F8600190F84932042B0ED0052B49
:10B1E0000FD1D0F820327BB9D0F82832997905F008
:10B1F00004F8B0FA80F04009404208BDD0F82402BB
:10B20000F7E74FF0FF30F8E70020F6E71FB5D0F87A
:10B2100060310C208DF80F0083B193F8780210F0A4
:10B22000400F0BD140F0400083F8780293F972028E
:10B23000012300930DF10F03D1F7F0FA05B05DF88B
:10B2400004FB70B5D0F8606104460D469EB190F8DD
:10B2500034301A2B01D0162B0DD1204604F05AFEA3
:10B2600048B129463046DDF775FB20B12046BDE8E0
:10B270007040DBF773BD70BD73B5044690F90D00E7
:10B2800001F032FA054618B94FF0FF3002B070BD38
:10B2900090F8561011F0080108D12046FDF798FEED
:10B2A000204602B0BDE87040FDF7DBBE694694F968
:10B2B0000D0002F051FA18B12046FDF7D2FEE5E785
:10B2C000D4F8603193F8FC21D20766D593F8FB11CE
:10B2D000002962D01C31C9B29DF80430204603F029
:10B2E000010301EB830195F85630C9B25B0644BFF8
:10B2F0000431C9B2FDF76CFE03460028C4D0032216
:10B30000027010224270D4F8602192F8FC11CE072E
:10B3100004D592F8FB210AB11122427095F856200B
:10B32000991C500605F1100042BF5A7842F00802FD
:10B330005A702A4652F8046B824241F8046BF9D1E4
:10B34000AA6BC3F81220EA6BC3F816209DF80420FC
:10B35000D10724D403F11A0095F856305A060DD5BA
:10B360000F22BDF80230043000F8042C022200F84D
:10B37000013C00F8032C1A0A00F8022CD4F86011E2
:10B3800091F8FC31DB0797D591F8FB21002A93D087
:10B3900001F5E87102F010FE8EE71A219CE71221F8
:10B3A000BDF8002003F11E00997602215A77D97664
:10B3B000110A1977D0E708B504F00AFF0B30C0B2C4
:10B3C00008BD37B509230D460C46CA1C05F8023BDB
:10B3D0004B1C009301F10B03294604F011FF20B927
:10B3E00063780933DBB26370EC18204603B030BDDC
:10B3F0002DE9F84F0F23D1F8605104460F46037032
:10B400000A231646437095F8743203F0C003802B6C
:10B4100009D1B20711D4084609F003F900EB400046
:10B4200020280ADDC023A37097F90D00E9F7B2FACE
:10B430008146E0B9D0F86031FFDE330706D43846E4
:10B4400009F0DFF800EB40001428EBDC3846DBF7AE
:10B4500045FD95F8763200EB4000B0EB430FE1DCA0
:10B46000384609F0C2F80328DCDD0023DBE7D0F81A
:10B4700078314FF00008D3F8AC30C346C2461E689E
:10B480009EB984F8038084F804B084F805A095F888
:10B490004932052B2CD1D5F828322846997904F069
:10B4A000ACFEA07195F852602AE0738923F47C43C6
:10B4B0006BB9D9F860013178603002F03BFDFFF7DD
:10B4C0007CFD02280AD0032803D001280BD0B669DE
:10B4D000D6E708F101085FFA88F8F8E70BF1010BED
:10B4E0005FFA8BFBF3E70AF1010A5FFA8AFAEEE7EB
:10B4F000D5F824325B7BA37195F85130002BD1D164
:10B50000E671D7F86031D3F8200278B100F201403B
:10B5100004F018FFC0B20023207204F10C00637223
:10B520006A23A3720123E372BDE8F88F95F84832CD
:10B53000002BF0D1284604F0F8FEEBE709B9D3F769
:10B54000BBB8D0F86031B3F8A401704708B5FFF775
:10B55000F5FFFE2884BF023080B208BDF8B50C4666
:10B56000114617460646FFF7E9FF0C23FE28237015
:10B57000C3B283BFFF22000A251DA51C83BF6270D2
:10B58000A070E37063707FB1D6F86011B1F8A421A8
:10B5900042B12846A53111F008FCD6F86031B3F865
:10B5A000A4311D442846F8BD29463046D3F784F817
:10B5B0000544F7E72DE9F8430E4617460446DDE952
:10B5C000089810B90020BDE8F883D0F86031002B4E
:10B5D000F8D00029F6D0002AF4D090F90D0001F03F
:10B5E00083F805460028EDD094F90D0001F08EF89F
:10B5F000814578EB010319D294F90D00D5F76CF869
:10B60000314600233A46607BD5F75EFC4A46434606
:10B6100094F90D0001F08DF829462046FEF7DCFD77
:10B6200094F90D00D5F73AF90120CCE7414508BF60
:10B630004845C7D0E4E708B590F90D0001F0ACF833
:10B64000084314BF0A20002008BD10B590F90D0072
:10B650000C4601F0A1F850EA010309D02246172355
:10B6600002F8023B08236370BDE810400FF0AAB84F
:10B67000204610BD40B1D0F8600128B1D0F8283282
:10B68000002B0CBF00200920704710B50C4679B381
:10B69000D1F8603163B3D3F828324BB301460B23A2
:10B6A00001F8023B08234370D4F86031D3F8283204
:10B6B00018680FF09DF8D4F8602103460430D2F8E2
:10B6C0002822D27900F8042CD4F86021D2F828225C
:10B6D000127900F8032CD4F86021D2F8282252798C
:10B6E00000F8022CD4F86021D2F828229279DA707E
:10B6F00010BD2DE9F041D1F8603105460F460446F2
:10B7000093F84832023B012B08D8132301F1940827
:10B7100004F8023B002343708E6B16B92046BDE847
:10B72000F0816B78942B1CD839463046D2F714FF41
:10B73000B8B931464046FDF7D5F890B143791A07BC
:10B740000FD1C3F303032246093463F07F0302F8E9
:10B75000013BB36844F8083CF36853606B780933E5
:10B760006B70F66AD9E77FB505460E4603230022C3
:10B77000202190F90D000CF021FF044638B301A9F7
:10B7800095F90D0001F053FF0222019B052120468F
:10B790000CF08CFF314620460CF0B3FF20460CF035
:10B7A00071FF1123C11C0370012343708370204675
:10B7B0000CF07AFF002302A920460293ADF80C306A
:10B7C0000DF067F82046EFF759FD04B070BD4FF05B
:10B7D000FF30FAE740B14388082B04D9406818B11C
:10B7E000093BD8B270470020704738B590F90D502A
:10B7F0000446284601F0E5FD2846FFF782F8D4F814
:10B800006001DDF77DF804F1A0000DF0DEFB2046BD
:10B81000BDE83840FEF74EBCD0F86031D3F82802BE
:10B8200050B102680B689A4205D1C079CB79C31A2E
:10B8300058425841704700207047D0F8602110B43A
:10B84000D2F828420A79013A2271D0F86021D2F860
:10B8500028424A79013A6271D0F860218C79D2F895
:10B8600028229471D0F860210C68D2F82822146044
:10B87000D0F86031CA79D3F82832DA7110BCFFF7FA
:10B88000B4BF2DE9F043D0F860318BB004460D46CB
:10B89000002B00F0C9808FB23846B846EDF76EFF36
:10B8A000294694F90D0001F0C2F8394694F90D00CB
:10B8B000DAF770FED4F86021D2F888309F4234BFA6
:10B8C000DB1B0023C2F88830D4F86021D2F88C301A
:10B8D0009F4234BFDB1B0023C2F88C30D4F86031A8
:10B8E000D3F88C90B9F1000F10D194F90D0000F04D
:10B8F000FBFE064650B1C26C01462046013201F003
:10B9000044FE4A4631462046D2F750FED4F8602124
:10B91000B2F96A32591C14D04345CABFDB1B00235D
:10B920009BB2A2F86A32D4F86031B3F96A3243B9F3
:10B930002046FEF7A9FDD4F860314FF6FF72A3F858
:10B940006A2220463946D2F71DF92046FFF713FC3C
:10B95000002869D12046FEF7E0FD94F90D0001F0C2
:10B9600018F868B102A994F90D0001F09DFE02A932
:10B9700094F90D00D7F79AFA94F90D0001F02CF81C
:10B9800094F90D0000F0C8FF68B102A994F90D0008
:10B9900001F08AFE02A994F90D00D7F7D3FA94F9C1
:10B9A0000D0000F0EAFF94F90D0001F027F870B9DE
:10B9B0000DF1060206A994F90D00D7F787FC30B9FE
:10B9C000BDF8062006A994F90D00D7F705FB94F8F9
:10B9D00034301A2B01D0162B26D12946204604F0EC
:10B9E0006BF8D4F86021B2F8703203B39D421ED2D6
:10B9F000DB1BA2F87032294694F90D00D2F782FAC7
:10BA0000294694F90D00CEF71FFF29462046D6F7A8
:10BA1000D3FF2846DAF718FB94F830309B0703D59C
:10BA200021460020E9F766F80BB0BDE8F083204618
:10BA3000D3F718FA2046D1F7F3FFDCE708B5D0F8C2
:10BA4000603193F87332022B09D990F90D0000F0A0
:10BA500068FEC0F3800080F00100C0B208BD002085
:10BA6000FCE72DE9F74FDDF830A01E46074600231E
:10BA7000884691460093D7F860016B460B22B0F8D8
:10BA8000A411A53001F0A2FF03284BD9009D95F920
:10BA90000030002BEFDA6B78012BECD1AB78012B67
:10BAA000E9D103380023033584B2019301AB0D22A1
:10BAB0002146284601F08AFFDDF804B0BBF1000FF3
:10BAC0002DD008282BD9B8F1000F08D0BBF80010F2
:10BAD0004046D7F8602149BA89B2D2F74FFDB9F193
:10BAE000000F03D09BF8023089F80030BAF1000F44
:10BAF00005D0BBF803305BBA9BB2CAF8003056B130
:10BB00000BF105000EF07DFEB0F5967F36BF4FF4C9
:10BB1000967330603360002003B0BDE8F08F0028DA
:10BB2000C4D1A8E70028A6D14FF0FF30F4E7F0B564
:10BB300087B006460D461746E8F72CFF20B32B7951
:10BB400053B100F1A004296820460DF010FA014617
:10BB500010B12046F0F7F2FA3B46AA682968304651
:10BB6000CFF742F8013011D1002380210493AA6855
:10BB70000197CDE9023213220092324628680DF077
:10BB8000C7FB003818BF012007B0F0BD0120FBE75C
:10BB9000F7B506460D461746E8F7FCFE0446E8B141
:10BBA0003DB93A461321304603B0BDE8F040F0F706
:10BBB0009DBF1323A03432468021009328460023E2
:10BBC0000DF0DFFB294620460DF0D1F9014628B1E2
:10BBD000204603B0BDE8F040F0F7B0BA03B0F0BDC6
:10BBE000F8B50023064600F1140480F82A3056F810
:10BBF0000C5F65B12A46EF680C213046F3F75CFD17
:10BC00002A460C2120463D460EF013FFF1E7F8BD11
:10BC100010B50446406818B1F3F7CCFD002363600B
:10BC200010BD10B5836804463BB1D869F3F7C2FD77
:10BC3000A068F3F7BFFD0023A36010BD70B50546F3
:10BC4000046854B12246266D50212846F3F734FD8E
:10BC50002046F3F7AFFD3446F3E770BD38B505462F
:10BC600048680C4607F027FE28B121462846BDE863
:10BC70003840D3F745B938BDF7B516461F463B22C5
:10BC800001AB04460D463046394601F0EAFDC2B22A
:10BC9000531E0F2B03D80199204611F086F804F1AA
:10BCA000100339464122304601F0C4FE04F112036C
:10BCB000422239463046AD0A01F0BCFE237D65F3D1
:10BCC0000003237503B0F0BD2DE9F843164678B1A3
:10BCD00001290CD95AB1D2F80480B8F1000F06D06E
:10BCE000148924B103464718981CB84202D9002091
:10BCF000BDE8F8835D78FF2D05D1181D8742F6D386
:10BD00005D886DBAADB200EB05094F45EFD31A78E7
:10BD100033789A4206D1AC4204D12246414611F012
:10BD20007AF808B14B46DFE70120E1E72DE9F0475B
:10BD300088B00E46D3F7CCF8054628B10B78102B07
:10BD400005D0112B00F09A8008B0BDE8F08790F87C
:10BD50002A30002BF8D090F9280000F0C5FC0446EA
:10BD60000028F1D0286808F040FC0028ECDD03AB87
:10BD70001A22B18AF06808F004FD0328E4DD02AB62
:10BD80008022BDF80E10049801F054FE0128DBD982
:10BD9000BDF8083095F82920B2EB133FD4D318052D
:10BDA0000FD505A995F9280001F0D6FC18B99DF822
:10BDB0001830D90705D495F92800D3F7FDF80028E5
:10BDC000C2D001AB4FF00209049F05AA06930123DC
:10BDD000ADF81C9038468DF81430B4F85030BDF8EA
:10BDE0000E805BBA4146ADF80430FFF76DFF0028C6
:10BDF000AAD13834082305AA414638460694ADF83E
:10BE00001C308DF81490FFF75FFF00289CD1D6F806
:10BE10000480EC6808F1080734BB6C69002C93D0EF
:10BE200022460C2105F11400F68AF3F745FC0421A3
:10BE300005A8C5F79FFD059B5A1DF8D86FF0404235
:10BE40000C21B3FBF2F3013322466818A3720123DD
:10BE5000E372D8F8083023607B68268163600EF0B7
:10BE600009FED3F743F86FE708223946204610F061
:10BE7000D2FF00283FF468AFE468CDE74368002BA9
:10BE80003FF462AF9B7EDF077FF55EAF05AB1A2202
:10BE9000898AF06808F075FC03287FF755AF01AB7D
:10BEA0000322BDF81610069801F0DBFC6B468146B4
:10BEB0008122BDF81610069801F0BCFD01287FF61E
:10BEC00043AF02AB0222BDF81610069801F0C9FC80
:10BED00007287FF639AF5FFA89F9B9F1100F3FF6FD
:10BEE00033AFBDF8003095F82920B2EB133F3FF691
:10BEF0002BAF6A68927E540702D518057FF524AFF0
:10BF000003AB0822BDF816100698B6F816A001F08B
:10BF1000A8FCC7B20DF102031222BDF81610112FB2
:10BF2000069828BF002701F085FD6B6880469A7E41
:10BF300091070AD5012800D93FB92A68D2F86021B3
:10BF400092F87322022A7FF6FFAE1A7E2B6ABBB3E9
:10BF50006C6A14F8041C503C914203D1B4F84610AA
:10BF6000514503D0A3422BD0646DF2E794F94D20E4
:10BF700096F91B309A42BFF6E7AE72689368C4F830
:10BF80003E30D368C4F8423094F83E3083F0020368
:10BF900084F83E305FB13A46039904F1260010F070
:10BFA00004FFB4F84E3067F30813A4F84E30B8F12C
:10BFB000010F7FF6C9AEBDF80230A4F84830C3E6E1
:10BFC0005820F3F7EFFB044600283FF4BDAE58229B
:10BFD000002110F011FFBDF8003094F84E20002130
:10BFE0001B0B63F3030284F84E2096F91B3084F890
:10BFF0004D306B681B7EA4F846A084F84C30029A42
:10C000001368C4F8363053681022C4F83A3004F18B
:10C010001603184610F0F0FE4A46019910F0C5FECE
:10C0200004F14A030F22BDF81610069801F002FD34
:10C03000BDF81630BDF800102046069AFFF71CFE2A
:10C040006B68296A05F120009B7E13F0040316D06B
:10C050000A4600232AB93BB9224650210EF00AFDB8
:10C060008BE70133126DF5E70029F5D094F94D50B7
:10C0700091F94D200B6D954226DC1946F4E7B4F892
:10C080004E20C2F30412012A05D194F82630A3F100
:10C09000FF02534253410D460022D5B9002ADBD09E
:10C0A0000029D9D0B1F84E200D6DC2F30412012A37
:10C0B00004D191F82620FF2A00D12BB194F94DC06C
:10C0C00091F94D20944507DD224650200EF0CAFC20
:10C0D00053E701322D6DE0E72946E1E713785B076E
:10C0E00001D1FFF723BE704710B5D2F7F1FE044629
:10C0F00048B1FFF78DFD2046FFF793FD2046FFF77F
:10C100006FFD002010BD4FF0FF30FBE710B5D2F7F8
:10C11000DFFE10B1046A0CB9204610BD2246502142
:10C120002030F3F7C9FAF7E7F7B506460F4615468C
:10C13000AAB351880E23002290F90D00103189B264
:10C140000CF03CFA044668B301A996F90D0001F021
:10C150006EFA019B0222052120460CF0A7FA204628
:10C160000CF090FA11220346033000F8032C012250
:10C1700000F8022C9A706A881AB1D2B2696808F085
:10C18000D5FB014620460CF08FFA394620460CF0CC
:10C19000B8FA2046EFF772F8002003B0F0BD6FF058
:10C1A0000100FAE74FF0FF30F7E70A448A4201D175
:10C1B0000020704712F8013D8342F7D101207047FB
:10C1C00010B56020F3F7E6FA044638B1602200218A
:10C1D00010F012FE4FF6FF73A4F85630204610BD43
:10C1E00038B5044630B14FF48870F3F7D3FA0546FA
:10C1F00010B92C46204638BD228A04F112011230B3
:10C2000010F0D3FD238A2B8223682B60D4E902230C
:10C21000C5E90223EDE738B51D46D4F775F80446A5
:10C2200058B1836928461A7F996910F0BEFDA36949
:10C2300000201A7F049B1A7038BD4FF0FF30FBE7D7
:10C240002DE9F74F99460E46038A17469DF830B000
:10C2500000F112044FF00008ADF80630BDF806A05A
:10C26000BAF1000F20D0257836B12FB13A463146C9
:10C270002846FFF79AFF78B128465A464946FFF705
:10C2800094FF054640B95146204601F018FB0028AE
:10C290000FDB40440FFA80F820460DF1060101F053
:10C2A00021FB04460028D9D11FFA88F003B0BDE86D
:10C2B000F08F2846FAE72DE9F74F99460746038A9B
:10C2C00090469DF834A000F112040D46ADF80630FA
:10C2D000BDF806605EB394F800B0B8F1000F08D066
:10C2E000B9F1000F05D04A4641465846FFF75DFFB9
:10C2F000A8B152460C995846FFF757FF78B9314616
:10C30000204601F0DCFA061E11DB3B8A3344FE2B8B
:10C310000DDC284635443246214610F046FD2046C5
:10C320000DF1060101F0DEFA04460028D0D12846BE
:10C3300003B0BDE8F08F37B5054648B3018A00F178
:10C340001204ADF80610204601F0AAFAC0B9BDF8F3
:10C350000610204601F0B3FA2B8A0DF106011B1AD4
:10C3600020462B8201F0BEFA014620B1BDF806201E
:10C37000204610F028FDBDF806100029E3D107E0A3
:10C3800020460DF1060101F0ADFA04460028F2D175
:10C3900003B030BD70B588B016460D46D3F7B4FF74
:10C3A0000446A0B16A46282130460BF09BF96B4643
:10C3B00005F1080242F2107194F94200FEF708FDFF
:10C3C00094F94200FEF741FD002008B070BD4FF027
:10C3D000FF30FAE738B50446002590F94200FEF731
:10C3E00011FD1022002104F11C0010F005FD94F94C
:10C3F0004400A585F4F72AFA94F94300F4F726FAE5
:10C40000606B84F8445084F843500FF00EF8A06B32
:10C410000FF00BF8C4E90D5538BD10B5044640B116
:10C42000FFF7D8FF236B23B194F94200BDE8104019
:10C43000184710BDFFF7F1BF13B504460821684641
:10C44000C5F798FA0022DDE90031A3540132082A29
:10C4500004D01B0A43EA0163090AF6E702B010BDE3
:10C460002DE9F743984600F11207038A05460C466A
:10C470009DF828901F44ADF8062014B1BDF8066061
:10C4800016B903B0BDE8F0834A4641462078FFF76D
:10C490008CFE90B93146204601F011FA061EF0DB01
:10C4A0002B8A3344FE2BECDC384632462146374497
:10C4B00010F07BFC2B8A33442B8220460DF10601C1
:10C4C00001F010FA0446D8E72DE9F743984600F149
:10C4D0001207038A05460C469DF828901F44ADF8C4
:10C4E0000620BDF8066006B34A4641462078FFF7AD
:10C4F0005CFE90B13146204601F0E1F9061E14DBE6
:10C500002B8A3344FE2B10DC384632462146374412
:10C5100010F04BFC2B8A33442B8220460DF1060190
:10C5200001F0E0F904460028DBD103B0BDE8F08358
:10C530002DE9F043002485B007460E46ADF80E40C5
:10C5400009B300B301F112080DF10E032246098A66
:10C55000404601F0EFF9BDF80E00A0B1F3F722F963
:10C56000054680B107F1120902460DF10E03318A2A
:10C57000404601F0DFF9BDF80E309C4206D3C3B946
:10C580002846F3F717F905B0BDE8F0832A5D484661
:10C59000398A01F049F948B12A5D013CBDF80E1015
:10C5A0002846E4B201F0E9F9ADF80E000134E4B236
:10C5B000E1E7DBB24146384600932B46328AFFF76B
:10C5C00083FFDDE72DE9F8430D461446E8F7E2F96D
:10C5D0000646002D6FD0002C6DD000286BD0B4F82B
:10C5E000543003224FF000094FF00408EA741A0A8D
:10C5F000AB7535236A750221EB75062385F8129019
:10C60000082285F8149005F11F002B7605F112071A
:10C6100094F8483085F81A806B76236CC5F81B3087
:10C6200004F1380301F0ABF804F1300308220721CC
:10C6300001F0A5F804F110031022052101F09FF884
:10C64000B4F85020012101F0CEF84146102204F147
:10C65000200301F094F81022804649462046C3F793
:10C66000BFFD50B3021B234692B20321404601F0A6
:10C6700086F80C2203460270D6F8602192F87322E5
:10C68000022A1CD90422063000F8052CB4F84A20EE
:10C69000110A00F8032C00F8041C94F8562000F846
:10C6A000022C94F857205A710E21D4E9162301F078
:10C6B000AEF8C01B2882BDE8F8831022D3E703221E
:10C6C000053000F8042CB4F84A20110A00F8022CB6
:10C6D00000F8031C94F856201A71E5E70120704712
:10C6E000012070470920704708B5D3F7FFFD30B12E
:10C6F00090F8413013F0010314BF0068184608BDDC
:10C7000008B5D3F7F3FD00B1006808BD08B5D3F74D
:10C71000EDFD18B10368D3E9160108BD0020002122
:10C72000FBE708B5D3F7E2FD10B1036893F85600B4
:10C7300008BD73B51D461646D3F7D8FD0023044641
:10C74000019390B140680E2201AB018A123001F0D2
:10C7500088F8019A1AB1304629460EF033F863681A
:10C76000C3E902652368C3E9166502B070BD08B568
:10C77000D3F7BCFD18B18068003818BF012008BD90
:10C7800008B5D3F7B3FD034628B1806818B193F814
:10C79000450000F0010008BD08B5D3F7A7FD40B182
:10C7A000836833B190F84520D20702D5D3E902015E
:10C7B00008BD00200021FBE738B515461C46D3F71D
:10C7C00095FD28B1816819B10020C1E9025438BD36
:10C7D0004FF0FF30FBE708B5D3F788FD10B1806854
:10C7E00000B1006808BD2DE9F34140B20F4616467E
:10C7F0001D469DF82080D3F779FDC0B18068B0B1A7
:10C8000032462B46CDF80080FFF71AFD332204464E
:10C810003146384601F0CFF838B133224146284638
:10C8200001F0C9F808B90A34A4B2A01D80B202B060
:10C83000BDE8F0812DE9F74340B216461F460C468D
:10C84000D3F754FDDDF828809DF82C90054628B3D9
:10C85000806818B332463B46CDE90089FFF72BFDCF
:10C86000332204463946304601F0A5F868B1332238
:10C870004946404601F09FF838B9AB68204633215D
:10C88000D3E9022300F0C3FF0446AB6834212046FD
:10C890001A6803B0BDE8F04300F0AFBF204603B014
:10C8A000BDE8F08310B540B2D3F720FD044648B18F
:10C8B000806838B16168FFF73BFEA068BDE81040B2
:10C8C000FFF739BD10BD08B5D3F710FD18B1C0682A
:10C8D000003818BF012008BD10B5D3F707FD044686
:10C8E00028B1C06818B1F2F765FF0023E36010BDFE
:10C8F00010B5D3F7FBFC60B1C16851B100244160B1
:10C900001231C460006831F8022CD3F7ABFD204629
:10C9100010BD4FF0FF30FBE708B5D3F7E7FC18B1C7
:10C920004069003818BF012008BD08B5D3F7DEFC08
:10C9300020B1406910B1008A103080B208BD38B50E
:10C94000D3F7D4FC0D460446A8B1416999B10A8ACF
:10C950002846123110F029FA63693321188AD3E985
:10C960000223284400F053FF636934211A68BDE8AC
:10C97000384000F042BF284638BD10B5D3F7B6FCAA
:10C98000044628B1406918B1F2F714FF002363612F
:10C9900010BD08B5D3F7AAFC18B10069003818BF5C
:10C9A000012008BD08B5D3F7A1FC10B1006900B1A2
:10C9B000008A08BD38B5D3F799FC0C46054648B146
:10C9C000016939B10A8A2046123110F0EEF92B695B
:10C9D0001B8A1C44204638BD10B5D3F787FC04469B
:10C9E00028B1006918B1F2F7E5FE0023236110BDFC
:10C9F00008B5D3F77BFC00B1806908BD08B5D3F753
:10CA000075FC08B190F8400008BD38B50546D3F76D
:10CA10006DFC044650B1806840B1F2F7CBFE0023B4
:10CA20002846A360BDE83840D3F738BF38BD10B5FD
:10CA30000446D3F75BFCA8B1C36B43B18B42A3EBB5
:10CA4000010338BF0022C36338BF80F840208268EA
:10CA500042B1136833B14FF47A7041438B4202D92B
:10CA60005B1A136010BD2046BDE81040D3F764BFC9
:10CA700038B50D46D3F75AFC04461DB310B303680E
:10CA800013B9FFF79DFB20602046D3F76DFC2A46C3
:10CA9000616894F94200FFF795FD616820680A8A91
:10CAA0001231D3F7DFFC2368EA6CDA6494F8413082
:10CAB00094F9420043F0010384F84130BDE8384066
:10CAC000D3F7ECBE4FF0FF3038BD70B540B214461E
:10CAD0001D469DF81060D3F709FC40B1406830B1A5
:10CAE0002B4622460496BDE87040FFF7A9BB002004
:10CAF00070BD2DE9F04140B20C4615461E469DF82A
:10CB00001C70D3F7F3FB40B1406830B133462A467E
:10CB10000797BDE8F041FFF7CEBB2046BDE8F081A6
:10CB200038B50546E8B190F83C40006AA0B90D342C
:10CB3000686A18B10234C3F71FFC0444A86A18B12C
:10CB40000234C3F719FC0444E86A18B10234C3F78D
:10CB500013FC0444204638BD0F34C3F70DFC0444D5
:10CB6000E6E70446F6E770B50E46044600283FD0D7
:10CB700000293DD001F130030622252100F0FFFD00
:10CB8000B36B96F83C20242100F0F9FD356A044689
:10CB90004DB12846C3F7F0FB2B4682B22021204638
:10CBA00000F0EDFD0446756A4DB12846C3F7E4FB7D
:10CBB0002B4682B22121204600F0E1FD0446B56AF1
:10CBC0004DB12846C3F7D8FB2B4682B2222120461E
:10CBD00000F0D5FD0446F56A55B12846C3F7CCFBF5
:10CBE0002B4682B223212046BDE8704000F0C7BD2D
:10CBF000204670BDF0B585B015461F46D3F776FBCD
:10CC0000002200230E460446CDE9022330B39DF8EE
:10CC100028302A4600933B464068FFF721FC29460E
:10CC200002AB0E22304600F024FF94F94200DDE909
:10CC30000223FFF77EFD616820680A8A1231D3F76C
:10CC400011FC94F8413094F9420043F0010384F858
:10CC50004130D3F723FE002005B0F0BD4FF0FF3088
:10CC6000FAE738B513680D0100EB0114435100F2E7
:10CC70000140536863600DF02AFE4FF0FF33A3605C
:10CC80000023237338BD07B501210DF10700C4F758
:10CC900071FE9DF8070003B05DF804FBF8B5064689
:10CCA0000D46002401F20147214638460DF004FEEE
:10CCB00048B1220105EB0411AA5806EBC40346F85B
:10CCC00034204A685A600134402CEDD1F8BD38B5A3
:10CCD000D0F860310546D3F82032CBB14FF4007064
:10CCE000F2F760FD0446B0B14FF40072002110F07D
:10CCF00083F8D5F860312046D3F82012FFF7CEFF35
:10CD00002046D8F7F3FD2046F2F754FD002038BD49
:10CD10004FF0FF30FBE76FF00100F8E710B5044675
:10CD200048B1D0F8283233B1D0F82002F2F742FDF2
:10CD30000023C4F8203210BDD0F86031D3F820228F
:10CD400092F8091402F201420131C9B21172DBF703
:10CD50001FBD2DE9F84F0D46E7F71CFE044620B92C
:10CD60004FF0FF373846BDE8F88FD0F86061002EED
:10CD7000F6D0D6F82032002B6CD094F90D00D4F701
:10CD8000DBF907460028EBD14FF40070F2F70AFDFB
:10CD900006460028E4D0D8F7FFFD28B14FF4007212
:10CDA0003946304610F028F86A684FF00109D4F887
:10CDB00060314FF0FF381278D3F8203283F809241D
:10CDC00069680025D4F86031AA46D3F82022D1F84A
:10CDD0000130C2F80134D1F80530C2F80534D4F876
:10CDE00060312946D3F820B20BF201400BEB051B52
:10CDF0000DF062FD034606EBC50C2901A8B38BF8C4
:10CE00000CA0D4F86031D3F8202256F835305018F1
:10CE10005350DCF804304360D4F860310135D3F866
:10CE20002032402D0B44C3F80880D8D13046D8F7C3
:10CE30005DFD3046F2F7BEFCD4F86001943001F09D
:10CE400062FCD4F860019430D8F726FB2046FFF747
:10CE500073FF87E7FEF79BF8C6F82002D4F860312D
:10CE6000D3F82032002B88D17AE78BF80C90D4F8D5
:10CE70006021D2F8202250185350436046F83530D4
:10CE8000CCF80430C8E770B500F201450E462846DC
:10CE90000DF012FD044618B1314628460DF020FD74
:10CEA000204670BD70B50546D0F860010121943070
:10CEB00001F0CBFE0446D5F860010121943001F069
:10CEC000B4FE0444D5F86001A4B290F8FC31DE074A
:10CED0004ED590F8FB31002B4CD00A3313F0FF03F2
:10CEE00003D0023413FA84F4A4B223B2002B3EDD43
:10CEF00000F1A501943002F0D1F80146D5F86001A7
:10CF0000943002F032F9D5F86031024693F8FC1102
:10CF1000C90731D593F8FB3183B30A3313F0FF030C
:10CF200021D0104608260B2100F8026B5370D5F86B
:10CF30006031B3F8F82100F056FCD5F8603193F871
:10CF4000FC21D2070FD503F5F7730222092100F067
:10CF500016FCD5F8603193F8FB2122B103F5E87394
:10CF6000314600F00CFCD5F86031A3F8A44170BD47
:10CF70000423B6E70823B4E70423D2E70823D0E765
:10CF800010B5D0F8603104467BB329B193F8AD11E8
:10CF900041F0010183F8AD113AB1D4F8602192F863
:10CFA000AD3143F0020382F8AD31D4F8603193F82B
:10CFB000AD21D10717D5D3F8282253790133537106
:10CFC000D4F86031D3F82822204613790133137145
:10CFD000FFF768FFD4F8603193F8AC212AB9012239
:10CFE00083F8AC2101E09207ECD410BDF8B50D46F2
:10CFF000E7F7D0FC074630B3D0F860411CB394F893
:10D00000FC6116F001061CD004F5F07410222946CC
:10D0100020460FF000FFB0B1EB895BBA9BB2B3F5CD
:10D020007C4F10D22946234605F1100251F8040B1B
:10D03000914243F8040BF9D1012200213846FFF751
:10D040009FFF3046F8BD0026FBE72DE9F74FD0F8EB
:10D0500060A105460F46BAF1000F56D0DAF82092CB
:10D06000B9F1000F51D0002609F201434C46B046F9
:10D070000193314601980DF01FFC8346002838D0FB
:10D08000DAF82832F1B29B798B4225D0A368581C7C
:10D0900022D0BB4202D9DB1BA3601DE04FEA8628E9
:10D0A0006423002248461FFA88F8A3602273FFF722
:10D0B000EAFE4346002228461146D4F7EBFFD5F896
:10D0C00060014146943002F093F803460028F1D104
:10D0D000D8465046DBF72EFC01361034402EC8D11E
:10D0E000B8F1000F11D0284603B0BDE8F04FFFF7AC
:10D0F00023BEA3685A1CEFD0BB42CCD84FF0FF33FD
:10D10000A3604FF001032373E6E703B0BDE8F08F9F
:10D11000F8B5D0F8602104460D46D2F82032002B35
:10D120004BD092F8AC3123B18B4223D95B1A82F8F1
:10D13000AC31D4F86031D3F8203293F80064FEB1FA
:10D14000AE428BBF761B002283F8006483F8002474
:10D15000D4F86031D3F8202292F80A3423B1AB42DC
:10D1600024D95B1B82F80A3429462046BDE8F840E2
:10D17000FFF76BBF002382F8AC31D0F7D9FCD8E7BA
:10D180000A27204683F80074FFF7D6FDD4F8601113
:10D190003A4694F90D0004F19403943101F062FAD7
:10D1A000324631462046FFF7EBFED1E7002320460A
:10D1B00082F80A34FFF78BFDD6E7F8BD38B5044690
:10D1C0000D46FFF791FAE8B32046E7F7E3FB044684
:10D1D000C0B3D0F86031ABB3D3F8202292B3B3F828
:10D1E000F821AA422ED10132A3F8F821D0F86031FB
:10D1F000D3F8F40130B1F2F7DDFAD4F8603100224F
:10D20000C3F8F421D4F860210025204692F8FC31BF
:10D21000294623F0010382F8FC310122D4F8603161
:10D2200083F8FB51FFF7ACFED4F86031D3F8F0017E
:10D230000EF0FBF8D4F86031C3F8F051D4F8603147
:10D2400083F8FA5138BDD0F8203263B109010B449C
:10D250001AB14FF0FF329A6070479968013102BFEE
:10D260005A211A7399607047084608B5D5F782F9B4
:10D27000024648B190F8383013F0010004D092F81B
:10D28000240002304000C0B208BDF8B5084614467C
:10D29000D5F770F9B0B190F83830DB0712D52146D8
:10D2A00059232246002601F8023B022790F8243039
:10D2B0009B006370D518441EAA4205D12530CC18B6
:10D2C000D5F766FA2046F8BD9670043202F8017C64
:10D2D00014F801CF82F800C094F812C082F801C09F
:10D2E000EAE710B51946D5F737FC80B184680CB968
:10D2F000002010BD90F9100021B18B898A690021AE
:10D30000A047F5E70B460A464FF0FF31F8E74FF02C
:10D31000FF30EEE70020704730B585B01C46D5F7EA
:10D320001BFC0546002832D064B900234FF0FF31C2
:10D3300002934FF6FE73ADF806302C6804BB002054
:10D3400005B030BD02AB0722A189A06900F089FABF
:10D350000828EAD90DF106030222A189A06900F08C
:10D3600069FB0128E1D903AB0422A189A06900F07F
:10D3700078FA0028D9D0039B19780029D5D1DCE7A9
:10D38000029BBDF8062095F91000A047D7E74FF0A3
:10D39000FF30D5E70020704708B5D5F7DDFB10B1A9
:10D3A00090F9100008BD4FF0FF30FBE708B5D5F746
:10D3B000C5FB28B190F91100BDE80840F3F70CBB9C
:10D3C00008BD10B50146D5F7B9FB04460846E7F796
:10D3D000E1FA9CB190B1D0F860310021A3F8C211FC
:10D3E000D0F8603193F8782261F3C30283F8782291
:10D3F00094F91100BDE81040F3F7F6BA10BDD0F86B
:10D4000060210B68C2F800324B68C2F80432012276
:10D41000D0F8603183F80822704730B5144689B0DF
:10D420000546084604F07F046946D5F7E1FE04A9E5
:10D430000134012328462246FBF776FC01232246CD
:10D44000694695F90D000BF098FA09B030BD70B53A
:10D45000054688B008465AB3541E04AE69462246B3
:10D4600004F07F04D5F7C4FE012301343146284679
:10D470002246FBF7D6FC00232246694695F90D00AB
:10D480000BF07BFAD5F8603193F89020683383F87D
:10D49000294042F0010283F828206A4614460833E6
:10D4A00003CCB44243F8080C43F8041C2246F5D1DF
:10D4B00008B070BD30B5541C89B0054608462246F8
:10D4C00004F07F0469460134D5F792FE04A90123D4
:10D4D00022462846FBF792FC00232246694695F92E
:10D4E0000D000BF04AFA09B030BD70B5044690F952
:10D4F0000D00FFF7F9F8064690B394F90D000BF014
:10D5000017FA054660B394F90D000BF01AFAD4F837
:10D51000602105F1100192F89030683282F82900FC
:10D5200043F0010382F828302B4653F8040B8B425A
:10D5300042F8040BF9D1F36C00210133F36494F940
:10D540000D00FBF79DFEF26C06F110012046FFF77F
:10D55000B1FF314620460022BDE87040D1F726B821
:10D5600070BD38B5D0F8783104469D7865B1FBF7C9
:10D570006BFC294694F90D000BF0F3F920B120461D
:10D58000BDE83840FFF7B1BF38BD70B5CB6C05467C
:10D590000C461646934204D00133934203D1FFF761
:10D5A000E0FF002070BDFBF772FCE664002195F9F6
:10D5B0000D00FBF765FE0021324604F11006084617
:10D5C000D8F7C6FBE26C31462846FFF740FFE26C15
:10D5D00031462846FFF721FFE26C31462846FFF727
:10D5E00069FFDEE7F8B505460E46FFF77DF804460D
:10D5F000E0B12846E7F7CEF90546B8B1D0F860317A
:10D60000A3B193F89020920710D5E26CB2420DD2EC
:10D61000D3F8887057B932462146FFF7B6FF3A462D
:10D6200021462846BDE8F840D0F7C0BFF8BD70B528
:10D6300006460D46FFF758F8044610B94FF0FF3084
:10D6400070BD3046E7F7A6F90028F7D0D0F8603172
:10D65000002BF3D093F890309B07EFD5E36C0020BC
:10D660002B60EDE738B50C46E7F794F9054610B99D
:10D670004FF0FF3038BD002CFAD0D0F86031002BCD
:10D68000F6D0FDF778FD0028F2D1D5F8602192F8A8
:10D690000832002BECD0D2F800322360D2F80432EA
:10D6A0006360E7E7FFF720B870B50E46E7F772F959
:10D6B000054618B94FF0FF34204670BDD0F86031F0
:10D6C000002BF7D0FDF757FD04460028F2D1D5F81E
:10D6D000602192F80832002BECD0D2F82832304684
:10D6E0009979890201F47C41D0F748FFE4E738B525
:10D6F00005460C4669B1FFF7B5FF10B16FF00100A8
:10D7000038BD04F108012846D5F790FD0028F7D070
:10D71000F4E74FF0FF30F3E7014640B1836833B1DF
:10D72000002300F11C020C318360D6F721B870474A
:10D7300008B5D5F7FDFD10B190F9310008BD4FF0E7
:10D74000FF30FBE708B5D5F701FE10B190F93000C6
:10D7500008BD4FF0FF30FBE708B5D5F7E9FD58B13C
:10D7600090F833200B7962F300030B71838D0B80EB
:10D77000C38D00204B8008BD4FF0FF30FBE738B56C
:10D780000D4614461946A8B1FE2CD2B205700CD92C
:10D79000FF23C2704370230A8370031D49B11846EA
:10D7A00022460FF002FB034603E0831C4270002C6C
:10D7B000F4D1181938BD70B1FE2AD3B2017008D95E
:10D7C000FF21120AC370043000F8031C00F8022C79
:10D7D000704743700230704701230170827003303C
:10D7E00000F8023C704702230170C270043000F858
:10D7F000033C130A00F8023C7047034608461946EA
:10D8000001F8020B0420587010460CF0F1BF30B440
:10D8100004460D46104619462246082302F8025BCC
:10D82000637030BC0CF0CEBF10B530B1012903D904
:10D830000144841C8C4201D9002010BD4378FF2B89
:10D8400005D1041DA142F7D343885BBA9BB21C44A7
:10D85000A142F1D30378934201D02046E9E70120A9
:10D86000EBE770B5C8B1012904D904460144A51CF1
:10D870008D4201D9002010E06078FF2805D1251DD8
:10D88000A942F7D3608840BA80B22E18B142F1D3D2
:10D890002478944202D103B11D6070BD3446E6E79E
:10D8A000012909D94378FF2B04D1032904D94088E1
:10D8B000C0BA704718B270474FF0FF307047012967
:10D8C0000DD94378FF2B08D1032908D98378C07874
:10D8D000043000EB032000B27047981C70474FF0F3
:10D8E000FF307047024610B5A8B1A1B10C88032CD7
:10D8F0000FD94378FF2B0AD1052C0AD943885BBA8C
:10D900009BB20433D018821AA41A0C8010BD0233C3
:10D91000F8E700230B800020F8E708B538B13AB1EA
:10D9200000231278FFF79DFFC01A18BF012008BD21
:10D930001046FCE737B515461C46ADF80610B0B1E9
:10D940008BB2012B15D9B4B100232380BDF806306A
:10D9500063B115B1037805F8013B23880DF1060189
:10D9600001332380FFF7BEFF0028EFD1208803B0EA
:10D9700030BD0020FBE72046F9E7F8B50C46174616
:10D980000546B0B189B1064600233278BA420ED1BD
:10D990000133A34204DAE21A711C30460FF013FA85
:10D9A000013CA4B2731BA342EFDB2046F8BD013655
:10D9B000F8E70446F9E70144884201D100207047A6
:10D9C00010F8013B9342F7D1012070472DE9F04157
:10D9D000D3F8008005460C4617461E46FFF741FF68
:10D9E000B8F1000F01D010B90020BDE8F081336814
:10D9F000241A3A465D1B4345A4EB050403EB0005DE
:10DA00003346A4B22846214603D1BDE8F041FFF7D2
:10DA100028BFFFF726FFE6E713B51C4601ABFFF76B
:10DA200020FF10F0FF0003D014B1019B1B7823707E
:10DA300002B010BD13B51C4601ABFFF712FFC0B218
:10DA4000012804D91CB1019B1B885BBA238002B05A
:10DA500010BD37B51D4601ABFFF703FFC4B2032C61
:10DA600004D91DB101980CF0CCFE2860204603B00B
:10DA700030BD37B51D4601ABFFF7F3FEC4B2072C2E
:10DA800005D925B101980CF0AEFEC5E9000120468C
:10DA900003B030BD2DE9F04706460F46846B94B3C2
:10DAA00031462046D4F82C80E3F792FA0E280AD0AB
:10DAB00031462046E3F78CFA032831D1314620461F
:10DAC000D0F74AFD60BB7D8804F10809D7F804A0AF
:10DAD0000DB92A4620E0504610F9013B002B09DA27
:10DAE000082249460FF097F990B10AF1090A093D59
:10DAF000ADB2EDE7102221460FF08DF940B10AF1E9
:10DB0000110A113DF4E73046BDE8F047D0F714B9EB
:10DB1000A3692BB94FF0FF322146304605F0DEFFF6
:10DB20004446BCE770B5D0F8783106461546022267
:10DB3000D3F8AC000AF002FA044610B900242046DB
:10DB400070BD037D9B07F9D4D6F860012178603061
:10DB500000F0E0F90028F1D003682B6043686B60A7
:10DB6000EDE72DE9FF410F4690461C46E6F712FF10
:10DB70000546C0B100F1A006414630460BF0F7F96A
:10DB8000014680B197B9D5F8783164BAE0223046C1
:10DB9000DB8EADF80E405BBAADF80C3003AB0093F2
:10DBA00002230BF0B7FA04B0BDE8F081304604B0B0
:10DBB000BDE8F041EEF7C2BA704710B50446D8F799
:10DBC0002BFE2046D8F714FC002010BD2DE9F843A9
:10DBD0001F4691F87A3005460C4613F004081646A5
:10DBE000DDF8209004D02046BDE8F843E3F7A0B963
:10DBF000DB09F8D03A78022AF5D1D0F87831F11C57
:10DC0000D3F8AC000AF09AF968B1294604F109008A
:10DC1000D0F7A2FC38B1E27DF3789A4203D1227E9C
:10DC200033799A4209D001233A462946204689F899
:10DC30000030BDE8F843D7F7E9B894F87A302046C9
:10DC400068F3861384F87A30BDE8F8832DE9F84349
:10DC50001646127804460D46022A994644D1D0F859
:10DC60007831F11CD3F8AC000AF068F995F87A30F5
:10DC7000DB0903D1C0B3037D9B0735D505F1090846
:10DC8000404605F018FE78BB21464046D0F764FCBC
:10DC900050BB284604F0E0FF30B390F9022094F91D
:10DCA0000D309A4220D141460C3005F03BFED8B1F0
:10DCB000204602F02FF910B1D4F8CC704FB90123EF
:10DCC00032462146284689F80030BDE8F843D7F7A8
:10DCD0009DB8FB7C012B05D11022414638460FF040
:10DCE0009AF808B13F6AE9E72846BDE8F88370B5BD
:10DCF0000C460646014604F10900D0F72DFC70B32E
:10DD0000314604F11D00D0F727FC40B394F877307A
:10DD1000012B24D194F878300BBBB4F84010B4F840
:10DD200042305B1A2B2B1ADDA036A8313046214435
:10DD30000BF01DF9054690B1037D022B0FD1C37C7A
:10DD40006BB9418EB4F82B0049BA40BA89B280B29F
:10DD500002F0CFF818B129463046EEF7EFF9204629
:10DD600070BD2DE9F74F00F1A0065BBA52BA054627
:10DD70003046ADF80430ADF80620DDE90C78EEF75A
:10DD8000FDF9044690B3C37C00F1300A95F8A3B0C6
:10DD9000012B0AEB0B0905D10822394648460FF042
:10DDA0003AF830BB3B680222A57C21464AF80B308A
:10DDB00030467B68C9F8043001AB0BF081F90123D0
:10DDC00003222146E3744FF0FF333046E3610BF04A
:10DDD00055F9B8F1000F03D1002003B0BDE8F08F72
:10DDE000B5FA85F35B0988F80030F5E74FF0FF30AE
:10DDF000F3E76FF00100F0E72DE9F04105460E462C
:10DE00001746D0F8CC4094B1E37CD4F82080013B95
:10DE1000012B0AD83A46314620460BF0EDF820B1E6
:10DE2000214605F1A000EEF789F94446EBE7BDE88D
:10DE3000F08110B54FF638430A8886B00C469A42F6
:10DE400002D0002006B010BD002302A91A4600939C
:10DE5000FDF707FE0028F4D1BDF8163001205BBAAB
:10DE60002380EFE738B50A8804460D46B2F57C4FAB
:10DE700007D1D0F86031D3F828329B799B022B80F0
:10DE80000CE022F00F00B0F57C4F83B208D1D4F83B
:10DE90006001D2B2943000F091FE38B3002038BD5A
:10DEA0004FF610418B4203D04FF620418B4208D1F0
:10DEB000D4F8600102F00F022946943000F095FE7C
:10DEC000EBE722F007034FF630418B420ED1D4F836
:10DED000603193F8FC11C9070ED5B3F8F8114A4028
:10DEE000520709D1B3F8EE315BBAC8E7294620469C
:10DEF000FFF79FFF0138D2E74FF0FF30CFE703462F
:10DF0000006830B11B798B4202D900EB01107047D9
:10DF100000207047FFF7F3BF10B51C46FFF7EFFF77
:10DF200028B12CB183891A44A2EBD302828110BD9F
:10DF3000D200FBE708B5FFF7E2FF00B1808908BD1A
:10DF400008B5FFF7DCFF00B1806808BD08B5FFF732
:10DF5000D6FF10B1807BC0F3400008BD08B5FFF7C5
:10DF6000CEFF18B1837B62F34103837308BD08B50C
:10DF7000FFF7C5FF50B15300C2F3800203F0020364
:10DF80001A43837B23F003031A43827308BD08B549
:10DF9000FFF7B5FF30B1807B00F00103C0F3400014
:10DFA00040EA830008BD034628B15B074FEAD00072
:10DFB00001D001307047704738B5144642B103466E
:10DFC000082503F8025B427018460EF0EEFE20446E
:10DFD00038BD0B0A4170C270043000F8043C130ACB
:10DFE00000F8023C70470B0A41708270033000F861
:10DFF000033C70470346002003B9704701305B586B
:10E00000FAE7036800201BB908B10230C0B27047BC
:10E010009A785B68B1EBD21F04BF0330C0B2F2E75D
:10E02000036800201BB908B10230C0B270479A786B
:10E030005B68B1EBD21F04BF0430C0B2F2E70368E3
:10E0400000201BB908B10230C0B270471A789B6833
:10E05000C2F340128A4204BF0230C0B2F1E770B589
:10E0600000238C1C006830B91BB106324B700A705B
:10E070002146084670BD0578C5F34016964209D181
:10E0800005F01F052646023306F8025B4578DBB231
:10E09000657034468068E6E72DE9F047042A0446B7
:10E0A0000D4690461F4601F1020014BF4FF00309D0
:10E0B0004FF00409D4F800A00026BAF1000F08D1EF
:10E0C00026B147EA08076E702F7005462846BDE85E
:10E0D000F0879AF80230B7EBD31F2FD14E4443F3A9
:10E0E0000102B8F1040FBAF80010F6B254B228D108
:10E0F000C3F38002A40344EA4234C3F3C00244EAF7
:10E100000234C3F3001244EAC224C3F34012C3F33F
:10E11000801344EA822444EA43249AF8033003F04B
:10E12000010244EA0224C3F34002C3F3800344EA39
:10E13000C21444EA8314A2B2FFF74BFFDAF804A03A
:10E14000BBE7920102F0C002FFF74DFFF6E738B5DA
:10E1500015460468084604B938BD637A0DB9DA0774
:10E1600013D503F001030C330370237A0233437099
:10E170002288130AC2708370031D227A18466168D0
:10E180000EF013FE0346207A1844E468E3E70246E3
:10E1900010B50469002054B940B11378127BDB0735
:10E1A0004CBF831C831DDBB29818C0B210BD11B9DF
:10E1B000637ADB0704D5031D207A50FA83F3D8B2C3
:10E1C000E468E8E72DE9F843064600F124090D4626
:10E1D0000121484606F11C08FFF722FF044640468D
:10E1E00006F11407FFF70DFF04443846E4B2FFF7C9
:10E1F00026FF0444E4B27DB100214846FFF710FF3A
:10E2000005464046FFF7FDFE054438462C44FFF71F
:10E2100016FFE4B20444E4B234B10234707CFFF778
:10E22000C2FE50FA84F4E4B22046BDE8F88338B563
:10E2300005461C20F1F7AEFA044688B1431C1022B3
:10E24000002118460EF0D8FD2A7A69680CF070FBA0
:10E250002B7A63742B782370638A6FF30D036382C8
:10E26000204638BD38B505463420F1F793FA044608
:10E27000D0B1431C1022002118460EF0BDFD2A7AB1
:10E2800069680CF055FB2B7A002263742B7823709D
:10E29000234643F8142FA361234643F8242FA36297
:10E2A000234643F81C2F2362204638BD10B5044690
:10E2B0000C20F1F76FFA002846D02388827803807B
:10E2C000A378DB0963F3C7128270D2B2A378C3F3D9
:10E2D000401363F345128270D2B2A378C3F3801364
:10E2E00063F386128270D2B2A378C3F3001363F390
:10E2F00004128270D2B2A378C3F3800363F3820264
:10E300008270D2B2A378C3F3C00363F3C3028270F6
:10E31000D2B2A37843F301035BB263F30102C37883
:10E320008270E27862F30003C370E378C278C3F3CB
:10E33000400363F34102C270D2B2E37822F00C02D0
:10E3400003F004031343C37010BD70B506461020DC
:10E350000C461546F1F71EFA58B104F00F04037885
:10E36000467044EA051423F07F0304F07F041C4345
:10E37000047070BD38B5006880B143690BB9C06ADC
:10E38000FAE71C7815786C40240708D15378427C52
:10E390009A4206D101300CF0ADFA013838BD9B68C5
:10E3A000ECE74FF0FF30F9E738B50D4604680CB9DB
:10E3B000204638BD6A6863689A4209D12B7B227B6C
:10E3C0009A4205D1A168A8680EF025FD0028EFD07B
:10E3D000A469ECE738B50D4604680CB9204638BD91
:10E3E0006A6863689A4209D12B7B227B9A4205D1E5
:10E3F000A168A8680EF00FFD0028EFD0A469ECE733
:10E4000038B50D4604687CB12A7823789A4201D049
:10E410006469F8E72B7A627C9A42F9D16968601CDA
:10E420000CF068FA0028F3D0204638BD70B50546D8
:10E430000E46FFF7E5FF0446A0B93046FFF7F7FEAA
:10E44000044678B1296829B92246142128460CF0DF
:10E4500011FB07E0327A4B7C9A4205D32246142006
:10E460000CF000FB204670BD4969ECE70168002014
:10E470000B460BB9C0B270471A78C2F3430282420E
:10E4800001D09B69F5E701301028F1D1FF207047DA
:10E4900038B50D4604687CB12A7823789A4201D0B9
:10E4A000E46AF8E72B7A627C9A42F9D16968601CC9
:10E4B0000CF020FA0028F3D0204638BD006800B9DF
:10E4C000704703888B4204D1C37823F00803C370DC
:10E4D00070474068F3E7006800B9704703888B42D3
:10E4E00004D1437A23F0020343727047C068F3E714
:10E4F00003680BB9102070475A788A4203D1187804
:10E5000000F00F0070479B68F3E7006800B97047A0
:10E51000037803F00F038B42F9D08068F6E70068B8
:10E5200000B970478378DB06FBD44068F8E738B55C
:10E5300005460B46046819787CB9C1F30012587877
:10E5400001F00F01FFF701FF044620B10246082148
:10E5500028460CF08FFA204638BD22784A40120730
:10E56000F9D0A468E7E770B50546046854B12246BF
:10E57000666804212846F1F79FF82046F1F71AF95A
:10E580003446F3E770BD70B50546046874B1606841
:10E59000E66808B1F1F70EF922460C212846F1F79A
:10E5A0008BF82046F1F706F93446EFE770BD70B5F9
:10E5B0000546046854B12246A66808212846F1F7AA
:10E5C0007BF82046F1F7F6F83446F3E770BDF0B576
:10E5D0000468002C2FD0E66A636A83B15F681AB9B9
:10E5E000DD7845F00805DD701D888D4202BFDD78BD
:10E5F00045F00805DD703B46EFE73446E9E7E3699F
:10E6000073B15F681AB9DD7845F00805DD701D88C3
:10E610008D4202BFDD7845F00805DD703B46EFE72F
:10E62000002AEAD16369002BE7D01C7844F040044B
:10E630001C709B68F7E783689BB19C691B6973B189
:10E64000DD681AB9587A40F002005872188888427A
:10E6500002BF587A40F0020058722B46EFE723467B
:10E66000EAE7F0BD2DE9F04F0E4685B017460D687C
:10E670004FF0010A0393002D42D0A846D5F82C9004
:10E6800058F8144F05E06368BB4209D9DB1B63608F
:10E690005C462CB32378D4F808B0DB06F8D4F2E754
:10E6A000224640460821F1F707F8237813F0200F9F
:10E6B00096F8193114BF43F0010343F0020386F8C2
:10E6C0001931002321781A46039801F00F01CDF883
:10E6D00004A00093CAF72CFB2046F1F76BF8D7E7AC
:10E6E0006B6A5BB9EB694BB96B693BB930462A463B
:10E6F0002C21F0F7E1FF2846F1F75CF84D46BAE728
:10E7000005B0BDE8F08FF8B505680446CDB12E46DA
:10E71000ED6A06F11400FFF74AFF06F12400FFF747
:10E7200022FF06F11C00FFF71EFF204632462C2177
:10E73000F0F7C2FF3046F1F73DF8002DE7D1C4E90C
:10E740000054A568BDB104F108072E46AD6906F175
:10E750001000FFF718FFB06808B1F1F72BF8384642
:10E7600032461821F0F7A8FF3046F1F723F8002DC4
:10E77000EBD1C4E90257B4F8183100226FF3090352
:10E780002274A4F81021A4F81831F8BD38B5154644
:10E79000044610B94FF0FF3038BD0B7A002BF9D189
:10E7A000D6F7A2FD0028F5D029882430FFF786FE91
:10E7B0000028EFD0C37843F00803C37090F902300B
:10E7C000002B94F8193105DA43F00103002084F896
:10E7D0001931E1E743F00203F8E738B50D46144676
:10E7E00010B94FF0FF3038BDFFF720FE0028F8D0F9
:10E7F000A378827CDB0963F304128274A378428AD3
:10E8000043F3010363F3C8124282A378C27CC3F3CB
:10E81000401363F34102C274D2B2A378C3F38013EE
:10E8200063F38202C274E278C37C62F3C303C374ED
:10E83000E378C27CC3F3400363F30412C274D2B220
:10E84000E378C3F3800363F34512C274A378827C38
:10E85000C3F3001363F3C3028274D2B2A378C3F389
:10E86000C00363F345128274D2B2A378C3F380036A
:10E8700063F386128274638803F483631BB1D3B29B
:10E8800043F0040383742B7A0BB10020ABE7837C45
:10E8900043F001038374A378827CDB0963F34102B4
:10E8A0008274F2E738B5054610B94FF0FF3038BD35
:10E8B000FFF7A6FD04460028F7D00246142128469B
:10E8C000F0F7FAFE2046F0F775FF0020EFE708B5F5
:10E8D00038B10830D6F796FCB0FA80F040094042D3
:10E8E00008BD4FF0FF30FBE738B5C0B1B9B100F15A
:10E8F00008052846FFF76EFD044680B10246182140
:10E900002846F0F7D9FEA068F0F754FF206908B157
:10E91000F0F750FF2046F0F74DFF002038BD4FF0D4
:10E92000FF30FBE710B5144610B94FF0FF3010BDB3
:10E930000B7A002BF9D0D6F7D7FC0028F5D021466A
:10E940001430FFF7F4FD0028EFD0037823F04003E4
:10E950000370A378DB0742BF037843F02003037002
:10E9600023780278C3F3001363F304120270637810
:10E9700043700020DBE710B5827C034612F00100F3
:10E9800007D0510711D5D97C11F0040F0CBF052019
:10E99000002052070BD5841DE4B2587CFFF703FB1F
:10E9A0002044023000F0FF0010BD0520F1E70028F0
:10E9B000FAD00524F1E738B5002482681AB9056851
:10E9C000CDB9204638BD1378117B13F0010F0CBF71
:10E9D000052301230B441169DBB241B90133DBB2DA
:10E9E0001BB1023413FA84F4A4B29269E6E7117DF4
:10E9F00005310B44F3E72846FFF7BDFF18B1023499
:10EA000010FA84F4A4B26D69DAE72DE9F8430746F9
:10EA1000164685680C464FEA122845B93D684FF006
:10EA200003080427002D48D12046BDE8F8832B7841
:10EA30002A7B13F0010F0CBF0523012313442A691D
:10EA4000DBB2002A35D10133DBB283B36A7DE11C2E
:10EA500063700A3222702A78C2F30003C2F34302C1
:10EA600042EAC312A2702B78DC0703D468680BF06B
:10EA7000BFFE01460B462A7B03F8012B1846A96806
:10EA80000EF093F9297B2A69441882B16A7D0C3211
:10EA900042542B7D84F802800233E6706370231D9C
:10EAA0002A7D296918460EF080F92C7D0444AD6951
:10EAB000B3E72A7D05321344C6E72846FFF75BFF1C
:10EAC0008146002878D0687CFFF76DFAAB7C84F82B
:10EAD000019004F1040903F01403142B14BF022362
:10EAE000032323702B78A3706B7CE370044650B132
:10EAF0000246002148460EF07FF94846A1446A7C50
:10EB0000691C0BF015FFAB7CD80717D5590702D548
:10EB1000EA7C520712D4698A4846C3F3400311F4D1
:10EB2000C07200F8023B18BF490889F8018018BF7D
:10EB300001F0C0023146FFF756FA8146A97C4B0727
:10EB400037D5C1F3401311F0100F4FEA033314BF50
:10EB50000524042408079AB248BF42F400624B0619
:10EB60006B8A48BF42F4005203F4C07119B1C3F379
:10EB7000C11342EA8332EB7C980748BF42F48062BB
:10EB8000590748BF42F400721807484648BF42F48C
:10EB90008072D90600F8024B314648BF42F080022D
:10EBA0009B0689F8017048BF42F04002FFF711FA56
:10EBB00081466D694C4635E7A146FAE738B50D4602
:10EBC000046811460CB920460CE004F11400FFF76C
:10EBD0009CFC40B104F12400FFF7A1FC10B10388B4
:10EBE00001202B8038BDE46AECE7806800B97047EB
:10EBF0000378C3F34303934205D103691BB11B8818
:10EC000001200B8070478069F0E7408800F48E7027
:10EC1000003818BF012070470346086800B97047E4
:10EC200002889A42FBD04068F8E738B5002485682E
:10EC30000DB9204638BD2846FFF7A9FA18B10234AD
:10EC400010FA84F4A4B2AD69F2E770B50E46056817
:10EC500000240DB9204670BD31462846FFF7B2FAB0
:10EC600018B1023410FA84F4A4B2ED6AF1E738B5B1
:10EC700001210546FFF7E9FF044601212846FFF779
:10EC8000D4FF23182A7C9BB29A4216BF00204FF073
:10EC9000FF302B7438BD70B593781546044623F0C9
:10ECA0007C03937010B94FF0FF3070BDD6F71CFB9A
:10ECB0000028F8D029461C30D6F78CFB06460028E1
:10ECC000F1D0C37823F00803C3702046FFF7CFFFCD
:10ECD000AB7848B9180616D594F8193143F00103FA
:10ECE00084F819310020E0E7B27883EA020189074D
:10ECF000F8D043F301035BB263F30102B27095F9FC
:10ED00000230002BE8DB94F8193143F00203E7E707
:10ED1000F8B51546064610B94FF0FF30F8BD08307B
:10ED2000D6F70CFB0028F7D029461030D6F77CFB2D
:10ED300004460028F0D02B7A027A47689A420ED116
:10ED4000696838460EF067F898B9637A60F3410352
:10ED500030466372FFF78BFFB0B10020DEE7384624
:10ED6000F0F728FD287AF0F715FD074660600028C7
:10ED7000D2D02A7A384669680EF017F82B7A2372B7
:10ED8000637A23F0020363726B7A13F0010F96F833
:10ED9000193114BF43F0010343F0020386F819311F
:10EDA000DBE770B51546064610B94FF0FF3070BD71
:10EDB0000B7A002BF9D0D6F797FA0028F5D0294620
:10EDC0002430D6F707FB04460028EED0C37823F0A2
:10EDD0000803C3703046FFF74AFF00286ED0A278C0
:10EDE000A97882EA010313F0200306D0C1F3401191
:10EDF000134661F34513A3700123A278A97882EA30
:10EE00000100400606D5C1F38011134661F3861355
:10EE1000A3700123A178AA7881EA0200800707D0B5
:10EE200042F301020B4652B262F30103A3700123C5
:10EE3000A278A97882EA010010F00C0F0DD01346D9
:10EE4000C1F3800161F38203A370AB78A278C3F3AE
:10EE5000C00363F3C3020123A270A278A97882EAF7
:10EE60000100C00606D5C1F30011134661F3041377
:10EE7000A3700123E278E97882EA0100C00741BF6C
:10EE8000134661F30003E3700123E278E97882EA34
:10EE90000100800706D5C1F34001134661F3410329
:10EEA000E3700123E278E97882EA0100400712D595
:10EEB000C1F38001134661F38203E37095F90230D8
:10EEC000002B96F81931B4BF43F0010343F002035D
:10EED00086F8193101E0002BF0D1002067E72DE919
:10EEE000F04F044685B08946174605684FF0000884
:10EEF000002D00F08380EB6A2A4605F124012046AC
:10EF0000039300230097D6F701F940EA0800012394
:10EF10002A465FFA80F805F11C0120460097D6F7D3
:10EF2000F5F8B9F1000F2FD1AA4607F194035AF86A
:10EF3000146F029346B33378D6F808B05B0621D538
:10EF400094F819310122029843F0020384F8193130
:10EF50003378990642BF94F8193143F0010384F8DD
:10EF6000193100233178CDE9003201F00F011A4642
:10EF7000C9F7DEFE504632460821F0F79DFB3046C9
:10EF8000F0F718FC5E46D5E76B6A63BB1122697C1B
:10EF9000681C009297F90D200AF0F3F96B6A13BB15
:10EFA000EB6903BB6A6902B3B9F1000F1BD094F897
:10EFB00019311146926843F0020384F819310B7835
:10EFC000980605D594F8193143F0010384F81931F6
:10EFD0000B78DD0641BF23F010030B70D4F8143119
:10EFE0004B60002AE3D1039D82E720462A462C216C
:10EFF000F0F762FB2846F0F7DDFBF4E7274657F809
:10F00000085F002D37D0A946D5F818A059F8106F21
:10F010000EB3737AD6F80CB09A071AD594F8193152
:10F0200043F0020384F81931737AD90742BF94F888
:10F03000193143F0010384F81931706808B1F0F711
:10F04000B9FB484632460C21F0F736FB3046F0F764
:10F05000B1FB5E46DCE72B695BB9A86808B1F0F745
:10F06000A9FB38462A461821F0F726FB2846F0F778
:10F07000A1FB5546C5E794F819319B070AD0012139
:10F080002046FFF7E2FD054601212046FFF7CDFDB2
:10F0900005442574404605B0BDE8F08FF8B50D462F
:10F0A00004680CB92846F8BD01212046FFF78AF80C
:10F0B0000646002844D0607CFEF775FF636A074669
:10F0C000002B3FD1E369002B42D16369002B45D16E
:10F0D00002336E702E1D2B702378AB70637CEB7047
:10F0E0002FB130463E443A46611C0DF05EFE0023CF
:10F0F00004F11C07314604F124061A4604F11405F4
:10F100003846FEF7C9FF0023014604223046FEF7C9
:10F11000C3FF002201462846FEF7A1FF0123014656
:10F1200000223846FEF7B8FF01230146042230468C
:10F13000FEF7B2FF012201462846FEF790FF054682
:10F14000E46AAEE793F90220002A0CDB5B68B7E7BC
:10F1500093F90220002A06DB5B68B4E71A7892066E
:10F1600001D49B68B2E70123B2E738B50D46846845
:10F170000CB9284638BD01212046FFF708F820B316
:10F18000236923BB0A336870E91C2B702378C3F30F
:10F190000002C3F3430343EAC213AB702378DB07D7
:10F1A00003D460680BF024FB01460B46227B03F876
:10F1B000012B1846A1680DF0F8FD217B01220144C6
:10F1C00004F11000FEF7C3FF0546A469D0E75A7AA0
:10F1D000D20701D4DB68D4E70123D3E7006900B983
:10F1E000704703888B4201D0C068F8E70120704760
:10F1F0002DE9F04105460E4687682FB92D68ADB957
:10F200002C462046BDE8F081D7F81080B8F1000FF9
:10F2100001D1BF69F1E7B8F800403046214600F05F
:10F220005EFE0028EDD1D8F80C80EFE7EF691FB93A
:10F230006F6A57B9ED6AE2E73C883046214600F034
:10F240004EFE0028DDD17F68F1E73C88304621463C
:10F2500000F045FE0028D4D17F68EAE7F8B5D6F77C
:10F26000ADFA044658B100254E1C00F120070822D3
:10F27000314678190DF0CFFD18B918352C442046C9
:10F28000F8BD1435B5F5027FF1D10024F7E710B5CC
:10F29000D6F794FA044678B1C06808B1F0F78AFA54
:10F2A000206908B1F0F786FA00204FF6FE7320754A
:10F2B000E382C4E9030010BD4FF0FF30FBE7FFF726
:10F2C000E6BF2DE9F0410D4690F90D1006460846BF
:10F2D000D6F774FA98B3297896F90D0009F0FFFB78
:10F2E00096F90D70804629463846FFF7B7FF044669
:10F2F00060B93846D6F762FA30B3142200F128011B
:10F3000002FB04F3CF5A0FBB1833C418284605F08C
:10F3100010FA0746D6F8600129786030FEF737FE0C
:10F320000743A7746B89C4F80080238200236360BD
:10F33000D5F80130A360D5F80530E36004E0084655
:10F34000D6F716FA0028C6D1BDE8F08101341A2C90
:10F35000D6D1F9E773B506460D46E5F71BFB044623
:10F36000A8B129463046FFF779FF18B114220021D1
:10F370000DF042FD6B8901A9022220465BBAADF86F
:10F380000430F8F753FF69892046F8F7ADFF02B063
:10F3900070BD2DE9F04188B08046E5F7FBFA0446E0
:10F3A000002861D0D0F87831002B5DD04046D6F7E8
:10F3B00005FA20B94046D6F7DBF9002854D0D4F836
:10F3C0007831D3F8AC30002B4ED000F1200700F597
:10F3D0000A763B89002B44D0D4F878010DF10B0359
:10F3E00001223946D0F8AC0008F0D7FD05460028C8
:10F3F00037D03B8901784381404657F8082C09F003
:10F400005EFBB97A284605F088F9D4F860019DF8CA
:10F410000B30402229786030FEF77EFDD4F8600181
:10F42000BA7A29786030FEF7A2FDD4F86001297815
:10F430006030D5F793FD00226B8903A90192204625
:10F4400057F8042C00926A1CF9F72FFFD4F8783192
:10F450009DF80B1003A8DB782A7800912146F9F774
:10F4600047FF1437B742B4D108B0BDE8F08108B502
:10F47000ECF75AFB40B1D6F7AFF9C0F77DFF013882
:10F48000C7288CBF0020012008BD38B504460D46B2
:10F49000D6F7A2F901462046C0F766FF2946204666
:10F4A000BDE838400DF0C7BC1FB5CDE9011003928F
:10F4B000FFF7DDFF28B101A8D6F7C8F905B05DF860
:10F4C00004FB6FF00400F9E708B5D6F70DFE00B1B4
:10F4D000416008BD08B5D6F707FE00B1816008BDE0
:10F4E0002DE9F041054688468E18002403F00107F7
:10F4F000B04502D12046BDE8F08118F8013B092B48
:10F5000005D12846FBF757FF0444A4B2F0E70C2BC3
:10F5100007D1023439462846FCF718F810FA84F46B
:10F52000F3E70A2BE4D10434EFE738B5044690F949
:10F530000D00FEF7B7F80346E8B1D4F8604194F83F
:10F540007352022D17D990F8561011F0200006D1F1
:10F5500093F8572002F00702023295420AD94A076F
:10F5600009D493F857305B0605D5D4F84402003827
:10F5700018BF012038BD0120FCE72DE9F04F89B00C
:10F58000144606460D46DDF848800DF10F0A04F1D9
:10F59000940B104641469946FBF745FD15B909B055
:10F5A000BDE8F08F374617F8011B08062AD501F091
:10F5B0000F015846F9F78AF90346F8B1D0F806006A
:10F5C00004AAD3F80A1003C23868134679684A4679
:10F5D00003C3D4F8783104A92046DB8ECDE9008A34
:10F5E000FEF7BFFB821C9DF80F30424614BF00207F
:10F5F000012004A900902046CEF76AF90936093D9A
:10F60000ADB2CBE77378FF2B0FD1B37813F00E0FA9
:10F6100008D03946204604F0C6F94246394620460D
:10F62000CEF7FAFF1136113DEAE7D4F878314A46B1
:10F6300039462046DB8ECDE9008AFEF792FB831C1B
:10F6400042469DF80F3014BF00200120394600903B
:10F650002046CEF73DF9E5E7F8B5054690F90D00EF
:10F660000C4616461F46FDF73FF8C8B10C2E17D8BA
:10F67000DFE806F0070D1816162116161627162DA8
:10F68000330029462046BDE8F84004F0F7BF0123C7
:10F69000E61C284623706370FAF7BCFAA070344663
:10F6A0002046F8BDD5F860312046D3F85412BDE8A5
:10F6B000F84005F067B929462046BDE8F84004F057
:10F6C000F2BF21462846BDE8F840FBF77ABE29463E
:10F6D0002046BDE8F840FBF7D8BF07F001022146FD
:10F6E0002846BDE8F840FBF739BF70B5D0F878314F
:10F6F00005460E46D3F8AC301C6804B970BD237DB6
:10F70000DB0704D4324621462846D7F759F9A469C5
:10F71000F3E773B5054608468D4213D001314FF02B
:10F72000FF36491BB6FBF1F606FB01F404210DEB95
:10F730000100C2F71FF9019B9C42F7D9B3FBF6F316
:10F740001D44A8B202B070BD7FB58B7A04460D4649
:10F7500013F00E0F19D08A8F120503D503F00F0393
:10F76000022B12D9D4F8601105F10906684602226D
:10F7700001F50071FAF79EFA6946304604F0D2F8B6
:10F7800028B129462046FFF7B0FF04B070BDD4F879
:10F7900060116846032201F50071FAF78BFA694699
:10F7A000304604F0BFF80028EBD131462046FBF785
:10F7B00075FC0028E9D00669002EE6D0D4F878312F
:10F7C00031460322D3F8AC0008F0B8FB014630B153
:10F7D000037DDB0703D42A462046D7F7F1F8B66845
:10F7E000EAE770B5D0F860310446B3B1D0F87831AB
:10F7F0004FF6FD76D3F8AC30196871B14B898D693D
:10F80000B34208D823F47C432BB1D4F87831D3F831
:10F81000AC0008F06EFB2946EFE770BDD0F8603110
:10F8200010B5B3F868320446012B06D8D7F778F93B
:10F83000D4F860317822A3F8682210BDF7B50646E7
:10F840000F461C461546A2B123F47C447CB96523BF
:10F85000032113617323D0F874018DF804301378F9
:10F8600001AA8DF80530036998472B69EB6003B056
:10F87000F0BDFBF78FFC0028F9D024F47C43002B6B
:10F88000F5D121463046CDF729FD0028EFD03A4684
:10F8900021463046CDF750FD0028E8D039463046A5
:10F8A00003B0BDE8F040D7F775B92DE9F04790B047
:10F8B0000446D0F860214FF47C4104A8CEF75EFEE8
:10F8C000D4F86031D3F82032002B00F08D80012174
:10F8D0004FF0FF320023204600928022CDE9013113
:10F8E00004A9E1F753FFD4F860214FF47C4108A844
:10F8F0004FF00008CEF742FE04237C2208A92046E0
:10F9000004F0CFF8D4F86031D3F89450002D71D1C1
:10F91000D4F860214FF610410CA84FF61047CEF7EF
:10F920002DFE04237C220CA920464FF0010804F090
:10F93000B8F8D4F86031D3F89C50002D40F08680A0
:10F94000D4F860210CA8B2F8F81101F00701A1F574
:10F95000747189B2CEF712FE04230CA97D222046D1
:10F9600004F09FF8D4F8601191F8FC31DB0711D551
:10F9700001F5F071204603F0E5FF58B10123402264
:10F980000CA92046CDE901534FF0FF330093042327
:10F99000E1F7FCFED4F860214FF6384108A8CEF715
:10F9A000EDFD0423802208A9204604F07AF8002304
:10F9B0000CA920461A460093FCF753F8054680B977
:10F9C0000CA9204603F0BEFF58B10123402208A92C
:10F9D0002046CDE901534FF0FF3300930423E1F7B4
:10F9E000D5FE10B0BDE8F087802204A9204604F0BF
:10F9F00058F878E76E6A4FF0FF390EB9ED6A85E77F
:10FA0000B378DA0601D47668F7E7D4F8783132882B
:10FA10001B8F9A42F7D16F694FF0010A002FF2D085
:10FA200039780CA8D4F8602101F00F0141F47C4131
:10FA3000CEF7A4FD04237C220CA92046CDF800902B
:10FA4000CDE9018AE1F7A2FEBF68E7E72E694FF032
:10FA500000090EB9AD6970E7D4F8783132881B8F90
:10FA60009A4213D129780CA8D4F86021C1F343013C
:10FA70003943CEF783FD4FF0FF337C220CA900936E
:10FA800020460423CDE90198E1F780FEF668E0E71F
:10FA900010B5044690F90D00FDF704FE50B1D4F8FE
:10FAA000603193F87332022B04D890F85600C0F3FB
:10FAB000401010BD0120FCE72DE9F04FD0F8605157
:10FAC00089B004460E462DB195F84832013B022B11
:10FAD00040F2A28095F84932042B09D12046D7F78D
:10FAE000FDF928B1204609B0BDE8F04FFAF75CBB3C
:10FAF000B5F86632B34233D99B1BA5F86632D4F809
:10FB00006021B2F86832B3428ABF9B1B00239BB2CC
:10FB1000A2F86832D5F820229AB995F84912052939
:10FB20000FD195F8503063B1B5F85430581CA5F892
:10FB30005400B5F85600984203D894F90D00CCF75C
:10FB40001DFDB5F86E3223B1B3421DD99B1BA5F83C
:10FB50006E323146204609B0BDE8F04FFDF7D8BA05
:10FB6000D7F7F4FBA5F866022046D8F7F3FC10B1EE
:10FB70002046FAF719FB2046D8F78EFC0028BED0A5
:10FB80002046FAF70BFBBAE7A76B4FF6FE7A17B9D8
:10FB9000A5F86E72DDE797F82230013B012B08D8FB
:10FBA000D4F860310DF1100BD3F89480B8F1000F48
:10FBB00001D1FF6AEBE798F81100FEF7F4F908F1BC
:10FBC0000101024638460DF026F910B1D8F82C8014
:10FBD000ECE704F1E603D8F824900393B9F1000FA1
:10FBE000F4D0B9F80030534513D02046F9F779F82E
:10FBF000D4F86021B9F8001002905846CEF7BEFC48
:10FC0000CDF800B0394694F90D00DDE90223D3F7B1
:10FC100039FAD9F80490E1E709B0BDE8F08F10B5E2
:10FC20000C46E4F7B7FE48B1D0F8603193F84822AB
:10FC300022B9B3F866221444A3F8664210BDF0B5A9
:10FC40000D46411887B0DEB20A74A90290F97272AB
:10FC50000446024601F47C4102A8CEF78FFC731ED5
:10FC600002A9384603F00F0312220093F023ECF7A9
:10FC700015FF321E3B46E9B218BF01222046FDF7B0
:10FC8000E2FA07B0F0BD13B50B781446022B12D17F
:10FC900053885BBAADF80630C3F385233F2B0AD1F6
:10FCA0000DF10601FEF7DEF8002807DBBDF806308F
:10FCB0001A0AE370A270012002B010BD0020FBE719
:10FCC0000229104608B505D103F0E7FD003818BF3A
:10FCD000012008BD0020FCE700B97047037803F05D
:10FCE0003F038B42F9D08068F6E708B5FFF7F4FFD1
:10FCF00038B14378027803F003039009984228BF93
:10FD00001846BDE80840CEF77DBC43182DE9F04108
:10FD10001B7C074688461646FF2B03D1002420464D
:10FD2000BDE8F0810068FFF7E0FFBD6804460DB94B
:10FD3000FCB9F3E72B7803F03F03984501D06D68D9
:10FD4000F5E729883868C1F38511FFF7CEFF014632
:10FD500068780009FBF728F944B90028DED01EB105
:10FD60002B88C3F3851333600446D8E708B1844277
:10FD7000F5D8002ED3D0C6F80080D0E773B544186C
:10FD800005460E46237CFF2B18D001AAFFF7BDFFC6
:10FD9000247C034658B9FE3C4FF0FE0218BF0124F4
:10FDA00031462846FFF74BFF204602B070BDA4F154
:10FDB000FE02544254419DF80420F1E70024F3E789
:10FDC0002DE9F04105460C460E780A462F460821DB
:10FDD000EFF772FC2046EFF7EDFC06F03F0657F810
:10FDE000084F84B12388D4F80480C3F38513B34249
:10FDF00007D1384622460421EFF75EFC2046EFF794
:10FE0000D9FC4446EDE72846BDE8F041D8F748BCA8
:10FE1000022B2DE9F84F0746884692461E46DDE93B
:10FE20000A9403D04FF0FF30BDE8F88FF8F759FF80
:10FE30000346D7F860010028F4D04FF6FD729342D4
:10FE4000F0D833F47C4207D01B0A267003F0FC0381
:10FE500063700023A37016E0B9F800506DBA1FFA62
:10FE600085FB05F47C45AB4216D1D7F87831324694
:10FE70004946D3F8AC0008F061F810B1037D9B0748
:10FE800003D4012363720020CEE74FEA1B232670C0
:10FE900084F802B06370F6E7A90A00EB95252D7C83
:10FEA0003F2DBFD8AD02B8F1020FADB207D1BAF8FD
:10FEB00000305BBA9BB2AB4201D1D8F70BFC0223F6
:10FEC0002D0A23706570C4E707B5CDE90023002231
:10FED0000B461146FFF79CFF03B05DF804FB034699
:10FEE00031F47C4004D001F47C41CB1A5842584193
:10FEF0007047814201D0FFF7F2BF012070470346EF
:10FF0000084693F851201AB193F852100AF0B3BC86
:10FF10000120704708B5D0F8603153B1D0F878317E
:10FF20003BB1F8F7DEFE20F47C40B0FA80F04009E7
:10FF300008BD1846FCE7F8B5D0F860611F46B6B1B9
:10FF400031F47C4413D13046D8F740FB054688B1E4
:10FF50004379DB0606D43846FBF72FF86B7860F35D
:10FF600001036B703046D8F79BFB2046F8BD6FF05D
:10FF70000104FAE76FF00204F7E710B5D0F860214A
:10FF80006AB131F47C440AD1890A1068FFF7A4FEF3
:10FF9000014638B11046FFF713FF204610BD6FF041
:10FFA0000104FAE74FF0FF34F7E72DE9F04FD0F8FE
:10FFB00060710E4685B00546144619462FB96FF09C
:10FFC0000109484605B0BDE8F08F0E9AD8F7E0FB6E
:10FFD00036F47C49F3D1224631463846D8F7F6FA52
:10FFE0000446002800F0F1802846F8F77AFE30F445
:10FFF0007C43E6D12846B60AF8F773FEC0F38F2398
:020000040804EE
:10000000A288C84601939DF840300F9D5B4263F380
:100010000B02A28041460E980AF04EFC002876D0D2
:1000200015F8013B019A904573D162791B1160F379
:1000300004126271627863F30102627063794FF0B7
:1000400000080F9D43F02003637141460E980AF0AB
:1000500033FC024608B115F8012B464560D04146F5
:100060003868FFF739FE00285AD0037841789B0999
:1000700001F003018B4228BF0B46012B50D9C2F37C
:10008000011192098A4228BF0A46934248D96379EE
:1000900023F020036371B30107F10F0B4FF0000849
:1000A000029341460E980AF007FC054618B10F9BD3
:1000B00013F8015B0F931BF8013FFF2B1ED0464541
:1000C0001CD0019B434519D0D7F808A0BAF1000F06
:1000D0002CD115F00F0132D1BAF1000F0ED0BAF8C1
:1000E0000030C3F38513B34208D107F1080052462C
:1000F0000421EFF7E1FA5046EFF75CFB08F1010845
:10010000B8F1400FCDD13846D8F7CAFA59E70346BF
:1001100088E708F10108B8F1400F7FF47BAF8DE765
:1001200008F10108B8F1400F8FD1B4E79AF8003018
:1001300003F03F034345CCD0DAF804A0C6E7BAF198
:10014000000F10D10C20EFF725FB82460028D5D0F8
:1001500003780246042168F30503037007F10800E1
:100160000AF088FC26E0BAF800300391C3F3851347
:10017000B3421FD020786378800903F003039842CC
:1001800028BF1846CEF73EFA0399FAF70DFFBAF8E2
:1001900000100390C1F385113868FFF7A6FD9AF8A7
:1001A00001100909FAF700FF039B002BA6D008B144
:1001B0008342A3D2029B43EA0535BAF8003003F02C
:1001C0003F031D43AAF8005098E76FF00209F8E6D4
:1001D000D0F860317BB193F8510068B103F10F02A0
:1001E00000204F3312F8011FFF2918BF01309A4237
:1001F000F8D1C0B27047184670470022FFF785BD9E
:100200002DE9F84FD0F860610C4690461D46002E4F
:1002100046D096F85130002B42D04FF0000BF8F743
:1002200060FD06F10F0A96F8523081465F46237052
:10023000C8F800B0C8F804B01AF8013FFF2B23D06B
:10024000594640460AF043FB4FEA8B239BB299453F
:1002500024D059463068FFF73FFD48B14378007815
:10026000C3F30103C0F38110000140EA831040B2E0
:10027000C4B2002259463046FFF747FD0443E4B2BA
:10028000013705F8014BFFB20BF1010BBBF1400F39
:10029000D2D10A9B00201F70BDE8F88F0124EFE740
:1002A0004FF0FF30F8E7F8B50646054656F8084F18
:1002B00054B12246676804213046EFF7FDF9204625
:1002C000EFF778FA3C46F3E72C6854B12246A6686B
:1002D00008212846EFF7F0F92046EFF76BFA34468D
:1002E000F3E7F8BD10B50446D8F70AFB002384F8FD
:1002F000503010BD002330B50B60026818469AB12B
:10030000137854789B09956804F00304A34228BF2E
:100310002346012B00D9013053792A469B0642BF60
:100320000B6801330B60EAE730BD00F10F0200F10A
:100330004F03002012F8011FFF2918BF01309A4215
:10034000F8D1704770B5461EC41D002516F8010F80
:100350000AF07BFA0544A642F8D1284670BD7047E2
:1003600008B50B46002201461846ECF78FF928B174
:1003700090F90000C043C00F404208BD4FF0FF306D
:10038000FBE713B50C4620B100234022009302F096
:1003900099F94021204602B0BDE81040E0F7F0BED8
:1003A0000B0610B5044606D4D0F864314AF6C002F4
:1003B000A3F8A62410BDDAF767FF012804D8D4F803
:1003C00064314FF46162F3E72046DAF75DFF0228FB
:1003D00004D8D4F864314FF4E152E9E72046DAF763
:1003E00053FF0328D4F8643194BF4FF461524FF4A3
:1003F000E142DDE770B50446D0F864010E680A46B4
:100400000D4600F5A3600821EFF756F9D4F8640112
:100410002A46082100F5A4600AF02CFB337D9A06D9
:1004200009D523F020033375D4F87831D3F8AC2004
:10043000537D013B537570BD37B50C4605462422EC
:10044000002104F110000CF0D7FCD5F86401D0F8BD
:10045000783593F8502072B9B3F8523001215A0917
:1004600003F01F0304EB820201FA03F353610A2332
:10047000237403B030BD90F8873590F8862590F846
:100480008F1590F88A05009004F11400DBF742F80C
:10049000EDE770B50646084614460D4602F06AF8C8
:1004A0000528A07302D14FF0FF3070BD96F95400BB
:1004B000E4F770FA0028F6D0D0F8643193F88A2572
:1004C00093F88665FF2A05D1314693F8870501F038
:1004D000F6FF0246002AE6D031462846DBF77EFECC
:1004E00006460028DFD0DBF7F1FE20603046DBF760
:1004F000E1FE60603046DBF7D3FEA0812846DBF7E3
:1005000057FE2368A060002BCDD06368002BCAD0B3
:10051000A389002BC7D00028C5D0284602F00BF8CD
:1005200060742846DBF750FEA074284602F01CF8E1
:100530002074284602F034F8E0730020B5E738B59F
:100540000D46E4F747FA0446C8B1D0F87801B0B1D7
:10055000D0F8AC0098B10322294607F0EFFC40B177
:10056000D4F86431017803F5BB60BDE8384001F090
:10057000D7BC29462046BDE8384001F0E3BA002048
:1005800038BD7FB505460E46144600211022684648
:100590000CF032FC022368468DF800608DF80250A2
:1005A00001948DF808300AF0DBFE04B070BD73B51D
:1005B000054608468D4213D001314FF0FF36491BE6
:1005C000B6FBF1F606FB01F404210DEB0100C1F7C7
:1005D000D1F9019B9C42F7D9B3FBF6F31D44A8B2B5
:1005E00002B070BD70B5D0F8783188B005460322EE
:1005F000D3F8AC000E4607F0A1FC044608BBD5F8C2
:1006000078313146D3F8AC0007F04EFC0446C0B157
:10061000DAF74AFFE060DAF747FF0022638903A9AF
:1006200020612846CDE90022621CF8F73EFED5F88D
:10063000783101212278DB7803A800912946F8F768
:1006400057FE204608B070BD10B5D0F8783114467A
:100650000322D3F8AC0007F071FC20B10369A34278
:1006600098BFC0E9034410BDD0F87831D3F8AC008E
:1006700007F0E0BBD0F86431B3F8A4241AB940F213
:100680004C42A3F8A424704770B50546D0F8640125
:100690000C46D0F8186506B970BD33689C4201D08D
:1006A000B668F8E73246082100F5A360EFF704F8D2
:1006B000D5F864013246082100F5A4600AF0DAF9A1
:1006C000237D9B0607D5D5F8783121462269D3F8DA
:1006D000AC0007F017FCD5F878312146D3F8AC0010
:1006E000BDE8704007F01ABC38B590F89E3005465A
:1006F000DB0702D40024204638BD846B002CF9D0DF
:1007000029462046E0F764FC0228F4D8E46AF5E7BD
:10071000D0F864314A7BA3F89225D0F864318A7B03
:10072000A3F89425D0F86431D3F8782592F85020B6
:1007300083F88C25D0F864314A7883F88D25D0F879
:1007400064310A7B83F88525D0F864318A68C3F860
:100750009825D0F864310A7983F88425D0F864317B
:100760004A88A3F8962570472DE9F341D0F8643103
:1007700007460C4601F1100593F88F3504F1300659
:100780002C34A1F85030D0F8640190F8873590F8F7
:10079000862590F88F1590F88A0500902846DAF79C
:1007A000B9FED7F8640190F8873590F8862590F85F
:1007B0008F1590F88A0500903046DAF7ABFE0023DB
:1007C000D7F8642103F116000133D2F8781554F8F4
:1007D000042F082B51F8201002EA01022260EFD109
:1007E000D7F864413422002104F5B46094F88F7581
:1007F0000CF002FB002201219646D3B29F421CD886
:10080000073794F8A035FF1013F01C0F84F8B0756B
:100810000DD0C3F38202032A51D892000637033267
:10082000BA424CDC012262F3010384F8A0350023B4
:1008300084F88B3502B0BDE8F0814FEA531803F01D
:100840001F0355F8280001FA03F34FEA880C1840FB
:1008500032D056F8280003422ED1D043A44400F0F1
:100860001F00DCF8B43501FA00F00343CCF8B435CE
:10087000B4F8AE3594F8A0050133A4F8AE35C0F352
:100880008203022B11D81FFA82FCBEF1000F0ED199
:10089000013303F0070363F3840004EB830384F85C
:1008A000A005A3F89EC54FF0010E0132A5E704EBA9
:1008B0008303A3F8A0C5F6E74FF0000EF5E794F820
:1008C000A035022262F3010384F8A0350123AFE7CB
:1008D000D0F864314FF6FF72D3F8783593F848308A
:1008E0000B71D0F86431D3F8783593F850300B7031
:1008F000D0F86431D3F8783593F851304B70D0F894
:100900006431D3F8783593F849300B73D0F86431FB
:10091000D3F87835DB6C8B60D0F86431D3F8783558
:10092000B3F85230934218BF4B73D0F864310020B3
:10093000D3F87835B3F854308B73704738B54FF629
:10094000FF73154698420FD101398CB22146002021
:10095000FFF72DFEC0F3421300F01F0255F82330BD
:10096000D34013F00103F1D038BDF8B50B4604466F
:1009700011469AB340B3D0F878011A46D0F8AC00CB
:1009800007F0DCFA054630B30778D4F8640139463D
:1009900000F5BB6001F0C4FA0646394694F90D0033
:1009A000E8F7FAFFBEB1B0B1394694F90D00E9F7A6
:1009B00005F84FF6FF73984207D096F8573013F0BA
:1009C000010F08BF4FF40060F8BD691C04F1A000DE
:1009D00008F03FFB20B94FF6FF70F5E71046F3E74C
:1009E0004FF48070F0E7F0B58FB004463422002158
:1009F00001A80CF001FA01238DF8053019238DF8B8
:100A00000630D4F864314BB193F82630012B82BF05
:100A10009DF8073043F001038DF8073001A9204607
:100A2000FFF70AFD9DF80830D4F8645123F007035E
:100A30008DF8083094F82C30032B14D12046D8F7C9
:100A40006BFD0022A5F87C05D4F86431A3F87E255F
:100A500001222046072101F0C0FD01A9204601F036
:100A60007DF80FB0F0BDD4F87831D3F8AC0007F0C2
:100A7000ABFA064620B94FF6FF73A5F87E35E7E7D7
:100A8000D4F86401317800F5BB6001F049FA0746FB
:100A90000028F0D0721C03212046FFF766FF48B102
:100AA000C0F34F02B7F854301344B3F5803FE2DA95
:100AB0009BB2E2E74FF48062F4E708B5E3F76AFF20
:100AC00048B1D0F8643133B1212380F834300323A6
:100AD0004386002008BD4FF0FF30FBE710B5002330
:100AE0000446D0F878011A46D0F8AC00E9F720FDAA
:100AF000014628B1D4F87831D3F8AC0007F0F9F901
:100B0000002010BD38B504460D4604F02BFA2946E6
:100B10002046FFF7E3FF002038BD10B5D0F8641180
:100B20000446D1F87835B1F880250133B1F8DC14EA
:100B300001F04AFB2046BDE8104001F0FABA90F9F6
:100B40000E1000220120FFF71CBD0123438609235C
:100B500080F83430704790F90E1000220320FFF720
:100B600010BD90F90E1000220420FFF70ABD0B46BD
:100B7000002290F90E101846FFF703BDD0F864016B
:100B800000F12001083006F0F3BDF7B50D46D0F8AE
:100B9000643109880446B3F8DC64A3F8DC14D0F8A7
:100BA0006431298AA3F87C15D0F86431698AA3F8E6
:100BB0007E15D0F86431AF7D93F8821567F300019C
:100BC00083F882150021D0F86431A3F88015D0F89D
:100BD0006431B3F8DC34B34205D00AB1FFF744FD09
:100BE0002046D9F7ADF8AE1C01236A4620463146AF
:100BF000D8F764FD98B9D4F864012A46682100F258
:100C00009440EEF759FDD4F864012A46682100F2B9
:100C10008C4009F02FFF4FF0FF3003B0F0BD31469C
:100C20002046D8F73FFE019F3346EA6B05F11801D5
:100C3000384601F081F9D4F86421384605F12001E5
:100C400002F2845201F07CF90020E6E7D0F864213A
:100C500092F8DE3423F0020382F8DE34D0F8642107
:100C600092F8DE3423F0040382F8DE34D0F86421F5
:100C700092F8DE3423F0080382F8DE34D0F86421E1
:100C800092F8DE3423F0100382F8DE340022D0F82C
:100C90006431A3F8E02470477047704773B5054688
:100CA00008468D4213D001314FF0FF36491BB6FB89
:100CB000F1F606FB01F404210DEB0100C0F75AFE2A
:100CC000019B9C42F7D9B3FBF6F31D44A8B202B0D6
:100CD00070BD30B599B004460D46014601A8DAF75B
:100CE00033FD01A92046FFF7F3FD01A92046FFF7D8
:100CF0003BFDD4F864110023D1F878058DBB90F842
:100D000050208DF8042005AA91F88F15B0F85200F4
:100D10008DF805300393FFF711FED4F864310546D2
:100D200005AAD3F8780593F88F15B0F85400FFF7AB
:100D300005FED4F8643101A98DF81200D3F8E4055A
:100D40008DF8115006F0E8FED4F86431FF21D3F895
:100D5000E40506F0F0FE01A92046FFF7D9FC19B022
:100D600030BD1A46CDE738B54FF6FF72D0F8643182
:100D70000446A3F8DC24D0F8641101F2845100F099
:100D80008BF92046D8F700FF01212046FFF7A1FF8D
:100D9000D4F86431D3F8785501352846BFF7ECFA1A
:100DA0002946C2B22046BDE8384001F032B830B51D
:100DB0000546D0F8640187B00C46C8B1009100F533
:100DC000BB6014F8011B01F0ABF8012269460190E9
:100DD0002846D8F73DFE214602A8DAF709FC02AA08
:100DE000002195F90D0003F09AFB2846D9F7CEFBB8
:100DF00007B030BD08B533B1E3F7CCFD38B1BDE87D
:100E00000840FFF737BCBDE8084003F0B8BB08BD99
:100E100008230370002070470323037083700223AC
:100E20004370FF23C3700371002070473C2303808D
:100E30004FF470734380012303714FF4E163C38067
:100E40004FF4827303814FF4A573438100207047F0
:100E500001230380202343804FF4847383804FF465
:100E6000C073C380002070474FF4FF723C230280A0
:100E70004022438078230281C02283800423428160
:100E8000B422837182814FF4D2728374C2814FF491
:100E9000347202820020704710B5212204460021DE
:100EA00001300BF0A9FF0523002063840223A384F3
:100EB00010BD08B5DAF7C2FA002008BDF0B54FF052
:100EC000010C0025ACB2A14200D8F0BDA2420CD862
:100ED000A3420AD3670904F01F0450F827600CFAF4
:100EE00004F426EA040640F827600135EAE7002208
:100EF00070B504460125104693B2994200D870BDE2
:100F00005E0903F01F03013205FA03F354F826606B
:100F100033421CBF431C98B2EEE710B504460B46A3
:100F20001046092C35D8DFE804F02E1E220C3416AA
:100F3000342A340501292ED08B1E58425841000115
:100F400010BDFF2803D10321184601F0B8FABDE80F
:100F50001040DBF7A5B901291FD0022908BF0A20DC
:100F600018BF0020ECE7FF28F1D10121ECE70129AF
:100F700015D0022915D0032908BF0C20F0E7FF285F
:100F8000E5D10721E0E701290DD0022908BFCF20D4
:100F9000E6E70020D4E72020D2E71320D0E7262080
:100FA000CEE71220CCE74FF4D070C9E790F82C3090
:100FB000012B01D1D9F79CBA0BB9D9F731BB032B5F
:100FC00001D1D9F75BBA704738B50C460546D7F75B
:100FD000C1FF21462846D9F7EBF821462846FFF7FE
:100FE0005BFE21462846D9F7DDFB28462146FFF760
:100FF00054FEA0B2BDE83840E8F7C0BB38B504469F
:101000000D46D8F7F7FE29462046D8F76FFC29464B
:101010002046BDE8384000F01EBF10B5002304464E
:10102000D0F878011A46D0F8AC00E9F781FA014609
:1010300020B12046BDE81040FFF726BB10BD0229B5
:1010400002D10021E8F71CBB7047FFF747BD03063C
:1010500004D4402834BF0A200F207047192070475D
:1010600038B5D0F87831044603220D46D3F8AC00E9
:1010700006F064FF28B12046F0222946FFF7E4FA83
:10108000012038BDFF2808B502D1084601F02CFA2E
:10109000BDE80840DBF78CB838B50C4609796079B3
:1010A000FFF7F0FF48B36579FF2D0BD10023A0783F
:1010B000E371092821D8DFE800F09A678F31205FBB
:1010C000207F20295F2D4FEA151316D8012B03D955
:1010D00005F00F03062B10D8284601F04BFA78B91B
:1010E0002846DBF765F840B1284601F024FA20B124
:1010F0002846DBF769F80028D8D14FF0FF3038BD1B
:10110000284601F037FA0528D0D1F6E7E378012B1D
:1011100076D0022BF1D142F2D5326FE0A379252BA4
:1011200009D81F2BE9D9213B042B6CD8DFE803F049
:101130000D11216B0D00FF2BDFD1E3785A1E032A1E
:10114000DBD8DFE802F06002071642F2B712002394
:1011500002E0034642F2FD12A261E178A279A37295
:10116000FFF7DBFEC0B2E072B0FA80F04009404207
:10117000C5E742F2FE12EAE7E378012B47D0022BE3
:10118000BBD142F2CB12E2E7A379FF2B0AD1E3787D
:10119000012B40D0022B41D0032BAED142F2423280
:1011A0000223D9E7012B36D0022B37D0052BA4D14F
:1011B00042F248320623CFE7A379FF2B07D1E37829
:1011C000012B28D0022BE7D14FF40D5216E0012B52
:1011D00021D0022BEAD1F7E7E378012B22D0022BB2
:1011E00023D0032B89D1034642F2F832B4E7E378E7
:1011F000012B1DD0022B80D145F6C4520123ABE751
:1012000042F2D332A3E7034642F2B712A4E742F216
:10121000CB120323A0E742F23E3298E703464FF495
:101220000D5299E742F2F63291E742F2F932E5E7E0
:10123000034645F6C2528FE7FFF7B9BDD9F7A6B905
:1012400090F82C30032B1FBFD0F86431D3F87825E9
:10125000528EC3F8A824704701281FBF00F0FD007C
:10126000B0FA80F04009400008BF0620704710B572
:101270000278014602F00700C2F3C204FFF7ECFF58
:10128000431C02F007009BB203280CBF087B01201F
:1012900012F0380F10D0032C10D1013002F0C00230
:1012A0000344402A9BB20BD10A7D02F00702920050
:1012B0000132981880B210BD0220EFE70020EDE760
:1012C000802A0CBF8A7D0022F3E7F8B50B780D4623
:1012D00003F0C003402B20D1097DAB69C1F30202AA
:1012E00001F0070100F8012B0C46024604320433DA
:1012F00014B900EB810020E033F8045C013C02F8F3
:10130000045C2D0AE4B202F8035C33F8025C02F8D4
:10131000025C2D0A02F8015CE8E7802B0DD18C7D80
:101320000026E400AB691F2C9F5914D9203C0146CC
:101330003846A4B209F05CFA7CB9F8BDC3F11803D1
:10134000083A27FA03F392B200F8013BA31ADBB282
:10135000002AF3D1F1E72246F8E70436202EE1D146
:10136000EBE710B514464A1C2A2192B2F8F740F870
:1013700000F8014B10BD10B50B780C4603F00703C5
:10138000012B0AD0022B00D0CBB92279034603F8F7
:10139000022B62794270184611E04B6801466420C6
:1013A000584309F04BFA227A03460330C2F3030292
:1013B00000F8032C628900F8022C120A9A7010BD02
:1013C00010B50B780C4613F0380FC3F3C20202D0ED
:1013D000032A08D010BD8B89024602F8023B1B0A83
:1013E00043701046F6E70B695BB10A7B4AB10346CE
:1013F00003F8012B184609690BF0D7FC227B104437
:10140000E8E70346012203F8022B00224270184647
:10141000E0E710B588B0C2799DF8043062F30203AA
:10142000DBB251B3027A047F02F0070262F3C50314
:1014300064F387138DF8043003F0C003402B10D100
:101440009DF81830C4F3820464F302038DF8183059
:1014500000F11E030793D2B9C389ADF810300324FD
:101460001DE0802BF7D190F82C308DF81A30438D89
:10147000ADF8183000F13003ECE7427A02F00702D1
:1014800062F3C50361F387138DF804301AB1032AA0
:101490000CD019B1E3E7038AADF81030092401A894
:1014A000FFF7E5FE204480B208B010BD01238DF89F
:1014B0001030EEE710B501220C460421FFF751FF72
:1014C00000220346043003F8014B20F8032C9A70E5
:1014D00010BD08B502220521FFF743FF00230530A8
:1014E00040F8053C00F8013C08BD0A460421F7F726
:1014F0008ABF2DE9F0470C4688B0C97906469DF8A9
:101500000430904601F0070565F302032946DBB27B
:10151000AAB3277A227F07F0070702F0030967F3CF
:10152000C50369F387138DF8043003F0C003402B23
:1015300019D19DF81830C2F3820262F302038DF8CC
:10154000183004F11E030793012923D002292ED05D
:1015500011B96388ADF8083087B3032F72D0B8F1A2
:10156000000F37D030E0802BEED194F82C308DF87E
:101570001A30638DADF8183004F13003E3E7677A71
:10158000914607F0070767F3C50362F387138DF8E9
:101590000430D9E7A369A27A02939DF80C3062F374
:1015A00003038DF80C30E37AADF80E30D4E7A3785E
:1015B0008DF80830A3798DF80930CDE7B8F1000F28
:1015C00005D0E389ADF810304FF0030A04E0238A18
:1015D000ADF810304FF0090A01A8FFF748FE0AEBFA
:1015E000000292B2B8F1000F32D102213046F7F773
:1015F00019FF0146606909F007F9628A0346033062
:1016000000F8032C120A00F8022C62789A704FEA54
:101610008919237B01A9033049EAC70900F8033C73
:10162000637B49EA050900F8023C00F8019CFFF7DA
:10163000A2FE01A9FFF7C4FE01A9FFF746FE08B00C
:10164000BDE8F08701238DF810300023059386E76D
:1016500001213046F7F7E6FE237800F8013BD6E794
:1016600070B504460E46154642B10321F7F7DAFE7F
:1016700004462A4631462C440BF097FB204670BDA9
:1016800010B50C4629B90A460421BDE81040F7F709
:10169000CBBE05220421F7F7C7FE2388053000F8EA
:1016A000053C1B0A00F8043C638800F8033C1B0A55
:1016B00000F8023CA279C2F34001C2F3000343EAFE
:1016C0004103C2F3021101295BB282BFC2F3C0021F
:1016D00043EA82035BB243EA411300F8013C10BDC8
:1016E00070B515460E460521F7F79EFE044625B156
:1016F0002C442A4631460BF058FB204670BD10B5ED
:1017000003460C4649B102220621F7F78DFEA28856
:10171000034603F8022B120A4270184610BD38B572
:1017200015460C460721F7F77FFE55B121460346C3
:1017300004F1200251F8044B914243F8044BF9D1D3
:10174000203038BD00EB4000013070470278F0B522
:1017500002F007030024A34214DC02F00702072A68
:101760001ED000EB83020D780133147965F3020477
:101770001471D48849882143D180027863F302022E
:1017800002700DE000EB84050E782F7906F0070655
:1017900007F00707B74204D1EB884A881343EB8070
:1017A000F0BD0134D7E760284FF0000323D80F289D
:1017B00004D91F2809D810380123C0B2012202FA27
:1017C00000F080B243EA004070472F2803D8203849
:1017D0000223C0B2F2E73F2803D830380323C0B257
:1017E000ECE74F2895BF403850380423052394BFB9
:1017F000C0B2C0B2E2E71846E4E7034610B540883D
:10180000D0B10021C1F10F0440FA04F212F001023C
:101810000BD0E0B21B7803F00703013B042B0BD87D
:10182000DFE803F0080B0D0F110001311029E9D199
:101830001046EFE71030C0B210BD2030FBE730306B
:10184000F9E74030F7E75030F5E738B50A780C464D
:10185000082102F00702254602EB42020132F7F7A7
:10186000E3FD15F8063BC3F3020300F8013B002338
:101870002178C21C01F00701994200DC38BD04EB5D
:10188000830110460979C1F3020102F8031C35F8FF
:101890002310013302F8021C090A02F8011CE7E7D1
:1018A00010B50C4602220921F7F7BEFD238802304D
:1018B00000F8023C1B0A00F8013C10BD037813F04D
:1018C000010F14BF092001209A0748BF08305B07A9
:1018D00044BF083080B2704738B505460C4608460C
:1018E0000A21FFF7EBFF02462846F7F79DFD227815
:1018F0000146C2F38003C2F340059B0043EA45035F
:10190000C2F30005C2F3C1022B4343EAC20300F84D
:10191000013B2378DD0707D562681368C1F8013001
:101920005368436001F1090023789A0707D5A2683C
:101930000830136840F8083C536840F8043C2378AA
:101940005B0707D5E2680830136840F8083C536825
:1019500040F8043C38BD0246C3B212F0010F14BF78
:1019600007200020920748BF08305A0744BF0530BF
:1019700080B21A0744BF043080B2DA0641BF8A79C8
:101980000332801880B29B0644BF0B3080B2704790
:1019900070B510F04004C6B286B00D4618BF91F87D
:1019A0004F40ADF8040018BF0234F00641BFB1F853
:1019B0004A3002331B199CB2710705D5B5F84C307B
:1019C00013B1023323449CB2320704D52B6D002B94
:1019D00056D10234A4B2B30604D52B6D002B51D1DD
:1019E0000234A4B2D5F8A030D3F864318BB393F8A5
:1019F0002620012A2DD9300619D593F83E25063424
:101A000002A8C2F38001C2F34003C2F3C00243EA5A
:101A1000410343EA82039DF8082022F007021343A2
:101A20008DF80830FFF74AFF10FA84F4A4B29DF84D
:101A30000530D9070DD5D5F8A0300234D3F864317C
:101A400093F8580500F00700FFF77CFE10FA84F4C5
:101A5000A4B2B20707D502340021686DFFF7D9FCA4
:101A600010FA84F4A4B2F30707D502340121686D9B
:101A7000FFF7CFFC10FA84F4A4B2204606B070BD84
:101A80000734A7E70434ACE738B50D4604460CB973
:101A9000204638BD0822294604F180000BF0BBF92E
:101AA0000028F5D0D4F88C40F1E70F2908B50BD801
:101AB0004030EDF777FE30B1C37A23F00303C372F1
:101AC000002380F8343008BD0020FCE7F0B50F6C2F
:101AD0000B7A3C46D4B932B191F83C503C4605F003
:101AE0000F063546D4B95C1C0C7203736AB191F8C9
:101AF0003C305C1C1A4603F00F0364F3030281F8C8
:101B00003C20827A63F3C7028272F0BD257B9D423E
:101B100001D0A46BDEE701330B72D9E794F80AC059
:101B20000CF0050EBEF1040F02D1B5EBDC0F01D0B5
:101B3000A46BD7E791F83C50741C64F3030581F85B
:101B40003C50C9E708B5D9F72DFE30B1836ED3F804
:101B5000D005BDE80840FFF797BF08BD2DE9F04F5D
:101B600095B080460F46D9F71DFE0546002800F0C7
:101B70004D81436D002B00F0498190F89C30002B83
:101B800040F04481487820F01C00487005F148017D
:101B9000FFF7E1FE294681467888FFF7F9FE044603
:101BA00090B14844023080B2697AFFF77EFF064662
:101BB00060B92B6F23B13978404601F0070198478F
:101BC000002015B0BDE8F08F4846EDE70022294619
:101BD000FFF77CFF697AD5F8A030BA460131C9B267
:101BE0006972D3F8400107F004F93246382105F153
:101BF000400008F03FFF1AF8042BB37A00210BA82D
:101C000062F302031822B3720BF0F6F808238DF882
:101C1000413003239AE807008DF82C3014AB03E918
:101C20000700337B06F140008DF840303B7803F02D
:101C30000703012B02BF9DF8413043F010038DF8DC
:101C4000413006F11003B3620123C6E9040933866B
:101C50007B78D90704D5B17A01F00701FFF72AFC98
:101C60007B789A0701D5FFF734FC002C00F0B48094
:101C7000A31C4FF001092146B061F36106F118037E
:101C8000A6F83290F362FFF730FCBB780446DB071E
:101C900004D54A46696DFFF72CFC0446BB789807CB
:101CA00005D520460022696DFFF723FC0446BB786A
:101CB000190704D52046296DFFF7E2FC0446BB78DE
:101CC000DA0606D5204695F84A20E96DFFF708FDAB
:101CD0000446BB789B0604D52046296DFFF70FFD0F
:101CE0000446BB78580606D5204695F84F20A96DC6
:101CF000FFF715FD0446BB78590706D52046B5F811
:101D00004C20696EFFF7ACFC0446D8F86431002B18
:101D100062D093F82620012A5ED997F90220002A82
:101D20002FDAB3F83C3502A92046ADF80830FFF7AA
:101D3000B7FDD5F8A030D3F8642192F83E15C1F371
:101D40008004C1F3400343EA4403C1F3C004C1F378
:101D5000011143EA840343EAC1039DF80C1021F00A
:101D60001F010B4303A98DF80C3002F23F5304937B
:101D700002F2475302F24F5205930692FFF7ACFD71
:101D80000446FB78DA0727D5D5F8A0902022002159
:101D900003A80BF031F8D9F864A19AF858355B071D
:101DA00016D00AF25C5B4FF000089AF8583503F041
:101DB0000703984521DBD9F8643193F88905FFF7CB
:101DC000F2FC0290000C03D002A903A8FFF7BEFCAE
:101DD00003A92046FFF739FDD5F8A03006F1280207
:101DE0000BA9D3F874010023019396F834300093C3
:101DF00007F110038469A047E2E6594603A808F1F9
:101E000001080BF1040BFFF7A1FCCEE74FF0FF3008
:101E1000D7E610B51446D9F7C5FC10B1C165A0F8D6
:101E20004A4010BD08B5D9F7BDFC20B1816519B194
:101E3000202380F84F3008BD80F84F10FBE708B52D
:101E4000D9F7B0FC00B1016508BD08B5D9F7AAFC07
:101E500000B1416508BD1FB50446D9F7A3FC78B1B0
:101E600043896BB1B1F5247F0ED259B101EB8101E9
:101E700001EB8101890089B28B4205D95B1A43814C
:101E800004B010BD0121F7E700224281D4F87401AB
:101E90000028F5D00369002BF2D08DF80320F22240
:101EA0000A21ADF804200DF10302029201228DF8FF
:101EB0000C2001AA9847E3E72DE9F041D9F772FC1D
:101EC0000E46054650B3836E4FF00008D3F8D04558
:101ED00024B3B4F87E30D4F88C70B3420FD8A86E17
:101EE00022468C2100F5BA60EDF7E6FBA86E22468B
:101EF0008C2100F5BB6008F0BDFD3C46E8E79B1B6C
:101F0000A4F87E3094F87C30002BF6D0B3428ABF20
:101F10009B1B84F87C8084F87C30EEE7BDE8F08180
:101F20000346006838B11B798B4203D97C2303FB3D
:101F3000010070470020704702614B68C360704722
:101F40002DE9F74FCB78164602790446C3F3C20356
:101F50000D4663F302020271CB7813F0380F08D1FB
:101F60008B8903810123C3802B78637103B0BDE8A3
:101F7000F08F13F0070345D1B27949792879FEF73C
:101F8000CCFFE080EB7803F0C002402A42D1B37965
:101F900004F12C0001270093F378B2780646E1881B
:101FA000D9F7B8FAE1883046FEF7A1FFE688208528
:101FB000A9692B7D002BD7D0B1F800C0013B488820
:101FC0004FF0000E04312B751FFA8EF39E42F0D9AC
:101FD0009C451CD89842ECD303F01F02C3F347136F
:101FE00004EB830307FA02F2D3F82C8012EA080FFD
:101FF00005D082EA0802DA62238D013B23850EF1C7
:10200000010EE1E7012B04BF4B89C380BAE7984278
:10201000F5D2CEE7802A68D1B37904F12C00009381
:10202000F378B2780646E188D9F774FA3046E18849
:10203000FEF75DFF20852E7E002E95D00027B4F898
:1020400006B0D5F81490F600B8464FF0010ABB452B
:102050008AD92FB108F1010809F104095FFA88F85B
:102060001F2E31D9203E484608F0CBFBB3B20022E8
:1020700016460AFA02FC1CEA000F1CBF4FF0004192
:1020800021FA02FC02F1010218BF46EA0C06202ADE
:10209000EFD1002004EB880C0AFA00F2324209D09A
:1020A000DCF82C100A4205D04A40CCF82C20228DB6
:1020B000013A228501302028EED1002B3FF454AFA5
:1020C00020371E46BFB2C2E733460020F21A19F885
:1020D00001CB083BD2B29BB2C2F118020CFA02FC4F
:1020E00040EA0C00002BF1D1C1E73F2B3FF63CAF9B
:1020F000E188238D8B423FF437AFB37904F12C0094
:102100000093F378B2780646D9F704FAE1883046AE
:10211000FEF7EDFE208527E7B0F8A030013BA0F8E0
:10212000A030704708B5D9F773FB08B100F2611011
:1021300008BD70B50546D9F76BFB044688B390F827
:10214000C033DB071BD500F12006304605F043F80D
:1021500068B131460022D4F8C802D9F701FC3046F4
:1021600005F045F83146D4F8C80200F072F90022B3
:10217000D4F8E032114628469847002070BD00F19F
:10218000080600F59873018A3246D0F8C80200F0BC
:10219000B6F80028F1DAD4F8E03232466FF00201E6
:1021A000E9E74FF0FF30E9E710B5144648B1D9F739
:1021B0002FFB30B10182236883606368C360002015
:1021C00010BD4FF0FF30FBE72DE9F8430E46904677
:1021D0001D460746B8B3D9F71BFB044698B385B331
:1021E00000F5987929464846BEF7B4F8034658B139
:1021F0002022294648460AF03FFE94F85F3143F01A
:10220000010384F85F3101234FF6FF7296420CD030
:10221000B4F85821B24208D094F85F31A4F858615C
:1022200043F0010384F85F310123A4F85C81D4F802
:1022300018431CB12A4631463846A0470020BDE865
:10224000F8832B46E0E74FF0FF30F8E708B5D9F701
:10225000DFFA08B100F5477008BD38B5046844B12D
:102260002068A56804F009FF2046EDF7A3FA2C4684
:10227000F5E738BD70B5154606460846B4211C463C
:10228000EDF71AFA2846FFF7E8FF2846EDF792FA2D
:102290000CB13046A047002070BD70B50C46054615
:1022A000BEF76AF806462046BEF766F8864208D1B1
:1022B00021462846BEF74EF8003818BF012040429C
:1022C00070BD4FF0FF30FBE773B5054608468D4201
:1022D00013D001314FF0FF36491BB6FBF1F606FB78
:1022E00001F404210DEB0100BFF744FB019B9C426C
:1022F000F7D9B3FBF6F31D44A8B202B070BD2DE9C7
:10230000F047824691461F460E46D9F75FFE0446C7
:10231000002800F09B8090F82C31D0F82481002B0D
:1023200063D0D8F8240004F0B3FED4F82431586AFE
:1023300004F056FF2046D9F755FE002384F82C31CF
:10234000D4F82431586A04F0A3FED4F82451394655
:102350002846FFF7A2FF30B96B8D4FF6FF7293420C
:102360000CD0B3420AD004F15005284604F094FE84
:10237000284604F0CCFE284604F003FFD4F82431AC
:102380004A4600205E8504F5807694F8333123F0C8
:10239000300384F8333104F1E8031D46194604F094
:1023A00056FE04F130022B461868083353F8041C1B
:1023B0001546B34203C52A46F6D1186803212860A2
:1023C000012094F83331012523F0420343F0420306
:1023D00084F83331FFF778FF94F83331A4F804011F
:1023E00043F0040384F833312DE041463846FFF7CB
:1023F00054FF05460028A0D1B8F82A30B3429CD13A
:10240000D8F8240004F0FCFE002896D004F150080F
:10241000404604F068FE00288FD0404604F094FE49
:10242000D4F82411002888D0A3692A46496AE068B4
:10243000984794F82C312A4629460133504684F8AF
:102440002C31236998472846BDE8F0874FF0FF35C7
:10245000F9E708B5D9F7BAFD38B1D0F824318822A8
:10246000586A0AF0A2FC002008BD4FF0FF30FBE7DD
:1024700010B410B309B30A683C24624302604A688E
:10248000624342608A68624310BC82608A898281AA
:10249000CA89C2810A8AC2EB0212920002824A8A67
:1024A000C2EB0212920042828A8AC2EB02129200AE
:1024B00082828A7D8275D9F7E9BD10BC70470329F5
:1024C00005D007290AD0012908D000207047431EF3
:1024D000DBB2032BF9D81F30C0B27047431EDBB20A
:1024E000032B28BF002070472A281AD00FD81A289B
:1024F00019D006D8032818D0411F48424841C000CF
:102500007047A0F11B0250425041400070474A28DA
:102510000DD04B280DD0A0F12B035842584180001C
:102520007047032070470120704705207047062040
:10253000704707207047A0F12203042B0ED9A0F1A9
:102540003303032B0CD9A0F14403022B0AD95438CE
:1025500002288CBF002001208000704701207047B6
:102560000220704703207047113807288CBF0020D5
:1025700001207047A0F12203042B0FD9A0F13303EF
:10258000032B0BD900F0EF00A0F14403022B05D977
:10259000013807288CBF05200420704700207047B1
:1025A00008B50246FFF7E6FF042807D1172A07D827
:1025B0004FF09410D04000F0010008BD0220FCE76D
:1025C0000020FAE71B2806D02B2804D0A0F14B03EB
:1025D00058425841704701207047002860D0D0F819
:1025E0006431002B5CD0D3F8D435002B58D012299D
:1025F00056D8DFE801F00A0E22262A2E12161A1EDD
:1026000032363A3E42464A4E520019681144196029
:1026100070475968114459607047D9691144D961AC
:102620007047196A114419627047596A1144596216
:102630007047996A114499627047D96A1144D96206
:102640007047196B114419637047596B11445963F2
:102650007047996B11449963704799681144996068
:102660007047D9681144D9607047196911441961DC
:1026700070475969114459617047996911449961CA
:102680007047D96B1144D9637047196C11441964B0
:102690007047596C114459647047996C114499649E
:1026A000704708B50B46002201461846E9F7EEFFD1
:1026B00028B190F90000C043C00F404208BD4FF060
:1026C000FF30FBE72DE9F34705460F4616469846CF
:1026D000846B4FF0FF39DCB194F82230D4F82CA091
:1026E000012B13D1237CB34210D132463946204608
:1026F00008F000F950B14FF4E1534FF000094246A1
:102700002146009328460A9B01F00CFA5446E2E762
:10271000484602B0BDE8F08770B50E461546846B9A
:1027200004B970BD94F82230012B0AD1237CAB424E
:1027300007D12A463146204608F0DCF808B1962336
:10274000E361E46AECE790F8F8300A4603F001012F
:10275000914209D062F3000380F8F83022B90621D3
:1027600090F90D00EAF7C2B9704790F8F83010B44C
:10277000C3F340048C4208D061F3410380F8F83081
:1027800019B9012110BC01F0BCB910BC704737B5B4
:10279000069D0C460095D0F8BC51A847204403B0D4
:1027A00030BD002A2DE9F84F9846056815BF4FF057
:1027B0001E094FF004094FF0080A4FF0030A0C46B7
:1027C000002715B92046BDE8F88F2E4695F801B0D0
:1027D00016F80C2B402A11D11BF0200F0ED000232D
:1027E00031464046DEF79AFD48B3334600F1100209
:1027F00050F8041B904243F8041BF9D184F800A060
:10280000211D84F801902B7884F803B0A3706868C8
:1028100007F0EEFF0146A86807F0EAFF05F11C0289
:10282000031D077047708770C77056F8041B9642E7
:1028300043F8041BF9D100F11404ED69C1E70BF072
:10284000DF0BDBE70523043101F8043C012301F829
:10285000033C002301F8023C01F8013C07F0C8BF2B
:10286000F8B506467F200D4600F003FF0446002819
:1028700048D048F2FF032A46A0F87630002380F8BB
:102880007830B0F840308C33034405F1100019461D
:1028900052F8047B824241F8047BF9D104F109012A
:1028A00003F110070B4655F8042B854243F8042B1F
:1028B000F9D10423002230462372DEF781FC03465F
:1028C000D8B104F11D0200F1100153F8040B8B4242
:1028D00042F8040BF9D104232046237704F18C033A
:1028E000FB1AA4F84230DEF73DFA44232046666323
:1028F000A387BDE8F840E2F7CDB82046BDE8F84030
:10290000DEF716BBF8BD2DE9F84F0C4690461D4684
:102910009DF830B0BDF834A00646DDE90A9718B935
:1029200000242046BDE8F88F29B91C2000F0A1FE44
:1029300004460028F4D0B4F840300022402084F847
:10294000778003F18C01234484F8782084F87600A2
:10295000214483F88CB04FEA1A234A7007F1100023
:102960008B7001F10C0281F803A0D9F800304B60A4
:10297000D9F804308B603B4653F8047B834242F81D
:10298000047BF9D1091B20467039A4F84210DEF708
:10299000E9F904F109012B4605F110000A4653F844
:1029A000045B834242F8045BF9D1042300223046E1
:1029B0002372DEF705FC054698B100F07CFF80B974
:1029C0002B4604F11D0205F1100153F8040B8B4254
:1029D00042F8040BF9D10423666323774423A387C9
:1029E0009FE72046BDE8F84FDEF7A2BA4A07034644
:1029F00009D0002070475878C2000028FAD08A42D7
:102A0000F7D81344891A0029F5D101207047B0F88E
:102A10004030B0F84220D21A8A4205DB8C330B4496
:102A2000511A1844FFF7E2BF0020704730B509B9CA
:102A3000084630BD05784478954203D1002BF8D084
:102A40009C42F6D000EBC400A1EBC401EFE730B428
:102A5000B0F84040B0F842502D1B8C340C44691A39
:102A6000204430BCFFF7E2BF70B50E46154604683F
:102A700064B12378AB4201D0E469F9E72A463146D4
:102A800004F10C0007F036FF0028F5D0204670BD99
:102A90002DE9F047DDF820900746884615461E468A
:102AA0009DF824A0FFF7E0FF044648B1BAF1FF0FFC
:102AB00003D080F801A0C0E901692046BDE8F08795
:102AC0002420ECF767FE04460028F6D0FF230570AB
:102AD00010220021437000F10C03C0E9016918467F
:102AE0000AF08AF92A46414607F03EFF22461C2199
:102AF000384607F0BFFFE0E770B50546046854B1FB
:102B00002246E6691C212846ECF7D6FD2046ECF764
:102B100051FE3446F3E770BD73B5054608468D4255
:102B200013D001314FF0FF36491BB6FBF1F606FB1F
:102B300001F404210DEB0100BEF71CFF019B9C4238
:102B4000F7D9B3FBF6F31D44A8B202B070BD2DE96E
:102B5000F74F012B04460E469DF838C0DDE90C8581
:102B6000019507D8042200230C9203B0BDE8F04F72
:102B7000D9F722BE55780135B3EBC50F4FEAC5072B
:102B800009D2B0F8403001328C330344D21A00230A
:102B90000C920422E9E7BCF1000F03D1931CD51974
:102BA0009D4205D82046A8F8007003B0BDE8F08F1C
:102BB000994619F8010B70B34D4543D903F1020B47
:102BC00059780BEB010A55453BD3632816D06D2885
:102BD00023D010F0C0001DD0802804D0C02826D1FA
:102BE000627AFF2A23D0B4F8402000218C3222449C
:102BF0009B1A04220C9302232046B6E7D6F86831CC
:102C0000ABB103291DD9019B5A4631462046E3F753
:102C10009DFC60B1D1464B46C2E75846E1F798F8B3
:102C200078B15A4631462046E1F7A6F8F1E701218E
:102C30000320E2F74DF8204603B0BDE8F04FDEF781
:102C400077B94B46B4F8402031468C3222449B1A67
:102C500004220C930023CFE700221146DBF76CBA65
:102C600090F8793013F0040F14BF302028207047FB
:102C700090F87B2042F381135BB2591C05D1437A53
:102C8000FF2B04D14FF4A0607047002BFAD19306BC
:102C90004BBF436BD0F88430B3F8A60098887047D8
:102CA000024638B5FFF7DCFF044610460D46FFF735
:102CB000DFFFB0F5A06F034638BF4FF4A0639BB2AF
:102CC00015B1AB4228BF2B46834284BF0834A4B25F
:102CD000181B80B238BD10B50A46416300F10901E6
:102CE0000446DBF729FA20B92046BDE81040DEF79C
:102CF0001FB9BB232046A387BDE81040E1F7CABE39
:102D000038B50D46044640B390F84C309B070AD5C1
:102D100090F87630B0F84020013B0244DBB280F8F6
:102D2000763082F8933094F84C3043F0020384F804
:102D30004C3094F87B3043F0040384F87B30BB23A1
:102D4000A387D5F8AC3113B12146284698472946C8
:102D50002046BDE83840FFF7BEBF38BD13B50C466E
:102D6000BDF810105BBA8DF8042049BAADF80230F6
:102D7000ADF800101021E7F7D3FB21461022E7F74A
:102D8000C1FB05226946E7F7BDFB80EA1050C0F39E
:102D90001300012838BF012002B010BDC2F3034365
:102DA00037B505468DF80430C2F30B230C4601A855
:102DB00003218DF805308DF80620E7F7B1FB294691
:102DC0001022E7F79FFB10222146E7F79BFB80EAE2
:102DD0001050C0F31300012838BF012003B030BDEC
:102DE00007B504210DEB0100BEF7C4FD019880EA90
:102DF0001050C0F31300012838BF012003B05DF864
:102E000004FB2DE9F04FB0F8403089B005468C3313
:102E1000C3180193FFF72CFF0023064605F10900B4
:102E2000069306AB07936B6B93F90D10E9F7BAFAAB
:102E3000834628B92846DEF77BF809B0BDE8F08F55
:102E4000019B9A1D9B790293019B03F12807029B2A
:102E5000002B33D02B2B31D0019B2C21B5F84240D5
:102E6000FB1A11709AB203920F32B24280F28D8037
:102E70009BB28C34083E4FF0000A04932C44DBF8DC
:102E80002C30E41B0133A4B2CBF82C30049BF61A8F
:102E9000B3B20593D4B99021284601F015F8069CE9
:102EA000002C00F0838022462568002106A8ECF75C
:102EB00003FC2046E1F7EEFD2C46F1E73B783A466D
:102EC00002937B78013307EBC307C0E7059B9C4265
:102ED0008CBF23F007062646049B88BFB6B206EBDC
:102EE00003091FFA89F909F1080080B200F0C1FB5B
:102EF0008046002849D00022294600F036FC0021F7
:102F0000404600F0FDFBB8F84030019909EB0302A0
:102F10008C33A9F12009434408321846A8F842200E
:102F2000039A09F042FFC9F3072280F805900023B5
:102F30000271039A00EB02091146029A4254B4420C
:102F40000CBF52464AF001024FEA1A2189F80130BB
:102F500089F80320A41B89F8021009F10401DBF8A9
:102F60002C00A4B207F044FC07EB0A01324609F139
:102F7000080009F01AFF002356444246194606A8E5
:102F80001FFA86FA07F055FD84E7069C54B12246E5
:102F90002668002106A8ECF78FFB2046DDF7C8FF66
:102FA0003446F3E7A021284600F08EFF002044E7D6
:102FB000F7B5D0F8FC700C461546A0F1A00677B91D
:102FC000A26A9AB9002321463046CDE900332B4648
:102FD000D9F79AFE03B0BDE8F040E1F75BBDDBB284
:102FE0003046B8470028EBD003B0F0BD1D32E9E70A
:102FF00008B5E1F7CFFC00B1A03008BD70B50546BB
:1030000055F8284F54B12246266800212846ECF78F
:1030100053FB2046E1F73EFD3446F3E770BD2DE952
:10302000F041DDF81880054616461F46084629B9C6
:10303000114605F1A00005F09AFF50B1837C012BE9
:1030400007D9037D30303B70C8F800000120BDE88F
:10305000F081D5F8A0413CB143463A463146284676
:10306000A446BDE8F04160472046F0E72DE9F04175
:10307000D0F8A48104460D4616461F46B8F1000F4D
:1030800004D1D4F8CC403CB9204603E0C047002826
:10309000F7D00120BDE8F08132462946204605F0F0
:1030A000ABFF68B1204600F006FC48B13B4604F196
:1030B000100254F8041B944243F8041BF9D1E8E7CA
:1030C000246AE0E77FB50446154608461E461CB94B
:1030D000E1F760FC044690B103AB32462946204636
:1030E00000930DF10B03FFF79AFF30B1039A9DF89F
:1030F0000B1094F90D00089B984704B070BD4FF673
:10310000FF70FAE7F7B50C4600210546DDF760FFD2
:10311000012818D96B8A0BB1A34214D9012C11D004
:103120004FF0FF36B6FBF4F606FB04F704210DEB77
:103130000100BEF71FFC019CA742F7D9B4FBF6F4CF
:103140000134A4B26C8203B0F0BDF8B5D1F860319F
:1031500004460E463BBB00F11D07384600F0ABFBB2
:1031600008B3B4F84030B4F84220D21A132A16DD5E
:103170008C3323441A79FF2A11D1191D304600F0EF
:1031800004FC054658B1438A4BB13946304600F03D
:10319000E7FB20B92B7C688260F300032B74204688
:1031A000DDF7C6FE01E0002CF9D10020F8BD08B51E
:1031B000D0F860210B4622B10022BDE80840CBF7D1
:1031C000F9BD097CC90706D58421DCF7E5FABDE81D
:1031D0000840E1F75FBC08BDF8B5D0F8607105465E
:1031E0000E460FB9446C04B9F8BD638A1BB1B342F3
:1031F00003D99B1B6382A469F5E7237C002283210A
:10320000284643F00103678223742346DCF7C4FA9F
:10321000E1F740FCEFE7438B42688383127B22B9DE
:10322000B3F5967F28BF4FF4967340F2C4429342A1
:1032300028BF1346402B38BF40238383704770B5A7
:10324000044600200D4600F014FA58B3236800F13C
:1032500009015B8D438304230372236803F1180281
:10326000283352F8046B9A4241F8046BF9D1236871
:1032700000F11D011B8DC38504230377236803F12F
:103280000802183352F8046B9A4241F8046BF9D1E2
:103290006368436370238387FF2380F87830236A51
:1032A0002B44236270BD10B50368044618681C30B7
:1032B00000F0A0FF80F31000D4E90832D11A814257
:1032C0000FDC9B1A034498B250B123681B681B6A39
:1032D000B0EB530F02D2A38B834202D80244626246
:1032E00010BD0020FCE710B490F83840002281F8AF
:1032F0007C40C46BC1F8804090F93530B1F87A4019
:10330000B3FA83F324F400545B0924F0010443F47A
:103310000053234310BCA1F87A3000F051BD2DE9D1
:10332000F0470646142088469246994600F0A1F9D7
:10333000044600285AD0334600F1080206F110076F
:103340001868083353F8041C1546BB4203C52A46C7
:10335000F6D1186804F11C02434608F110072860F2
:103360001868083353F8041C1546BB4203C52A46A7
:10337000F6D118687223062728605046A387B4F850
:10338000403084F8777003F18C05B8F8122023449C
:103390002544110A83F88C10291D6A70738A1A0A51
:1033A000EB70AA7007F024FA0146484607F020FAAD
:1033B000502303709DF82030437000238370C37046
:1033C000037143718371C371001B8438A4F84200F8
:1033D0002046DDF7C7FC3946204600F02FFAB4F846
:1033E0004030020A8C3323441A7458742046BDE8D6
:1033F000F08790F82C30072B04BF4FF4FA73038545
:10340000704710B504460A46D0E9003090F90D1017
:103410001868DFF701F82046BDE81040DCF754BB20
:103420000021FFF7EEBFF7B516461A469DF8243087
:1034300005460F4606F11C00009306F10801089BA3
:10344000FFF76DFF044630B1736B43631DB1014656
:103450002868FFF748FF3046DDF76AFD1DB13946A1
:103460002846FFF7CEFF204603B0F0BD70B590F8B8
:103470002C308CB00446032B06D8012B3CD842D00C
:103480002046FFF7CDFF3BE0043B042BF8D8036850
:103490000DF1090103F1180203F12805104652F855
:1034A000046BAA4241F8046BF9D103F108020DF153
:1034B0001D0152F8045B824241F8045BF9D1598D39
:1034C00004221B8D02A88DF808208DF81C20ADF871
:1034D0001A1007A9ADF82E3000230092E268FFF71A
:1034E0001EFF054640B16368014643632068FFF74D
:1034F000FAFE2846E1F7CEFA70212046FFF781FF59
:1035000000200CB070BD0320FBE710B590F82C40F4
:103510000346611EC9B20A2908D801228A4040F236
:1035200061710A4218D112F0980F04D11846FFF7C2
:1035300077FF072010BD082C14BF0622092280F84F
:103540002C2090F82D2012F0010105D142F001024B
:1035500080F82D20DCF7E4FC0020EBE713B590F8B1
:103560002C20044690F82A30042A8CBF0622072219
:10357000934205DB502102B0BDE81040FFF741BF88
:103580000133DBB2032B80F82A3010D14368016885
:10359000B02093F90D20002300930968DEF706FFA1
:1035A000D4E9000393F90D10183005F025FE012130
:1035B000204602B0BDE81040DCF7B2BC10B50446AE
:1035C000FFF771FE40B100212046FFF738FE21468B
:1035D000BDE81040DCF786BB10BD10B5B0F8403038
:1035E000044611218C331C440023A371E37100F0C5
:1035F00025F94FF6FF73002818BF03461A0AE37136
:10360000A27110BD38B5037F042B03D0BDE838404C
:10361000DDF78EBC0821DDF721FC044638B3B0F895
:103620004030C18D083B0D0A9BB203F18C02A0F81B
:1036300040300344024483F88C505170438B190A84
:10364000D3709170B0F84010B0F842305B1AC3F3F9
:10365000072153711171FFF7C0FF32220023A287A7
:10366000112284F84A3084F8772084F87830204694
:1036700038BD01467F222820DDF7A2BB002201468B
:103680001046DDF79DBB10B5D0F8842004466AB122
:1036900092F82030013BDBB282F820301BB9D0F821
:1036A0008400ECF787F80023C4F88430204610BD6E
:1036B00070B50546046854B12246266800212846A4
:1036C000EBF7FAFF2046DDF733FC3446F3E770BD35
:1036D00038B590F87B3005460C469B070FD5036B39
:1036E0006BB91420ECF75EF8286340B1214604F171
:1036F000140351F8042B994240F8042BF9D138BD3A
:1037000038B504460D46806BDEF79EFCA063284664
:10371000DEF7ECFBA06338BD10B50446006B18B1B2
:10372000ECF748F800232363A06D18B1ECF742F8DA
:103730000023A36594F87B302046002123F0010389
:1037400084F87B30B4F84C3003F0FE03A4F84C301E
:1037500094F8603043F0040384F86030FFF7D0FF42
:103760002046BDE81040FFF78EBF2DE9F04104462A
:1037700016468C220D46B0F84470D0F8408009F00F
:1037800014FBD4F8843023B193F82020013283F85D
:1037900020200023C4F84080A4F84470002E18BFF5
:1037A0002C46A3652363A363BDE8F08138B50446C6
:1037B000B0F8420015468C30204409F0F6FAB4F80F
:1037C000423020461D44A4F84250DDF7CBFA204693
:1037D000BDE83840DDF7C6BAF8B5054650B1B0F8D7
:1037E0004200B5F84030C01A80B2FFF742FF0446ED
:1037F00010B925462846F8BD29468C22B0F8446009
:10380000076C09F0D2FA002394F87B202764204645
:1038100063F382022363C4F88430A36384F87B20BB
:10382000A365A4F84460B5F84010B5F84220521AD8
:103830008C3192B22944FFF7B9FFDAE713B5B0F83B
:103840004040B0F8422004F18C030091121B00F1BB
:10385000090103441D3092B207F0CFF802B010BD49
:10386000F8B50C46072CA1EB0405134606460BD809
:1038700044B11B783078584006F0F6FFA04294BF60
:103880002D182D192846F8BD96F800C001301F7874
:103890000132BC45EDD1083CE4E702290346084665
:1038A00003D0881F18BF012070479A78FF2AFBD1E8
:1038B000D878FF38F6E70378FE2B07D1407800F080
:1038C000C000A0F180035842584170470020704763
:1038D00038B50C460546FFF76AFC182105F144008F
:1038E0002246EBF7E9FE2046BDE83840EBF762BF21
:1038F00080F84010704710B44C69944204D04A617B
:10390000062210BCDDF7A0BD10BC7047024410B504
:10391000904200D110BD03780C7801F8013B00F80B
:10392000014BF5E700F11003103110B513F8014D0C
:1039300011F8012D944203D18342F7D1012010BD2B
:103940000020FCE738B50D46846B0CB9204638BD25
:1039500029462046FFF7E6FF0028F7D1E46AF4E79E
:1039600008B5FFF7EFFF30B190F82100C0F3400039
:1039700080F00100C0B208BD08B5FFF7E3FF18B141
:1039800090F82100C0F3400008BD38B50D46446CE6
:103990000CB9204638BD29462046FFF7C3FF002852
:1039A000F7D1A469F4E770B506460D46FFF7EDFFC1
:1039B000044640B1838A4FF6FF72934201D001332F
:1039C0008382204670BD2B78FF2BFAD12846DDF785
:1039D00057FD0028F5D12020EBF7DCFE0446002837
:1039E000EFD02946034605F1100251F8040B91422D
:1039F00043F8040BF9D1012306F1440022461821B3
:103A0000A38207F037F821463046DBF7DFFFD8E71F
:103A100010B50446FFF7B9FF014668B1838A4FF637
:103A2000FF72934208D0013B9BB2838223B92046A8
:103A3000BDE81040FFF74CBF10BD30B40446084647
:103A40001146A8B1A04213D094F8F920D2070FD59F
:103A50004D7805F00F052C440544E47BEA7B944245
:103A600006D113B130BCFFF79EBF30BCFFF7D0BF0B
:103A700030BC7047F8B506460F46856B15B94FF058
:103A8000FF340AE010223946284609F0C4F90446FA
:103A900028B929463046DDF7E9FD2046F8BDED6A34
:103AA000ECE72DE9F84305460F4690461E46846B29
:103AB00094B1D4F82C901EB194F82230B34209D1BD
:103AC00042463946204606F015FF18B121462846E1
:103AD000DDF7CCFD4C46EBE7BDE8F88310B48C690C
:103AE00094420CD08A6152B991F821309B0702D5DB
:103AF00010BCDDF7BBBD042210BCDDF7A5BC10BCBB
:103B0000704770B50D460446816B51B191F8223073
:103B1000CE6AAB4203D100222046FFF7DFFF3146D9
:103B2000F3E770BDF8B51E46069B05460C469A4263
:103B300002D84F6997420AD221462846FFF7DBFE9A
:103B4000324621462846BDE8F840FFF7C7BF9F42EE
:103B5000F6D91A46F2E7F7B506460F46856B15B952
:103B60004FF0FF340FE010223946284609F053F990
:103B7000044658B94FF4E1630246294600930346D0
:103B80003046FFF7CFFF204603B0F0BDED6AE6E711
:103B900010B50446FFF7F9FE014620B12046BDE806
:103BA0001040FFF795BE10BD38B5054608460C46D7
:103BB000DDF766FC30B921462846FFF7E6FE0038FF
:103BC00018BF012038BD38B50D4604460CB9204653
:103BD00038BD29462046FFF7A5FE0028F7D16469C5
:103BE000F4E710B50446C06CFFF7EDFF014618B1CD
:103BF0002046DDF725FD012010BD08B5C06CFFF79C
:103C0000E2FF003818BF012008BDC31D01F1080202
:103C100030B513F8014912F8015DA54209D183427C
:103C2000F7D10A78187882F00203C31A5842584133
:103C300030BD0020FCE770B5002388B0054648F28F
:103C4000FE02D0F8DE000E464FF0FF34D5F8E21049
:103C5000CDE9042306AA03C204A940222846029300
:103C6000CDE90044DDF792FD014660B190F82130C6
:103C70004662C3F340029B0702D42846DDF7E4FB0B
:103C8000002008B070BD2046FBE750B1836B0BB934
:103C90000120704793F82120920701D4DB6AF6E7F0
:103CA0000020704738B590F89E300D46DB0701D5EF
:103CB000846B14B94FF0FF3038BD082229462046E6
:103CC00009F0A9F80028F7D0E46AF2E710B50C462D
:103CD00011461A4610B94FF0FF3010BDDDF770FAEB
:103CE0000028F8D0214600F1100350F8042B984228
:103CF00041F8042BF9D10020EFE710B50446E8F7AE
:103D000035FC2046D7F792FF2046BDE81040C3F7A8
:103D100057BB38B5054691F910000C46E0F73AFE5E
:103D200010B12146FFF734FF05F14000224614216F
:103D3000EBF7C2FC2046BDE83840EBF73BBD10B5C1
:103D40004820EBF727FD0446D0B14822002109F0B6
:103D500053F801234FF6FF7284F82E3094F839306F
:103D6000A28543F0010384F8352084F83930FF231D
:103D700084F836304FF0FF33E36304F140036364AB
:103D8000204610BD38B505464820EBF703FD044634
:103D900030B14822294609F008F80023C4E900336D
:103DA000204638BD10B40446084611461A46012C78
:103DB00003D1234610BCDEF7CDB8002010BC7047FD
:103DC00042B1B2F900305A1C0ABF4B6BDBB293F818
:103DD000F03004E04B7AFF2B04D190F82E3081F8BC
:103DE00076307047B0F92C30EDE7F0B5C568BDB15D
:103DF0008468BCB10022271D1346954203D101B14E
:103E00000B800120F0BD57F832603EB154F832000B
:103E10000028F7D033449BB29E4203D80132ECE72E
:103E20002B46ECE70020EDE7437B024613F004004D
:103E300007D01168002329B9907D984294BF0020D3
:103E40000120704701330968F5E738B5044650B1E1
:103E5000016C29B14D692046FFF75BFF2946F8E761
:103E60002046EBF7A7FC002038BD07B5437B0A4688
:103E7000014643F020034373002318460093DEF706
:103E800095FA03B05DF804FB37B5D0F888300446E6
:103E90000D4603B19847C02DA16B08BF502569B1ED
:103EA0004B7B3F2B0AD8636B5BB193F90D20B4F8C1
:103EB000483028460093636DDEF778FA204603B059
:103EC00030BD4FF0FF32F2E708B5FFF7DDFFBDE888
:103ED0000840DDF72DB838B50546FFF7A5FF58B106
:103EE000E87CDDF7D3FF044630B1A869FFF74AFF4D
:103EF00028B92046DEF77AF80024204638BD412351
:103F00000460A06120466373AB7CA374EB7CE37414
:103F100095F91430237595F91530637595F90E30C0
:103F2000A560A373DDF7E2FF00210246284606F0F4
:103F3000A1FDE2E72DE9F04107460C461646056C67
:103F40003DBB44B922464FF0FF313046E8F79EFBB7
:103F500060B390F906402046E0F71CFD804628B388
:103F60001C20EBF717FC054600B33346024606F16A
:103F7000100153F8040B8B4242F8040BF9D131467F
:103F800040462C74FFF70FFDA0B92846EBF712FC52
:103F90000CE02CB195F91030A34201D06D69CFE748
:103FA00031462846FFF7BEFC0028F7D06FF002002C
:103FB000BDE8F08107F140002A46142106F05AFDC1
:103FC0000020F5E7F8B505460E461746046C14B90F
:103FD0006FF00200F8BD2EB194F91030B34201D059
:103FE0006469F4E739462046FFF79CFC0028F7D0C7
:103FF00028462146FFF78DFE0020EBE7F8B501F1DA
:10400000090706460D4600213846DCF7E1FF032884
:1040100010D96B7AFF2B18D000213846DCF7D8FF77
:1040200003282AD996F91400431C20D0BDE8F84093
:10403000E0F7B0BC96F91400421CEAD0E0F7AAFC05
:1040400004460028E5D02046F8BDB36993F92F0057
:104050000028E1DDE0F79EFC044630B10246394617
:104060002846DAF769F80028EDD10024EBE7284666
:10407000FEF7F2FD08B16C6BE5E700213846DCF78E
:10408000A7FF0328F1D80020E0F778FC0446686316
:104090000028D8D10120E0F771FC04466863D2E71C
:1040A00010B504461C22002108F0A6FE04F11403FA
:1040B000A36110BDB1F84430826813448C3383602F
:1040C000B1F84030B1F84220D21A036813440360BB
:1040D00070478368B1F844208C3B9B1A8360B1F829
:1040E0004030B1F84220D21A03689B1A036070472F
:1040F00038B50D46044600212846FFF701FB294646
:104100002046FFF7D7FF2A4604F114000021BDE83E
:10411000384006F0AFBC2DE9F041B1F84230064618
:10412000B1F840200C46934204D12046BDE8F0414E
:10413000DCF7FEBE416959B385694DB3B5F842005D
:104140009B1AB5F840101FFA83F8B5F84420471AB7
:1041500017FA83F39A421BD3121A90450CDDBFB2B3
:104160008C3105F18C003A46294408F02CFE0023DE
:10417000A5F84270A5F84030B4F8401042462846F1
:104180008C312144FFF712FB336843443360CCE7A2
:1041900021463046BDE8F041FFF7AABF38B5446973
:1041A00064B12146FFF795FF224614300021EBF75A
:1041B00083FA2046BDE83840DCF7BABE38BD10B5FA
:1041C00004461430FFF774FA00232360A36010BD87
:1041D000B1F5803F0CD24B004160C36003690BB95D
:1041E000012303618B4201D8012070470161FBE785
:1041F000002070470346D0E90020801AD3E902323C
:10420000D31A9842A8BF184670478378022B02D170
:104210000A20EAF73FBB70472DE9F0410C468AB00F
:10422000064615461F460A8804AB498860689DF813
:10423000408005F023FB00284CD000252B1E4FF0BA
:10424000000218BF0123009394F820306189608830
:1042500005F015FC388065B1304605F060FE3B88FE
:1042600018443880304605F065FE3B88184480B21B
:104270003880EBF797FA7860002856D0226907213A
:1042800005F0DDF904F10802022105F00AFA2246E0
:10429000012105F006FAE369D4E90512002D3FD0AB
:1042A0000127009705F016FA2946D5E90A2305F0FB
:1042B00032FA0146304605F058FE0146304605F018
:1042C0007DFE94F820300BB105F0C0F900200AB053
:1042D000BDE8F081CDF808803046AB68BDF810200D
:1042E00001936B68069900932B6805F000FD054665
:1042F0000028A2D0336B002BA0D0C26A07A9079078
:10430000099232468DF8208012F9040B98478046B6
:10431000002893D129463046454605F0C1FC8DE77B
:104320000225009505F026FACBE74FF0FF30CEE7E7
:104330002DE9FF4105460E461746EAF79DF904466A
:10434000B8B1416BE36A69B1D1F8208043B122462C
:10435000684605F070FCE36A0022694628469847E3
:104360004146EFE713B1221D284698476088E9F7D8
:104370001BFE37B12846E0F70DFB10B1314600F0C7
:10438000A0FC29463046EAF72DFA04B0BDE8F0411A
:10439000DEF7E4BB38B514461D46EAF76DF908B1FF
:1043A000C0E90B4538BD70B514461E469DF8105047
:1043B000EAF762F910B94FF0FF3070BD214605F001
:1043C0006CFD04460028F6D0037DAB420CD000699A
:1043D000EBF7F0F90023236123752DB12846EBF7A5
:1043E000D9F9206100B12575227D0AB90020E4E7E2
:1043F0003146206908F0D9FCF8E770B514461E462E
:10440000BDF81050EAF738F910B94FF0FF3070BD21
:10441000214605F06BFD04460028F6D08389AB42A7
:104420000CD08068EBF7C6F90023A360A3812DB1FF
:104430002846EBF7AFF9A06000B1A581A2890AB9BF
:104440000020E4E73146A06808F0AFFCF8E738B593
:1044500015461C46EAF710F910B94FF0FF3038BD89
:10446000294605F043FD0028F7D044600020F6E718
:1044700038B515461C46DEF7DDFC50B141EA450172
:10448000437F41EA840123F0070301F00701194348
:10449000417738BDF0B585B00446DEF7CBFC054664
:1044A00068B10089E9F780FD2046E0F773FA064617
:1044B00028B1E87CEAF702F8044610B9288105B073
:1044C000F0BD00F148036A4600F1580C1868083343
:1044D00053F8041C1746634503C73A46F6D12046F5
:1044E000E9F7CEFD2046E9F7D5FF69463046FFF7EC
:1044F000C1FADEE7014610B580B190F90000DEF7A1
:1045000099FC58B104684CB101F14802A44600235B
:10451000063190F91C00BDE81040604710BD70B531
:1045200004461546DEF786FC10B94FF0FF3070BD2B
:1045300071B12046EAF744F804460028F5D0861DFC
:1045400010222946304608F066FC40B90020EEE70C
:10455000437F9B07E9D5C07CE9F7B0FFECE72B462A
:1045600005F1100253F8041B934246F8041BF9D1DD
:10457000A06A0028EAD0294605F006F8E6E770B5FB
:1045800006461146EAF71CF804463046E0F702FA00
:1045900005463046DEF74EFC0646ADB1A4B198B1F3
:1045A0002046E9F76DFD737F284604F1480113F0BA
:1045B000020F06D0FFF7CFFA2046BDE87040E9F7BA
:1045C00069BFFFF757FAF7E770BD07B550B1DEF7DF
:1045D0007DFF38B1D0F8B83101A90B205B681B6AA8
:1045E0009847019803B05DF804FBD0F878310020BB
:1045F000D3F8AC309B680BB900B2704701309B69AF
:10460000F9E7D0F878310020D3F8AC301B680BB94B
:1046100000B270471A7D9B69D2075CBF013080B23F
:10462000F5E7D0F878310020D3F8AC301B680BB92F
:1046300000B270471A7D9B6992075CBF013080B25F
:10464000F5E7D0F878310020D3F8AC301B680BB90F
:1046500080B2704701309B69F9E738B5D0F87831FE
:104660000446D3F8AC30186838B18569017894F9FC
:104670000D0004F02BFA2846F6E738BD10B591F886
:104680009E3004460846DB070BD5F4F72AFB4FF6AD
:10469000FD730146984204D82046BDE8104000F062
:1046A00051B9204610BD0B4613B5044601A993F934
:1046B0000D00F4F7B1FD0199204600F06DF902B04C
:1046C00010BD70B58AB005461C46084603AB1146BE
:1046D000052200F056F8042819D0D4F878311A7B56
:1046E00012F0020017D100266A1C05A9CDE90006C8
:1046F00020466B89F4F7D9FD05A8009621469DF860
:1047000038302A78F4F7F4FD01200AB070BD04981F
:1047100006F077F8E7E70020F7E7C1F34003C1F3BD
:10472000C00141EA4301037D23F0030319430175EE
:104730007047037DD8009B0700F0080048BF40F099
:104740000200704709B908467047012916D043781E
:10475000FF2B0AD00230023989B28B420ED8002BCF
:10476000F0D0C91A184489B2ECE7023989B201299C
:1047700004D9438804305BBA9BB2ECE74FF0FF30BA
:10478000704730B500240546FF205C8018705C60DF
:1047900011B94FF0FF300DE06878FF280BD0AC1C4A
:1047A000023989B2884213D82D7895420CD15880AD
:1047B0001A705C6030BD023989B20129E9D96C8870
:1047C00064BAA0B22C1DEBE7091A251889B2DFE7FD
:1047D0002546DDE713B504466B46084611460D2213
:1047E000FFF7CFFF002805DD019BBDF802201A442A
:1047F000934202D1002002B010BD13F8011BA14268
:10480000F6D10120F7E737B505461C4608466B464A
:1048100011462A46FFF7B5FF0028C5BF019B0120BE
:1048200000201B78C8BF237003B030BD37B50546E4
:104830001C4608466B4611462A46FFF7A2FF012890
:10484000C5BF019B012000201B88C4BF5BBA238029
:1048500003B030BD37B505461C4608466B461146C9
:104860002A46FFF78EFF032806DD019805F0C9FFF1
:104870002060012003B030BD0020FBE737B50546BE
:104880001C4608466B4611462A46FFF77AFF072862
:1048900007DD019805F0A7FFC4E90001012003B07E
:1048A00030BD0020FBE7082911D990F90030002B1A
:1048B00008DA08290BD909300939C9B20029F4D11D
:1048C00001207047102902D911301139F5E7002075
:1048D000704738B50446084611462246FFF751FF97
:1048E000421C21D0032C03D1032818DD01201AE03B
:1048F000042CF9D0132C06D188B1C1B25868BDE898
:104900003840FFF7D0BF092C01D10828EDE7592C1A
:10491000ECD0A4F10C03012BE8D9192CE6D0A4F1BA
:1049200018035842584138BD0020FCE738B503460B
:104930000425144603F8025B4270184608F035FA65
:10494000204438BD0023C170043000F8043C022329
:1049500000F8033C0B0A00F8023C70470A23C170C0
:10496000043000F8043C022300F8033C0B0A00F872
:10497000023C704701238170033000F8033C00F8CB
:10498000023C7047034602220846194601F8022BF2
:1049900004225A7005F02CBF03460522084619462A
:1049A00001F8022B04225A7005F022BF03460822A8
:1049B0000846194601F8022B04225A7005F018BF68
:1049C0000E238170033000F8033C012300F8023C01
:1049D000704738B503460D25144603F8025B427054
:1049E000184608F0E2F9204438BD102381700330E6
:1049F00000F8033C012300F8023C70471223C17009
:104A0000043000F8043C022300F8033C0B0A00F8D1
:104A1000023C704770B50446BAB905250120A07064
:104A200006269DF81000267000286570217114BFBD
:104A3000E020C020E0705AB1136804F10D00C4F802
:104A400005305368C4F8093070BD0B250720E6E730
:104A50001A0AE01DA3716271F6E71FB5002402ABCC
:104A60000422ADF80640FFF78CFE03280ADD0DF1A5
:104A70000602BDF80A10039803F002FFBDF8060015
:104A800004B010BD2046FBE70144884201D100205C
:104A9000704710F8013B9342F7D101207047014461
:104AA000FF2310B5884200D110BD04780130944234
:104AB00008BF00F8013CF5E70246006940B15369C0
:104AC000127B19890B44DB7A981AC0F3C4000130B9
:104AD000704770B50D461646C4690CB9204670BDC6
:104AE000637BAB4207D12A46314604F1180008F037
:104AF00092F90028F2D02468EFE770B50C4605461D
:104B0000096929B10E692046DEF782FE3146F8E7D1
:104B100005F11C002246EAF7CFFD2046BDE87040B3
:104B2000EAF748BE03460868D86289881A8319865E
:104B3000704770B5027B044600F1DE0600F5907503
:104B4000D2B90A68C0F8DE204A68726090F8DE3098
:104B500083F0020380F8DE30F4F7DDFAD4F8DE30BB
:104B60002846C4F8E6307368C4F8EA3005F03BFE26
:104B7000BDE87040F2F74BBFD0F87C010028EDD0C3
:104B80000A68C4F820218A88AA800022A4F8262175
:104B90000A7882F0020284F8DE204A7884F8DF2066
:104BA0008A7884F8E020FF2284F8E120FE2284F84D
:104BB000E220CA7884F8E3200A7984F8E4204B796B
:104BC000294684F8E53003699847C7E7D1F894315E
:104BD00003B11847DCF7ACB938B5044680B390F898
:104BE0009E30002123F0010380F89E3090F8F930C8
:104BF00023F0020380F8F930D9F7DCF904F19400CE
:104C0000F3F77FFE04F1A00004F0DFF90023A16BAD
:104C1000C4F8943184F8913029B1CD6A2046DCF78C
:104C200025FD2946F8E7E16C29B14D692046FEF7DC
:104C3000D8FF2946F8E72046BDE83840E0F778BAC3
:104C400038BD38B505460120DFF7EEFB044640B11C
:104C50001020EAF79FFDC4F82C0128B92046EAF796
:104C6000A9FD0024204638BD1022002184F8302000
:104C700008F0C2F8D4F82C3100222046DA73C4F8C8
:104C80007C51E8F73FF82046DFF7ECFDEAE708B58E
:104C900040B2DFF77FFE98B1027B8AB9D0F860217D
:104CA0001AB1BDE80840C7F70BBFD0F864311BB19B
:104CB000BDE80840FCF77AB9BDE80840C3F79CBDE1
:104CC00008BD70B50E46054640213046E8F744FA67
:104CD000AC6B04B970BD94F82230022B16D1227C43
:104CE000402A13D13146204605F004FE70B120461B
:104CF0008021E8F731FA05F1380022462C21EAF745
:104D0000DBFC2046BDE87040EAF754BDE46AE0E70A
:104D100009B90120704703783BB1012903D04378DA
:104D20000233994202D20020704701231844C91A65
:104D3000EEE730B509B9084630BD057815B9013040
:104D40000139F7E79542447803D1002BF4D09C4217
:104D5000F2D00239091B02342044EBE7D2E90012F9
:104D600001F08FBD70B51446054601F0B9F923680E
:104D7000D3F868616EB1336A5BB16168284601F0AF
:104D800064FE30B1336A2A46D4E90010BDE87040B1
:104D9000184770BD002102460846E0F767B9034690
:104DA00008465A690AB1596A104770472DE9F0411F
:104DB000064686B00F469046046814B906B0BDE8B2
:104DC000F081204601F03DF9054678B905AA39463B
:104DD0000590304601F03DF8059B8022394600954C
:104DE000CDE9010343462046E2F768F82468E4E78A
:104DF00038B50D46046804B938BD204680222946DE
:104E000000F078FC2468F6E770B5064608460C46C4
:104E10001546FEF750FD48B9D6F8680130B1072DA8
:104E200004D12146BDE87040FFF7E2BF70BDF8B580
:104E300005460C4617460E684EB9AE6B76B9BFB143
:104E40002068A8B1066801F096FC3046F9E73046C4
:104E500095F90D1001F005FD3668EDE73046FEF7D7
:104E60002AFD18B931462046FFF7C2FFF66AE5E78A
:104E700095F90D3094F910209A4204BFFF23237452
:104E8000F8BD38B5D0F8683104460D4633B1E3F7C4
:104E9000C5FA18B1D4F868311C6804B938BD204689
:104EA000294600F091FC2468F7E72DE9F041D0F89D
:104EB000683105460F4690461BB900242046BDE8E0
:104EC000F081E3F7ABFA0028F7D0D5F86831002479
:104ED0001E68002EF2D095F90D203946304601F0BB
:104EE00020F9024630B12CB9434631462846E2F754
:104EF0003FFE04463668ECE738B5D0F868310D4619
:104F00000BB9002038BD1C68002CFAD02946204679
:104F100001F09BFD0028F5D12468F5E770B5D0F8C5
:104F200068410E4614B1256800240DB9204670BDB5
:104F30002846314601F0B0FD84422D6838BF044652
:104F4000A4B2F2E710B50C46114690F90D202046A8
:104F500001F0E7F8014620B12046BDE8104001F01D
:104F600055BB10BD70B5D0F8683105460E460BB183
:104F70001C6804B970BD214632462846FFF7E2FF9F
:104F80002468F6E7C0E90512C361019A009B4262FA
:104F90000362704738B54FF0FF3105462846DFF70A
:104FA00007FD044600B938BD0021FDF7CCFB94F99C
:104FB0000D10F3E710B50468204604B910BD01F0E8
:104FC0003CF808B92468F7E70120F7E7084601F044
:104FD00008BA2DE9F047DDF8208004460D46164654
:104FE0001F469DF8249001F0A0F948B13B46324697
:104FF00029462046CDE90889BDE8F04701F019BAF5
:10500000BDE8F0871FB59DF8204003F0C00303946E
:1050100001240294079C0194069C009401F07EFAFE
:1050200004B010BD38B5054601F07FF958B12846E7
:1050300001F0F9F900F0C4FF044601462846E3F701
:10504000CDFB204638BDF024FBE730B585B00546E2
:105050000C4601F06AF920B363786946E288284675
:105060008DF80230A378ADF806208DF80330E37890
:10507000A2688DF80430237902928DF805302278E9
:10508000A389ADF80C301301C2F3420203F0100300
:1050900013438DF8003000231A468DF80130E3F7F2
:1050A000DFFA05B030BD10B5417409B1046804B928
:1050B00010BD204601F029F82468F8E738B50D4600
:1050C000046804B938BD2046294600F0C9FC2468AC
:1050D000F7E71FB590F90130002B0BDA002302939C
:1050E000426801920622009291F90D2010F80C1BE3
:1050F00004F024F905B05DF804FB38B505460C68EA
:1051000004B938BD20460022294601F0BAFB2468C4
:10511000F6E710B5046804B910BD2046E3F7F6FBC6
:105120002468F8E72DE9F04F934685B01A06074644
:10513000BDF844A055BF4FF004094FF014094FF0DB
:1051400000084FF0400809EB0A0602910393B0B241
:10515000FEF78FFA0546002844D0B0F84020039BA4
:1051600002F18C040244044482F88C30584684F8DE
:10517000018000F081FF0146384600F04EFE18B174
:10518000637863F07F0363700023A3709DF8383069
:10519000E370B8F1000F09D00F9B221D03F110013D
:1051A00053F8040B8B4242F8040BF9D15246109984
:1051B00004EB0900264407F0F8FD05F18C032846AE
:1051C000F61AA5F84260DBF7CDFD129B38460222A5
:1051D00000932B460299E0F753F86078C00905B0B8
:1051E000BDE8F08F0120FAE701F0E1B910B51C46E7
:1051F00001F0DDF928B1214601F052FD029B188033
:10520000012010BD08B500F018FF18B1BDE8084036
:1052100001F000B908BD90F84C30024613F00100CF
:1052200013D092F94B3092F84B10002B0CDA906DA2
:1052300018B142780132104470474B064CBF02F15E
:10524000090002F11D0070470020704700207047E0
:1052500030B5144685B00AB9002019E003AB0A4600
:10526000002100930DF10B03FDF7D9FE0028F3D0C8
:105270009DF80B3020789842EED1039DDBF79EFE1F
:10528000611C0246284607F0C6FDB0FA80F04009CE
:1052900005B030BD10B5B0F84030B0F84220D21A99
:1052A00092B209B100240C60272A23D98C33283A02
:1052B000184492B283885BBA9BB293421AD884791D
:1052C0002830BBB1B4B9072B14D942780132D200CF
:1052D00089B193420ED3831C104498420AD91A789C
:1052E0002AB1632A05D05A7802321344F5E7013314
:1052F000F3E70B6010BD9342FCD39B1A0478104473
:105300009BB2DEE713B5D0F884400B460092002232
:10531000A168E0F7AFFF02B010BDF7B5D0F8843058
:1053200004460E4615469F68384600F089FF014640
:1053300028B94FF6FF732B80204603B0F0BD2046FE
:1053400033463A460095E0F795FF0446F4E7073800
:1053500006288CBF002001207047072805D00B3895
:1053600001288CBF0020012070470120704738B50C
:105370000C4689680546E0F7DDFE024660B1E1F7BC
:10538000F7F90C34034648B100F1100153F8040B4F
:105390008B4244F8040BF9D1104638BD2B4605F179
:1053A000100153F8040B8B4244F8040BF9D1F3E7D6
:1053B000F8B50D46C17801B306790129427866F047
:1053C0000F0306F00F0702F1010203EBC20342795B
:1053D000A3EB121300EB030409D0320905EB1610FE
:1053E000A2F11001C2F11002214407F0DEFCC7F166
:1053F00010022146E81907F0D8FC0120F8BD836CA3
:10540000002133B19A8CD97522F4C0729A84DB6B77
:10541000F7E7827B436263F3C7128273704770B50C
:105420000D7D0523061D0C46073503700431ED087C
:10543000AB1C4370002383700A7CC270304605F0B9
:1054400093FA94F824307019DB0609D50923811CDE
:10545000735504234370206ABDE8704005F0C8B955
:1054600070BD73B5054608468D4213D001314FF02B
:10547000FF36491BB6FBF1F606FB01F404210DEBE8
:105480000100BCF777FA019B9C42F7D9B3FBF6F316
:105490001D44A8B202B070BD10B5044608461146BE
:1054A000FFF7DFFFA3B2240C43431A0CC3F3C0334E
:1054B00000FB042043EA400010BD38B50D46044609
:1054C0000CB9204638BD10222946204607F0A3FC1F
:1054D0000028F6D0E46AF3E770B505460E4605B934
:1054E00070BD6C696B8B56B9227D802A07D120680C
:1054F000221D94F918108068E2F752FF03463344E6
:10550000A26A9A420ED9A362636B9D420AD03434D8
:105510002A4624212046EAF7CFF82A4624212046AD
:1055200005F087FAED69DAE72DE9F047804680B1AA
:1055300000F0C9FE68B198F81A900027D8F800303A
:105540004FF0800A09F007093C469D6AFDB9002F1B
:105550004AD1BDE8F087404600F0B5FE082829D1C1
:105560003E4630E03746002D3DD0A88CB18CC0F3CC
:105570004310C1F34311884227D9D90705D54AFA08
:1055800003F31A43A31C86F8262037461C462E46F2
:1055900095F82430DB07DAD5A145D8D36D6B2DB152
:1055A00095F8243013F0010F08BF002596F8243039
:1055B0005807D0D5631C4AFA04F29945D2B286F84E
:1055C0002620CFD21C463746C0E72E461C46DFE7D2
:1055D00042FA04F197F8263001340B4387F826305D
:1055E000A145F5D2B5E71C468022F9E7836A53B19D
:1055F00093F8240010F0010006D093F8260000383C
:1056000018BF01207047184670477047F8B50C4620
:105610000A4648303C21EAF74FF894F824309B07BB
:105620001CD5264656F8345F5DB12A466F6A2421A0
:105630003046EAF741F828462C213D46DFF704FDC5
:10564000F2E7224609214FF0FF30E7F74FFA2268D0
:10565000937B23F00C039373E1F7D2F920464421A6
:10566000BDE8F840DFF7F0BC70B50E461546846C17
:105670007CB194F824305B0701D4E46BF8E7237D18
:10568000AB42FAD12A463146201D05F033F90028F5
:10569000F3D0204670BD70B50E461546846C5CB1E3
:1056A000237DAB4201D0E46BF9E72A463146201D49
:1056B00005F020F90028F6D0204670BD2DE9F04114
:1056C0000F469046846C4FF0FF36002514B92846EB
:1056D000BDE8F081227DB2420ADB424508D8394656
:1056E000201D05F007F918B1267D2546802EEED045
:1056F000E46BEBE710B50446FFF7B6FF014620B1B7
:105700002046BDE81040FFF781BF10BD10B504462C
:1057100039B94FF480414FF440420A20FFF7BCFEF4
:1057200081B2B4F852300BB18B4201D9A4F85210B7
:1057300010BDF8B5064600F09FFC00F0F703102BF3
:1057400008D0082805D10027B26A002514461CB9E4
:1057500075B9F8BD0127F7E794F8270094F82610EB
:10576000884202D0884302D10D43646BEFE70124E5
:105770004AB192F8263083B192F827306BB90321F1
:10578000B068FFF70CFB002FE3D1B16CED4331B9EA
:105790003046BDE8F840FFF7B9BF526BE8E791F833
:1057A000243003F00C020C2A06D13CB143F0200354
:1057B00081F8243000238B62C96BE8E791F82A3026
:1057C0002B4081F82A30F7E7F8B504460E46FFF77C
:1057D0000DFFD8B1E9B1A56CC5B110223146281D25
:1057E000EF6B07F018FB90B994F90E30002B03DA39
:1057F000AB8C03F4C0734BB995F8243043F08003AD
:1058000085F82430A37B43F08003A373F8BD3D46A5
:10581000E2E7A37BDB09F5D1A36C002BF2D093F870
:10582000242042F0800283F82420DB6BF5E72DE989
:10583000FF47827B0446150700F1D88012F004026E
:1058400040F0C7800746836C47F8402F47644BBB46
:10585000A56C002D33D16E46A04602AF0095CDE970
:10586000016558F8485F0397002D4ED104F14809AF
:10587000029D002D5ED1A36C002B00F0A180A26CD4
:105880000025002A7DD128692A461C212C30E9F701
:1058900013FF3A4649466869E1F72EFA029B002B4E
:1058A000EDD0E5E793F824109A6262F3861183F84D
:1058B0002410194641F82C2F1963DB6BC7E76E6B78
:1058C0000EB9ED6BC5E73046DFF7E8F968B930612E
:1058D000324695F824301C21384643F0400385F8C1
:1058E000243005F0C7F8766AEAE780223146204680
:1058F000FFF7E4FE30610028F5D0AB6A32461C2188
:105900000133AB6230692C30EBE7D5F82890D5F83D
:105910003CA0B9F1000F0BD12A463C214046E9F7E3
:10592000CBFE039BC5F83C902B641D603C35039572
:10593000554699E72A463C213846E9F7BDFE002343
:10594000EB63019B2B641D6005F13C03D5F82C80B3
:105950000193B8F1000F8BD03A46D8F814004946AD
:10596000E1F7CAF995F82430580641BFD8F8142059
:1059700092F8243043F0400382F82430D8F81C8099
:10598000E7E7D36A0BB9D26B7BE7BDB1696991F8E0
:105990002400410606D4596991F8241049060DD413
:1059A000400604D5596991F82410490604D5688B3E
:1059B000598B884298BF1D46DB69E3E71D46FBE72C
:1059C0003C223146484605F05EF8A37B43F00403D1
:1059D000A373A16C4FF0FF3359B9206CFFF77CFD26
:1059E000A56C4DB9A37B43F00803A37304B0BDE8D5
:1059F000F0878B62C96BEFE7A96A95F824304A1CDF
:105A000018BF012262F3861385F824305B0603D5A4
:105A100089B2E86AFFF760FDED6BE2E7837B23F074
:105A200008038373E0F7ECBF19B191F826300BB986
:105A30007047FF23DB43816CDBB209B9FFF766BE19
:105A400091F82420920709D491F82A201A4081F86D
:105A50002A2091F82B201A4081F82B20C96BECE703
:105A600038B50D46846C04B938BD94F824305B0712
:105A700008D5E36A33B1AB4204D329460120FFF7CE
:105A8000F0FCE062E46BEEE7F8B50E46054660B365
:105A9000816C69B1CB69CC6B581C03D0B34203D97C
:105AA0009B1BCB612146F4E72846FFF7AFFDF9E7E2
:105AB000AB6C0C46CBB193F82410DF6B4A0707D5CB
:105AC000DA6A501E033003D8B24203D9921BDA625D
:105AD0003B46EFE741F02001284683F824100021DF
:105AE000C3E90A44FFF712FEF2E7F8BD73B5B0F858
:105AF000543004460D4623B18B420CD95B1AA0F8F2
:105B00005430B4F8523023B1AB421AD95B1BA4F81D
:105B1000523002B070BD827B002190F85130C2F348
:105B200080165206A0F854104FBFFF224FF0FF32EC
:105B30003146009644BF00924FF0FF32E1F7CAFEB3
:105B4000DFE700232046A4F8523002B0BDE87040E1
:105B5000E1F71ABA806C28B190F82530DB0701D440
:105B6000C06BF8E77047F8B5837B05460E46DB0946
:105B700033D000F066FA20B12846BDE8F840FFF7C0
:105B80003EBC2846FFF732FD0028F5D02846FFF737
:105B9000E1FF044610BBAC6CDCB194F82430DB09A7
:105BA00001D1E46BF8E7A38C23F4C07343F4807352
:105BB000A38400236B62AB6A83B193F82620596BF0
:105BC0002AB193F8242022F0100283F824200B46F7
:105BD000F2E7AB7B64F3C713AB73F8BD6B6A43B1F9
:105BE000E37DB34202D99B1BE375F6E70023E3751F
:105BF0006B62AE6A4EB196F82620736B1AB196F8B6
:105C00002420D20608D51E46F4E794F8253066F322
:105C1000000384F82530E0E796F92900DEF7BAFEA4
:105C200007460028A8D0211D806BFFF746FC0246DE
:105C30000028A1D031463846E1F716F80028CCD02C
:105C400005236E62D0E738B505460846E1F7FCFF4C
:105C50000446A86800F009F9A04234BF00200120E2
:105C600038BD10B5848DE1F7EFFF01462046BDE851
:105C7000104000F093B9F8B507461C460846164692
:105C8000FFF7EFFF0546B86800F0F2F834B1C0F551
:105C90007F43FF339C4202DB002009E0802421186F
:105CA000304689B200F07AF9854234BF00200120E5
:105CB000F8BD084608B5E2F771F908288CBF002046
:105CC000012008BD70B50446868DE2F767F9092802
:105CD000054612D823681B681B68986800F0BDF859
:105CE00023681B68598C11FB05F111FB00F189B287
:105CF0003046BDE8704000F051B94FF6FF71F7E74C
:105D0000F8B507460C4608461646FFF7DBFF054682
:105D1000B86800F0A2F823681B68598C11FB00F1E9
:105D20003046490089B200F039F9854234BF00207D
:105D30000120F8BD70B50446FFF7C4FF054623688F
:105D40001E683368986800F086F8718C11FB00F1CA
:105D5000284689B200F022F923689B89984228BF1F
:105D6000184680B270BD2DE9F04704460F469146B3
:105D70004FF0FF08002514B92846BDE8F087BC4263
:105D800028D094F82430D90724D423683A68D3F86B
:105D900000A011688A451DD11179187900F016F913
:105DA00010F0060F16D04A46A18D504600F0C8F8F4
:105DB000C2070FD52046E2F7F1F80928064609D8B0
:105DC00035B1AA8D5046A18D00F0BAF8C30703D5AE
:105DD000B0462546646BCEE74107FBD4092E0BD0B5
:105DE000B8F1080FF4D894F824309A07F2D595F852
:105DF00024309B07ECD5EDE7B8F1080FF3D8E9E7BD
:105E00000120704701207047088928B10878C0F345
:105E1000C00080F00100C0B27047012070474FF40D
:105E200016707047802070471E2070470F20704703
:105E30000A2070474FF461607047062070470220C7
:105E40007047B2EB430F8CBF012000207047002049
:105E500070470020704700207047012070470020E5
:105E6000704701207047402070474FF40070704722
:105E7000C020704770B5937B064686B00C4603F091
:105E80001800154608281CD018281CD0B8B903F0F3
:105E900035FAA28C03462846C2F343121344DBB200
:105EA000049350F8113B0393337BCDE9014307235F
:105EB0000093231D94F92920297CE6F727FD06B0DD
:105EC00070BD0120E3E74FF0FF30E0E710B5044676
:105ED00002460C2190F92900E6F708FE224694F9C3
:105EE00029000721E6F702FE224694F929000B213A
:105EF000BDE81040E6F7FABD4FF6FF7203460846CC
:105F000091421CBF5B8CB1FBF3F070474FF6FF73FF
:105F1000994204D18A420CBF0820042070479A425B
:105F20000AD038B1438CB2FBF3F0814204D305D0E0
:105F300004207047082070470120704702207047F6
:105F40004FF6FF7399421CBF438CB1FBF3F1FFF78F
:105F5000DDBF4FF6FF72438C914214BFB1FBF3F0EB
:105F60000846013010FB03F04FF6FF7380B2814208
:105F700088BF184670474FF6FF72438C914214BF9A
:105F8000B1FBF3F00846013010FB03F04FF6FF734E
:105F9000013880B2814288BF1846704701440346E9
:105FA0004FF6FF7288B2834288BF10467047411A8D
:105FB000034688B2834238BF00207047F020704704
:105FC0007F281ABF0130C0B20020704788422CD011
:105FD00002064BB209D5002B1BDB01F58071091AB3
:105FE0001129B4BF012004207047002B07DA00F507
:105FF0008070411A1129B4BF042001207047401A53
:1060000000F07F00102812D96F288CBF01200820D3
:10601000704788428CBF431A0B1ADBB2102B08D88A
:1060200088428CBF04200120704702207047042062
:10603000704708207047006B7047006B00B1006824
:10604000704708B5FFF7F9FF18B190F8290000F084
:10605000010008BD08B50246FFF7F3FF58B9916C7F
:10606000034629B93BB11046BDE80840FFF7BEBA68
:106070000133C96BF5E708BD08B50346FFF7DDFF3F
:1060800008B9D86910B1007E00F0380008BD806AF8
:1060900038B190F82430DA0703D413F0020F08BFA8
:1060A0000020704738B5046B0D46194614B900241A
:1060B000204638BD6B0602D5037B9342F7D1AA0672
:1060C00007D42B06F4D522799DF810309A42EFD0F0
:1060D000EDE720680830FDF725FC0028F1D1E6E760
:1060E000036B23B119683830443101F041BB70476C
:1060F000837BDB0602D4383001F034BB7047037C6D
:106100008B4238BF0174FFF7EBBF4FF6FF738386F6
:106110007047C06A00B9704703798B42FBD00069B1
:10612000F8E770B50D461646846A5CB194F92930DB
:10613000B34201D0646BF8E72946201DFDF7F2FB5E
:106140000028F7D0204670BD2DE9F04782463C205C
:106150000D4690461F46FEF71DFE0446E8B3DAF8EA
:10616000003006462946D3F8009005F1100346F8A2
:1061700004AB51F8042B994246F8042BF9D10021C5
:10618000102204F1140006F037FE4FF6FF7384F876
:106190002980A3859DF8203084F82A7084F82B305C
:1061A00094F8243023F01F0384F82430002384F86B
:1061B000263084F82830D9F8281031B92246342105
:1061C00009F1280004F056FC07E091F82430DB07C1
:1061D00006D42246342004F045FC2046BDE8F08772
:1061E000496BEAE70430704770B500F114060546C4
:1061F0000C463046FDF796FB70B9214604F11003BA
:1062000051F8042B994246F8042BF9D195F8243023
:1062100043F0040385F8243070BD08B503460846F2
:1062200093F82B1083F82B0093F8243013F001031C
:1062300004D0FFF7CBFEC0F3800008BD1846FCE792
:1062400020B1006810B1006800B1006870470368B1
:106250001B681B6B1B1A58425841704708B5024611
:10626000FFF7F5FF30B1106803689A8EFFF768FEFC
:10627000C0F3800008BD60B159B1884207D0026800
:106280000B689A4205D109790079FFF79FBE022079
:106290007047082070474FF6FF73994210B50446C7
:1062A00006D082899A4203D10068FFF764FEA0817C
:1062B00010BD10B5838904468B4203D20068FFF7F6
:1062C0005AFEA08110BD007E00F03800704708B56E
:1062D000026803461046FFF7B0FE984207D100F16E
:1062E000440102F13800BDE8084001F041BA08BDA0
:1062F00008B5026803461046FFF79FFE834204D1AB
:106300001046BDE80840E2F71BB908BD027E0B7ECF
:1063100002F0070203F007039A4202D003D20120E1
:106320007047022070470420704790F8290000F061
:106330000100704790F82900C0F34000704790F8C2
:10634000293061F3820380F82930704790F82930B2
:106350005B075DBF03689B68587C0120704738B5B8
:1063600004460D46A9B10868FFF7F0FF4FF6FF732A
:10637000002818BF1A46A286226B954230D02563AA
:1063800055B93834116820464431BDE8384001F031
:10639000EFB94FF6FF72EEE7296891F8293043F024
:1063A000100381F829302B6893F82930DB0707D4D4
:1063B000296838347AB94431204601F0C4F90DE037
:1063C000A36A002BF4D093F8241021F0010183F884
:1063D00024105B6BF5E713688B42ECD12968D2E798
:1063E00038BD10B504464FF6FF7200210068FFF774
:1063F000B6FF94F8293023F0010384F8293010BD4A
:1064000003681B6B23B11B681B1A58425841704725
:106410001846704790F82930024613F0080018BF5C
:1064200002F11A00704703681B6B187970473C3003
:1064300070472DE9F843DDF8208006468946154669
:106440001F46C46B6CBBE81DC0081430FEF7A2FCED
:10645000044618B32A4649460574113004F084FAFC
:1064600006F13C002246042104F004FB0120B8F1AF
:10647000000FC4F80080A7730CBF032300236373CD
:106480009DF82430237348B13046FFF7B9FF28B197
:106490003668B3689B7C0BB1B56ABDB92046BDE8D0
:1064A000F883237CAB4201D06468CBE72A46494697
:1064B00004F1110004F01EFA0028F5D023684345CA
:1064C000D5D1A27BD01B18BF0120D0E795F824308E
:1064D000DB0704D5224629463046FFF7CBFC6D6B1F
:1064E000DBE710B50C460A463C300421E9F7E4F836
:1064F000217C20460731C908BDE810401431DEF781
:10650000A3BD34307047436B03B970475A78D10646
:106510005CBF22F008025A70DB69F5E773B51C46D0
:10652000FF233430DDE90665CDE900533346FCF73F
:10653000AFFAA8B19DF8203024F01F0242EA0312FE
:106540009DF8243042EAC302D2B236B94378FF2B19
:1065500001D043680BB142F003024270C0E901650B
:1065600002B070BD38B5036805460C4633B1996872
:106570008B691BB10022496A2046984705F1340017
:1065800022461C21E9F798F82046BDE83840E9F793
:1065900011B938B50446416B41B14B78CD69DB0682
:1065A00002D12046FFF7DEFF2946F5E738BDF8B5F2
:1065B0000B060C461646056848BF01F0BF0467B2DB
:1065C0008DB12B7BA34201D02D68F9E7002F0ADAA9
:1065D000002EF9D0E8690028F6D031460830FDF7E2
:1065E000A1F90028F0D02846F8BD38B5837B0D46C8
:1065F000044643F0010383738068FFF717FC2A46C3
:1066000001462046BDE83840E1F7AABF38B5054647
:106610000C46FFF79FFA20B16B6AA34204BF002328
:106620006B6221462846FEF7F0FF2246342105F131
:106630002800E9F741F894F82430DB0706D5204616
:10664000FFF744FC00212846FFF7CFFF20463C21FE
:10665000BDE83840DEF7F8BCF8B506680446356892
:106660002B6B834205D10022052128462A63E1F7DE
:1066700077FFA96A41B10B684F6BA34202D128464C
:10668000FFF7C4FF3946F5E706F12C00224610213A
:10669000E9F712F820461821BDE8F840DEF7D4BC2F
:1066A0002DE9F041054618200F46FEF773FB04461E
:1066B00078B34FF6FF7305600771C3804FF0FF3367
:1066C00083608381EB6A1BB101210E20DEF700FBA2
:1066D000EE6A0EB331793846FFF778FC10F00C0FF4
:1066E000D6F8108001D14646F3E722463146102005
:1066F00004F0B8F9EE6A35695DB131792879FFF7B0
:1067000065FCC3070FD428462D69FFF7A5FF002DB0
:10671000F9D12046BDE8F0812246102105F12C0078
:1067200004F0A8F9E6E72D69E6E770B504460568C8
:10673000C06A20B10669FFF78FFF3046F9E7E16BC9
:1067400029B14E682046FFF7CCFE3146F8E7616B71
:1067500029B1CE692046FFF705FF3146F8E705F17C
:106760001C0022464C21E8F7A7FF20465421BDE833
:106770007040DEF769BC70B504468568816A29B14E
:106780004E6B2046FFF742FF3146F8E7E06920B143
:10679000C66CFFF7CAFF3046F9E7A16C29B1CE6B92
:1067A0002046FEF733FF3146F8E728462246E8F751
:1067B00083FF20465C21BDE87040DEF745BC2DE933
:1067C000F04387B007460C46FFF71AFE002845D075
:1067D00091F82430DB0741D5FB7F0E1D8D8C4FF0E7
:1067E0000B09FF2BC5F3431514BFB7F826804FF0F4
:1067F000FF3845F0800518BF03FB08F8CDE9038595
:106800003B681B7BCDE901130C230093334691F9C0
:10681000292000210846E6F779F838468021CDE99D
:10682000038550F8083B1B7BCDF80090CDE9014370
:10683000334694F92920E6F769F83B689A68917C19
:1068400061B90846CDE903851B7BCDF80090CDE901
:106850000143334694F92920E6F758F807B0BDE81C
:10686000F08370B50D460446816A49B191F929302B
:106870004E6BAB4202D12046FFF7C8FE3146F4E72B
:1068800070BD2DE9F047056B88B0044689469046F7
:1068900025B12F685FB908B0BDE8F087037C002BF5
:1068A000F9D0C769002FF6D0FD6A002DF3D0237C04
:1068B000002B48D1A68EB8F1000F4FD04FF6FF73D2
:1068C00007F11A0A9E4203D02046FFF7C3FB08B91E
:1068D0004FF6FF7607F108022B794946CDE905A866
:1068E000CDE90372627B02923A7ECDE90062227B9F
:1068F000A068DEF72BFDB8F1000FCCD1EB882E811C
:10690000B34213D9EE804FF6FF703B8C798C8342F3
:10691000B6FBF1F218BFB3FBF1F313449BB2934201
:106920004FF6FF7201D393422AD16A81314628463D
:10693000FFF7B1FC4FF6FF739E421EBFE37B43F0AF
:106940000203E373A7E7013BDBB223741BB9042105
:10695000A068FEF724FA4FF6FF76ACE797F82AA076
:10696000E1F762FD824509D297F82A3007F11A0A49
:10697000FD2BAFD8013387F82A30ABE7C246A9E731
:1069800001339BB24B43934228BF1346013B6B81BB
:10699000CCE770B5837B0446C3F340028A4215D02E
:1069A00061F34103837391B101218068FEF7F7F928
:1069B00001210D20DEF78CF9A068FFF739FA0022DB
:1069C000E37B608262F341036274E37370BDC37B57
:1069D000418261F34103C373036B002BF6D0856AD8
:1069E000002DF3D0A98D28686E6BFFF737FC18B126
:1069F00029462046FFF70AFE3546F1E790F82920A0
:106A0000034602F00100884218D061F300021868C2
:106A100083F8292081B1826A32B993F8292042F0A3
:106A2000020283F82920704792F8241021F0010116
:106A300082F82410526BEFE7E1F768BF7047807B64
:106A4000C0F340007047808E704738B50D46846AA9
:106A50000CB9204638BD94F8240010F00100F9D09C
:106A60002946201DFCF75EFF0028F3D1646BEFE799
:106A7000F8B50F461646856A00244DB13946281DE3
:106A8000FCF750FF28B90134A4B21EB1B44201D3BF
:106A90000020F8BD6D6BF0E7836A002003B97047F2
:106AA00039B193F8242002F00102104480B25B6BEC
:106AB000F4E70130FAE72DE9FF4104460D46C669C7
:106AC0000027CEB929462046FFF74DF8E38E9D42B8
:106AD0004CD25B1BE3862046FFF7D9FA064640B945
:106AE00001211020DEF7F4F8638A9D4244D25B1B3B
:106AF000638204B0BDE8F081F16BA1B10B7BD1F8EA
:106B0000048033B10B685A1C03D0AB4203D95B1B22
:106B10000B604146F1E74B7B0F60002BF9D130460B
:106B2000FFF7DFFCF5E7716BF1B14A78D1F81C8013
:106B300010070ED58B68581C04D0AB428ABF5B1B74
:106B40008F608B604B68581C03D0AB4203D95B1B32
:106B50004B604146E8E702F017024F60102AF8D177
:106B60003046FFF7FFFCF4E7F66CAAE7002BB2D043
:106B70002046E1F7CBFEAEE7002BBAD0637C402283
:106B800066823146013363740096CDE90166237B4A
:106B9000A068DEF757FDA068657CFFF74EF9034655
:106BA000A0689D4216D2FFF743F90546A068FFF79B
:106BB00041F9637C23B9A84228BF2846608298E740
:106BC0002A0405D4A84203D96D00013BADB2F1E718
:106BD0000546F0E7022104B0BDE8F041FEF7DFB85A
:106BE00070B5036B04460E4613B11D684DB970BDF8
:106BF000037C002BFBD0C569002DF8D0EB6A002B7D
:106C0000F5D02846FFF7A2FB10B1237C002BEED075
:106C10002046FFF716FA98B1324605F1440104F117
:106C2000380000F0BBFD0028E1D0A37B0022204605
:106C300023F010031146A373BDE87040FFF721BE97
:106C4000237C002BE8D1E37B9907E5D4E1F7E6FB51
:106C50000028E1D02046FFF7FDF90028C7D02046E4
:106C6000FFF7EFF90028D7D1E1F7D8FBA37B08B1F4
:106C70001A06BCD49B06BAD4B4F85230002BCBD041
:106C8000B5E770B50D461646046804B970BD2368B3
:106C9000AB4203D131462046E1F7B8FF646BF4E71D
:106CA00070B50C4669B1866C00250EB9284670BDDA
:106CB000301D4022214603F01DFE0544F66BADB2A7
:106CC000F3E7836C0BB9A5B2F0E70134DB6BF9E7AE
:106CD00070B506460D4614469AB18A4211D0116825
:106CE0002868FFF7C8FA10F0060009D0226B2B6B5A
:106CF0009B1AB6F84620B3EB420F8CBF0120002050
:106D000070BD0120FCE7012380F89010C0F8983096
:106D1000002380F891307047704738B50446D0F8AA
:106D200088000D4648B100F087F935B1D4F88800E5
:106D3000E8F740FD0023C4F88830B4F8943023F01D
:106D4000C403A4F8943038BD37B5D0F88830044671
:106D500063B900F009F9C4F8880038B901230020AC
:106D6000C4F898303723A4F890304AE00021204638
:106D70000025FFF7D2FF204600F06EF8A563C4E9B6
:106D8000135504210DEB0100BAF7F4FD019B2046D9
:106D9000C4E90F3500F0B6F8B4F8943023F00803D6
:106DA000A4F894300123C4F8983000F0EEF850B302
:106DB000D4F88830C3F8A000B4F89430DB0614D5BA
:106DC000D4F8880090F8403043B90421413000F0F5
:106DD000D7F8D4F88830042283F84020D4F88830DB
:106DE0000022C3F86120C3F86520D4F88000E8F7DA
:106DF000E1FC00F03BF8C4F8800020B1012084F8E9
:106E0000900003B030BD01212046FFF786FFA5E7C3
:106E100038B50446406D18B1DAF78AF80023636587
:106E20000025E06DA4F85A5010B1DAF781F8E56555
:106E3000A4F8625038BD13B588220021044605F03D
:106E4000DBFF01210DF10700BAF794FD9DF8073033
:106E500084F8663002B010BD90F8693023F0020368
:106E600080F86930002380F86A30704773B5DC2001
:106E7000E8F798FC0446A8B1002300F17B061A4607
:106E80001D46A0F87A30A0F8783069070DD10821A6
:106E90006846BAF76FFDDDE90032013506F8013FBB
:106EA000102DF2D1204602B070BD1B0A43EA0263E6
:106EB000120AF2E710B50446C0B1002390F8692029
:106EC000C0F8841063F34102A0F8943080F86A306F
:106ED00080F86920FFF79CFF94F86930DB0706D53E
:106EE0000123C4F898300423A4F8903010BD204644
:106EF000FFF72AFF0028F9D120463721BDE81040CE
:106F0000FFF701BF10B50446D0F8800020B1E8F7C4
:106F100051FC0023C4F880302046BDE81040FFF744
:106F200077BF08B5E2F704F818B10521FFF7EBFECB
:106F3000012008BD73B5002406460D4623462246AF
:106F4000AC4201D302B070BD610708D10821684688
:106F5000BAF710FDDDE9003233550134F0E71B0AC2
:106F600043EA0263120AF7E710B5A420E8F712FC1F
:106F7000044618B1A422002105F03EFF204610BDB2
:106F8000202928BF2021FFF7D5BF10B54FF49A70F4
:106F9000E8F708FC044690B14FF49A72002105F01E
:106FA0002BFF402104F15000FFF7C4FF04F1BC00A7
:106FB00000F03DFB0023C4E92C3384F8B8302046B0
:106FC00010BD10B50446B0B3D0F8280180B1D4F894
:106FD0002C3123B1984204BF0023C4F82C3194F81B
:106FE0002431DA0721D5D9F7A3FF0023C4F82831CB
:106FF000D4F82C0140B194F824319B0718D5D9F767
:1070000097FF0023C4F82C31D4F8B40020B1E8F77E
:10701000D1FB0023C4F8B43004F1BC0000F00BFB3A
:107020002046BDE81040E8F7C5BBE8F7C3FBDCE746
:10703000E8F7C0FBE5E710BD10B50446D0F8A000A6
:1070400020B1FFF7BEFF0023C4F8A03010BDF8B593
:107050004F1C06460D46144600211B22384605F0FB
:10706000CBFE2E702CB12368C5F801306368C5F8DB
:107070000530F8BD00B10130704710B5C36D04464E
:107080000BB1243098472046BDE81040E8F792BB8A
:107090008822002105F0B0BE10B5D0E900320446C8
:1070A000134307D190F87B305A0703D4026F0AB913
:1070B000DB0705D594F87B3043F0080384F87B3078
:1070C0002022002104F1080005F096FE0023002292
:1070D000C4E900230023236794F87B3023F00503E1
:1070E00084F87B3010BD90F87B30024613F001002D
:1070F00018BF02F10800704790F87B30024613F089
:10710000010018BF106F7047D0E90001704710B53B
:10711000436F04461BB990F87B309B0705D594F864
:107120007B3043F0080384F87B303022002104F1E7
:10713000280005F061FE002294F87B30626762F35C
:10714000410384F87B3010BD90F87B200346C2F3E6
:107150004000920748BF03F12800704790F87B2059
:107160000346C2F34000920748BF586F704790F83B
:107170007B200346C2F30010D20648BF03F158003B
:10718000704790F87B30DA0644BF43F0080380F87C
:107190007B30002390F87B20836563F30412C36582
:1071A00080F87B20704790F87B00C0F3C0007047E8
:1071B00090F87B3023F0080380F87B307047032978
:1071C00007D800EB4110037F13F0100F08BF002019
:1071D00070470020704790F8800000F00100704771
:1071E00090F8803043F0010380F88030704790F8C9
:1071F000803023F0010380F88030704700F014B82D
:1072000090F83C3090F85C20C3F30013C2F30012F6
:107210001344027FC2F30012134490F87C20C2F39F
:1072200000129818C0B2704730B5A3B004460D469E
:1072300008A805F020F9002108A8ECF741FE38B1B4
:107240004FF0FF3408A805F01AF9204623B030BDEE
:107250001022214608A805F017F90028F0D1694648
:1072600008A805F051F904460028E9D106AB03CB84
:1072700028606960E6E770B4013B0C460A44257853
:1072800013F8016F754004F8015B9442F7D10A4688
:1072900070BCF0F7BEBB2DE9F041436A88B00446EC
:1072A000002B3DD0867FC6F34203032B38D9360925
:1072B0000146858A731EC6F10F0807695FFA88F8D0
:1072C0008DF800300DF101034246184605F06DFDC2
:1072D00032460021404405F08FFD0DB39DF80F307C
:1072E0000133DBB28DF80F3023B99DF80E30013336
:1072F0008DF80E3004AA6946A06AF0F78AFB04AA4A
:1073000007F1100117F8010B013D12F8013B8F4204
:10731000ADB283EA000307F8013CDED0002DF1D1C5
:1073200008B0BDE8F0812DE9F04F837F89B00446B5
:107330000769C3F34202B0F81490D0F81880032A0A
:10734000868B00F28780B9F1000F00F0838008EB94
:107350000602974204D04FF0FF3009B0BDE8F08F2D
:107360004E440025B6B21B09E07FC3F10F0A5FFA55
:107370008AFA18B10238800000F0FC00013B0DF1E0
:10738000010B52462146184340F040008DF80000A2
:10739000584605F00AFDA27F0BEB0A03694602F08E
:1073A000F002A06A302A02BF002201330BF80A2043
:1073B0004FEA192283F801901A706A46F0F729FB08
:1073C000D6B10E2EB14673BA414628BF4FF00E0912
:1073D0000DF11200ADF810304A4605F0E6FC09F157
:1073E000020204ABD2B2A6EB09066946A06AC84401
:1073F000B6B2FFF740FF7EBB002D36D1A67F2146F7
:107400003609731EC6F10F078DF81030FFB20DF16B
:1074100011033A46184605F0C8FC3246294638445E
:1074200005F0EAFC04AAA06A1146F0F7F2FAA37F7D
:10743000DB0728D5E07F6B4604AA854228D213F8E3
:10744000011B12F8017B266A7940765D8E4282D15B
:107450000135F2E74D4686E7102EB146434628BF78
:107460004FF010095FFA89F2BDE7102D2E463B461A
:10747000694628BF1026A06AF2B23744AE1BFFF758
:10748000FAFEB5B2B8E76B4604AAE17FA94201D87B
:10749000002062E713F8011B12F8016B206A7140AB
:1074A00041550135F1E72DE9F0419DF818800D4671
:1074B000174600212C221E46044605F09DFCA8F12B
:1074C0000203012B02D90020BDE8F081072DFAD874
:1074D0003846BEF7C9FA0028F5D06B0006F0010661
:1074E000A06203F00E036762334343EA0813A377F5
:1074F000012303FA05F111F0220F0BD111F0440F13
:107500000AD101F08801003918BF012109010120C9
:10751000E177D9E70421FAE70821F8E718B1806A92
:1075200008B1F0F77DBA704738B50446002838D066
:10753000C27F92B1838B4FF6FE61013B9BB28B42BF
:1075400006D94FF0FF352046FFF7E8FF284638BD43
:107550008369002BF5D0036A1BB3A38A0BB12169A1
:10756000F9B1A17FC9070DD432B9A38A13B120465E
:10757000FFF791FE0025E6E72046FFF7D4FE00283E
:10758000F3D0DEE713B12046FFF785FEE37F002B43
:10759000F0D02046FFF7C7FE051E18BF01256D423B
:1075A000D1E76FF00105CEE77047002070472DE965
:1075B000F843036805460E46144603F03F079B1840
:1075C000036022BF43680133436097B1C7F14009AC
:1075D00091450ED800F12808403C4A464E4408EB3D
:1075E00007003C44002705F0E0FB41462846E1F750
:1075F00055FEA04604EB060904E0A8F14008284621
:10760000E1F74CFEB8F13F0FA9EB0801F5D8A1094D
:107610006FF03F035943621807D005F12800711A33
:107620003844BDE8F84305F0C0BBBDE8F8836822E4
:10763000002105F0E1BB00F16803002102460130A2
:1076400098421170FAD170470AB1FFF7B0BF704786
:10765000F0B50E46174693B00446D0E900310DF15F
:1076600009005A0F42EAC102002112BA0092DA0060
:1076700003F03F0312BA372B01924FF03F0294BF41
:10768000C3F13805C3F1780505F0B6FB8023204629
:107690002A4602A98DF80830FFF7D6FF082269466E
:1076A0002046FFF784FF04343146A7F580729FB16E
:1076B00054F8043F203F04311B0E974201F8043C6C
:1076C000638801F8033C23684FEA132301F8023C66
:1076D000236801F8013CEAD113B0F0BD4FF4807289
:1076E000FFF7B6BF4FF48073E1F7B2BE73B505463E
:1076F00008468D4213D001314FF0FF36491BB6FBCF
:10770000F1F606FB01F404210DEB0100BAF732F9A2
:10771000019B9C42F7D9B3FBF6F31D44A8B202B01B
:1077200070BD002310B5044603704088022808D9B4
:10773000411E400889B2FFF7D9FF0023A080E380F3
:1077400010BD0120F9E70B46002210B50446427037
:1077500049881888FFF7CAFF60802046BDE81040BE
:10776000FFF7DFBF0378FF2B1CBF013303707047A7
:1077700042880B889A4203D142784B799A4205D3CA
:10778000002343700B884380FFF7CBBF70474078DE
:107790004B7998422CBF00200120704738B54B79B7
:1077A0004578AB422FD9C3884FF6FF741A4492B282
:1077B000934288BF22468488A34222D2944220D892
:1077C0000B790478013BDBB29C428CBF002401247E
:1077D0004388C280934212D81A0456BF5B004FF60A
:1077E000FF739BB243804A88934228BF1346FE2D05
:1077F00018BF0135438018BF4570FFF792FF204640
:1078000038BD0024E4E70024F9E7FF234370704704
:10781000C1F54043F7B501334FF0FF3607460C463C
:10782000B6FBF3F606FB03F504210DEB0100BAF7F6
:10783000A1F8019B9D42F7D9B3FBF6F31C44A4B217
:1078400007FB04F0C00B03B0F0BD2DE9F041144676
:1078500005460E46DDF79EF803465CB340B3D0F80C
:10786000C4712FB1224631463B46BDE8F04118476E
:10787000007B01281CD0D3F878313246A11CD3F804
:10788000AC0000F05BFBB8B101782846E2F784F861
:10789000034688B15B79008813F01F0306D000EB24
:1078A00043204FF6FF739842A8BF1846C0F30B1051
:1078B000BDE8F0812046FBE74FF6FF70F8E708B51A
:1078C000E2F76AF878B14279038812F01F0206D015
:1078D00003EB42204FF6FF738342A8BF0346180410
:1078E00001F0A4FA800980B208BD2DE9F047099F94
:1078F0000D4600264FF6FF7E4FF00108013DADB268
:10790000754501D1BDE8F08730F91240B4F1FF3F71
:1079100016D07FB1002CA14604F01F0AB8BF04F1B5
:107920001F0908FA0AFAC9F3471957F829901AEA01
:10793000090F05D1DDF820C00CF806400136F6B27B
:107940001A44D2B2B2FBF1F401FB1422D2B2D5E751
:107950000128034613D9421E92B2B3FBF2F102FB97
:10796000113189B231B1013A184692B2012A08D0D8
:107970000346F2E7581C80B218B11A46F8E7002017
:107980007047704730B585B00D4614460190081D0C
:1079900002F037FF0290284602F033FF039001A85F
:1079A000E2F76EF8B0FBF4F303FB140005B030BD52
:1079B0001FB5144609040023019001A80291039306
:1079C000E2F75EF8B0FBF4F303FB140004B010BD63
:1079D0002DE9F74399468046BDF828000E46174624
:1079E000FFF7B6FF99F80740431E99F806200146B5
:1079F00094FBF3F503FB154599F805305340013529
:107A00005C40B4FBF0F300FB13440B9B4046E2B236
:107A1000CDE90063EBB2FFF768FFF05D03B0BDE8AE
:107A2000F0832DE9F74399468046BDF828000E46BD
:107A300017465FFA89F4FFF78BFF431E014694FB5C
:107A4000F3F503FB154584EA1924B4FBF0F3013583
:107A500000FB13440B9B4046E2B2CDE90063EBB25E
:107A6000FFF743FFF05D03B0BDE8F083002302465B
:107A700030B5184601255C1103F01F01013305FAEA
:107A800001F152F82440214218BF0130B3F5807F44
:107A9000F1D130BD0B46114630B45AB190F83440A4
:107AA000456AA342826938BF2346B3FBF4F02B46F4
:107AB00030BC184730BC70470346084611B19A6A7B
:107AC00099691047704770B50C4615461E46E2F797
:107AD00031F840B13CB135B133462A462146BDE8C4
:107AE0007040E2F73DBB4FF0FF3070BD10B50C4663
:107AF000E2F720F828B1036A1BB10020C3F89440D4
:107B000010BD4FF0FF30FBE708B5E2F713F810B1F6
:107B1000006A00B1343008BD10B50C46E2F70AF82F
:107B200030B1036A23B12146BDE81040E2F72CBC16
:107B30004FF0FF3010BD10B50C46E1F7FBFF30B140
:107B4000036A23B12146BDE8104000F046B94FF06A
:107B5000FF3010BD436ED3B1062918D8DFE801F01D
:107B60000406080A0C1014001A8070479A707047B7
:107B70009A807047DA80704799681144996070471D
:107B8000D9681144D9607047196911441961704767
:107B9000FF2814BFC0F3400000207047F0B5044632
:107BA000002001270346824201DC0020F0BD46117F
:107BB00000F01F0554F8266007FA05F5354202D09B
:107BC0008B42F3D001330130EDE7F0B585B00446C8
:107BD000C36B857802A980699847206A90F8343091
:107BE000032B20D8DFE803F02702293C0026428837
:107BF0000196B4F90830009302ABD0E90601FFF713
:107C0000E7FE276AE288014607F16400FFF7C6FF36
:107C1000A0707B88C5B201339BB27B8022899A42D7
:107C200001D1236A5E80236A93F82E301BB9A36CBE
:107C30002946A069984705B0F0BDB4F9082002A90B
:107C40004088FFF79FFE266A0146E28806F164003D
:107C5000FFF7A4FFA0707388C5B201337380E2E719
:107C6000D0F88860002EDED02289C38E81880092F1
:107C700002AAA069B047A070C5B2D4E770B5036A84
:107C800004460D469A690AB9DB690BB1002070BD44
:107C90000846FFF75DFE266A4000E7F77BFDB0610E
:107CA000266AB3694BB16800E7F774FDF061236A97
:107CB000D3E9060323B9E7F77DFD4FF0FF30E6E790
:107CC00029B2E1F7FFFEE1E773B5054608468D42AC
:107CD00013D001314FF0FF36491BB6FBF1F606FB1E
:107CE00001F404210DEB0100B9F744FE019B9C4215
:107CF000F7D9B3FBF6F31D44A8B202B070BD70B55E
:107D000003780446FF2B30D0026A92F82E5055BB00
:107D1000D16B92F840309268CB1AB3FBF2F35B0858
:107D200023D04FF47A767143E1F712FF236AB0FB58
:107D3000F6F2996893F84000DB6B1B1A207800F08C
:107D4000010001FB10339A420DD84C00981AB0FB89
:107D5000F4F004FB1033591A8A428CBF0125002528
:107D60009A4288BF0025284670BD0125FBE72DE912
:107D7000F041036A0C464FF47A710746DD6B93F8C5
:107D800040806943E1F7E4FE10F5FA704FF000031C
:107D90004FF47A722CBF01210021B8F771FA3B6AC7
:107DA000064693F82E3013B1A5EB080846447B6CC9
:107DB000B8699847A0424FF000030AD2221A12F580
:107DC000FA704FF47A7243F100010023B8F758FAC1
:107DD0000346A81B1844BDE8F0810A4608B50170A7
:107DE0000121FFF7B7FE002008BD38B504460A465A
:107DF0000D461821E7F760FCA37D013BA3752B7DA1
:107E00009A0605D523F020032B75637D013B63752E
:107E1000E36913B1A169284698471F220021681C15
:107E200004F0EAFF2A4604F108001821BDE83840B2
:107E300002F020BE38B5044638B1016829B18D6919
:107E40002046FFF7D2FF2946F8E738BDF8B50E46C1
:107E5000054640B3046834B3E368A769B34204D865
:107E600021462846FFF7C1FF1BE0581C02D12269BA
:107E7000013216D09B1BE3602B6A93B16A7D032A03
:107E80000FD8227D91060CD4D2070AD5A9692046C5
:107E9000984730B16B7D01336B75237D43F0200330
:107EA00023753C46D7E7F8BD70B50E46044610B1C1
:107EB000856815B92C46204670BD2A461821083021
:107EC000E7F7FAFB2A461821204602F0D3FDA37DEE
:107ED0000133A3753368C5F801307368C5F8053000
:107EE0004FF6FF736B81F023C5E9033303232B7532
:107EF000E0E7036803B97047994201D09B69F9E74D
:107F0000FFF773BF0B7DC1E903229A0605D523F065
:107F100020030B75437D013B437570470B7D43F098
:107F200008030B7570470B7DDB0602D40AB10B69A1
:107F3000CB600B7D62F304130B7570472DE9F041A4
:107F40000F4616460025044678B1022A10D10D8846
:107F50006DBAADB224684FF6FF7834B1022E0BD162
:107F6000638943450FD0AB420DD12046BDE8F08177
:107F7000032AEFD02C46F8E708223946601C04F0AB
:107F80004AFF0028F1D0A469E7E7006800B970470C
:107F900003788B42FBD08069F8E7F8B517460322D7
:107FA00005460E461C46FFF7C9FF00B91FB90CB1C4
:107FB00000232370F8BD0CB10123237031462846FD
:107FC000BDE8F840FFF770BF006800B97047037D57
:107FD00003F0C003C02BF9D08069F6E7E2F7D6BA08
:107FE000C069704730B585B005461446002110229F
:107FF000684604F001FF15B9002005B030BD002C23
:10800000FAD06A46002195F91C00E6F743FE0028E5
:10801000F2D16B4625461A46083503CA45F8041CBA
:1080200004A945F8080C13468A42F4D10223012022
:1080300023746074E1E7F0B587B000240C9B0DF168
:1080400005058DF8044003F1180603F1080454F8FF
:10805000047BB44245F8047BF9D15B8840B25BBA3B
:10806000ADF8163093B20A4601A902F06AFB07B0D8
:10807000F0BD08B50146E2F78FFA20B10846BDE829
:10808000084000F0EFB908BD092917D9002B48F2C4
:1080900001034FEA022200F10A0008BF012320F881
:1080A0000A2C5BBA20F8083C009B1BBA40F8063C3F
:1080B000BDF804305BBA20F8023C704700207047DE
:1080C00070B5044610460E46154600F0E9F9013039
:1080D000B04218D80021013D0A460023824204EB39
:1080E000010605D30BB1013BDBB22044337070BDF8
:1080F00015F8016F013201332E2EA654EED1013B4B
:1081000063541146E9E70020F1E7F0B589B006466F
:108110000C4615460021122203A81F4604F06CFEEF
:1081200003AA0021B068FFF75DFF9DF83C302A46A6
:1081300021463046E2F73CFA10B9002009B0F0BD04
:1081400010232C441C22211ACDE900739DF83830ED
:10815000FFF79AFF03460028EFD0241A102CECD921
:1081600003AA054607AE1446083503CCB44245F8C9
:10817000080C45F8041C2246F5D103F11000DDE798
:108180002DE9F04385B006460D4690469DF838909F
:108190001F46CDF80090E2F787FA0446E8B145445F
:1081A0002B1A102B2BD90DF108080622002140466E
:1081B00000F067F9BB88029804F11001ADF80C30AB
:1081C000BDF80C306A1AC4F80A003046E3814B4609
:1081D000E2F7EEF9054620B92C46204605B0BDE889
:1081E000F083031B21220A2120460A3B9BB2019304
:1081F0000C9B00939DF83430FFF746FFECE700241A
:10820000EBE7F7B59DF828600D4617461C4600962B
:10821000E2F74AFA064610B9002003B0F0BD3D442B
:108220002B1A0A2BF8D9A3686BB90024A3B2102229
:108230000A2130460193089B00939DF82430FFF7F4
:1082400023FF2044E9E7984701460028EDD0044683
:10825000237801331C442378002BF9D106F10A005E
:10826000641A2D1A631C9D42D6D3224604F09DFD4C
:10827000DCE72DE9F04F00F1D8038BB004468A46C5
:108280000992002100F2D7294FF400721846079393
:1082900000F0F7F8B4F8DA3094F8DB8204F54077B0
:1082A00043F0840304F1E401B8F10108BB46A4F8EB
:1082B000DA3004F54A7318BF4FF001080893002321
:1082C0001D46CDE90533DBF80020002A41D09BF89C
:1082D0001020930713D5DBF8082082B101225B46FA
:1082E0002046CDF800A0CDE90182A9EB0102FFF7FD
:1082F00088FF0146002800F097800135ADB29BF859
:10830000106016F001060FD001225B462046CDE931
:1083100000A2A9EB0102E2F715FA0146002800F0DD
:10832000838001350696ADB29BF81020560710D514
:108330000126A9EB01025B462046CDF800A0CDE95D
:108340000186FFF71DFF014600286DD035440596D4
:10835000ADB20BF1140B089B9B45B4D194F8FE32DF
:10836000D8060DD50123A9EB01022046CDE90083F3
:10837000099BFFF7CAFE0146002855D00135ADB272
:1083800000263B6843B33B7CDA0725D558070FD45A
:108390000123A9EB01022046CDF800A0CDE901831D
:1083A0003B46FFF7EDFE014600283DD00136B6B250
:1083B0003B7C9A0710D4BB6873B10123A9EB01027F
:1083C0002046CDF800A0CDE901833B46FFF719FF19
:1083D000014648B30136B6B21437089B9F42D0D14C
:1083E000069B0BB9059B83B194F8FE32DB060CD4D7
:1083F0000123A9EB01022046CDE90083099BFFF789
:1084000084FE014680B10136B6B26DB16DBA76BA5E
:10841000079B2046079ACB1AA4F8DE50B4F8FC124A
:10842000A4F8E260E2F7F8F8002384F8FE3284F85A
:10843000103384F82433A4F8FC3284F8DC3284F856
:10844000DB320BB0BDE8F08F10B41F2480F8FE4281
:1084500080F8104380F82443848AA0F8FC4210BCC2
:10846000FFF707BF60B10278033A012A08D8032258
:1084700002700122C0F8C420D0E90312FFF7E4BF64
:1084800070470244904200D1704700F8011BF9E7A1
:1084900001440023884200D1704700F8013BF9E70E
:1084A00008B1B7F769BF70470246084692F8203016
:1084B0003BB1B2F91C3031B113F1090F01DB013BC3
:1084C000938301207047002BF9DC704730B581B1F0
:1084D00091F820306BB191F8212052B1CC8B20441F
:1084E00080B2C8838242B1F91C5004D99D420ADB94
:1084F0008B83002030BD801A91F8224080B22C443A
:10850000C8838C83EEE70120F4E773B500240646A8
:108510000D4623462246AC4201D302B070BD61072E
:1085200008D108216846B9F725FADDE9003233554C
:108530000134F0E71B0A43EA0263120AF7E770B559
:108540000D461646E2F750FF0446D0B16B88C3874C
:108550002A7980F840206A7980F839202888A08715
:1085600046B100EB800003EB830340005B0080B268
:10857000E387A087E2F770FD80B2A08760870020C4
:1085800070BD4FF0FF30FBE710B50C46E3F70CF879
:1085900010B10460002010BD4FF0FF30FBE710B5B4
:1085A0000C46E3F701F810B14460002010BD4FF015
:1085B000FF30FBE7E2F79EBFE2F73ABF2DE9F34752
:1085C00081460C4616469A46E2F7EEFF074618B972
:1085D000002002B0BDE8F0874846E3F741F8804646
:1085E0000028F5D03F2C214638BF3F21002E3CD13A
:1085F000013188B2E2F72EFF04460028E8D00221BC
:108600000DF10600B9F7B6F9BDF8065095B3284646
:10861000E2F7EAFE70BB51462846258084F80290B6
:1086200000F0FDF94EB3E3890320A168CA18C854CD
:108630007B7D901C537084F838306063797DFFF740
:1086400064FF7B7DE28902331344E38198F828308C
:1086500094F8202003F00703208822F01F0243F043
:108660000803134384F82030B3E7787D03310844CE
:1086700080B2BFE70135ADB2C8E76687E66384F82C
:108680004060E3E700F0B0B908B5E2F7ADFE08B12D
:108690008068013008BD08B5E2F7A6FE18B1C089B0
:1086A00008B1013880B208BD00F0A6B970B50D461A
:1086B00014461E46E2F798FEC8B1072D1AD815B128
:1086C000631E012B16D8E40090F8203005F0070552
:1086D00000F1280104F0180423F01F032C431C436D
:1086E00080F82040304602F083F8002070BD4FF043
:1086F000FF30FBE76FF00100F8E700F0A4B900F0ED
:10870000ACB910B50C4669B100F0A7F968B12146C3
:1087100004F1100351F8042B994240F8042BF9D1CD
:10872000002010BD6FF00100FBE74FF0FF30F8E7CD
:1087300010B50C46E2F758FE48B190F84630A0F864
:10874000444043F0200380F84630002010BD4FF035
:10875000FF30FBE708B5E2F747FEBDE80840E2F767
:10876000B3BEF8B54368044605882BB190F846209F
:1087700012F0020F18BF002394F839200ABB94F8B6
:10878000462012F002021CD194F8411094F84000E7
:108790000131C9B284F8411038B181420AD323B102
:1087A0000122294694F9020098472846BDE8F8407E
:1087B000FFF7D0BF2BB1294694F902009847002853
:1087C000F3D094F90200E2F7EFFE064694F90200B6
:1087D000E2F746FF0746002EE7D00028E5D094F8E0
:1087E00046103046C1F38001FFF75EFEA0B9E2F704
:1087F00093FE0A28D9D894F846309A0708D443F053
:10880000020384F84630638F092B9CBF0A236387D9
:10881000002384F83930F8BD94F84630606B23F0BB
:10882000020384F8463018B194F83810FFF76DFE53
:10883000224639463046E1F7E3FF94F84030002BFA
:10884000B3D094F83930A58F23B10023658784F81D
:108850003930E0E72846E2F7FFFB2B18A18F4FF6EF
:10886000FF729BB2E08F994288BF1346638728B19D
:10887000984203D2E2F7F0FB83B26387A387CAE78B
:1088800010B51446E2F7BCFD10B103880120238027
:1088900010BD0122FFF753BE0022FFF750BE08B5FE
:1088A000E2F7A2FD38B190F8463043F0040380F8B7
:1088B0004630002008BD4FF0FF30FBE7F8B50D460D
:1088C00016461F46E2F7CCFE044658B1072D0CD8D9
:1088D000E2F712FF069B002084F82850E76223632A
:1088E0006662F8BD4FF0FF30FBE76FF00100F8E77C
:1088F00010B50C46E2F7B4FE08B14462012010BD89
:1089000038B50546E2F750FE044640B1002128463E
:10891000FFF7EEFFA068FBF7A0FE002038BD4FF088
:10892000FF30FBE708B5E2F79BFE00B1406A08BDE7
:1089300008B5E2F795FE18B1BDE8084000F017B998
:1089400008BD08B5E2F78CFE18B1BDE8084000F09C
:1089500007B908BD08B5E2F783FE08B190F8280012
:1089600008BD38B50D460446E2F77AFE01462A46B0
:10897000E0B2BDE8384000F043B9F8B50C46174600
:108980001D460646E2F76CFE21462B463A4600F0AD
:108990005EF9044618B115B13046FFF7B1FF204625
:1089A000F8BD70B503230D46164620210022FFF7BF
:1089B00005FE044688B126B100231A461946FFF782
:1089C00075FE29462046FFF79CFE2046FFF767FF0D
:1089D0002046E2F753FC002070BD4FF0FF30FBE76C
:1089E00000F041B800F050B808B5E2F7FDFC10B156
:1089F000C3898068184408BD08B5E2F7F5FC40B1AA
:108A00008368C91A838989B28B4205D3C18100204A
:108A100008BD4FF0FF30FBE76FF00100F8E708B545
:108A2000E2F7E2FC18B183680020197008BD4FF02E
:108A3000FF30FBE708B5E2F7D7FC18B190F8460025
:108A400000F0010008BD08B5E2F7CEFC10B14160AE
:108A5000002008BD4FF0FF30FBE708B5E2F7C4FC8B
:108A600000B1103008BD08B5E2F7BEFC48B190F87F
:108A7000463080F8421043F0100380F84630002062
:108A800008BD4FF0FF30FBE708B5E2F7ADFC20B1C1
:108A90000123C0E91231002008BD4FF0FF30FBE791
:108AA00008B5E2F773FD38B1036833B102798A4241
:108AB00003D90C2000FB013008BD0020FCE710B5F5
:108AC0001446FFF7EDFF00B1046010BD08B5FFF7D5
:108AD000E7FF18B1037A43F00103037208BD08B53C
:108AE000FFF7DEFF00B1006808BD427C0346500777
:108AF00005D502F001028A4201D11846704793F869
:108B0000232012F0040007D002F001028A4202D1B1
:108B100003F11200704700207047437C02465B0758
:108B200003D5037C8B4200D1704792F8233013F0B9
:108B3000040007D092F822308B4202D102F11200D9
:108B40007047002070470346406A09B101305862FF
:108B5000704708B50121FFF7C8FF00B1007C08BDD0
:108B600008B50021FFF7C1FF00B1007C08BD00215E
:108B7000FFF7BBBF2DE9F041037806460C461746C8
:108B800003F01803102B0CD1CC6A002C34D0083021
:108B900001F037FE317C024623463846BDE8F041FD
:108BA0001847082B28D1017C2046FFF7B6FF054661
:108BB000D0B1437C9B0714D501212046FFF795FFD8
:108BC00080B1437C23F0010343746B7C23F00303E7
:108BD0000B436B7400236362236B13B1327C384602
:108BE00098472846BDE8F081236B3BB10A463846DA
:108BF0000221BDE8F04118470020F3E71846F1E7ED
:108C0000F8B50D46074611462846FFF786FF04468D
:108C1000C8B1437CC3F340069B0712D52846012107
:108C2000FFF763FF054680B178B2FFF769FE6B7C02
:108C300023F001036B74637C23F0030343F001030F
:108C400063743046F8BD0646FBE70646F9E72DE9B2
:108C5000F8430E46914698460546002848D01946E6
:108C6000FFF743FF044658B96B7C590733D403F030
:108C7000010343452FD12C46637C43F00403637406
:108C800010223146204604F0C6F8314607462346F6
:108C900006F1100284F8109051F8040B914243F849
:108CA000040BF9D1637C88F0010268F3000362F3DE
:108CB00041036374B8F1000F08D000212846FFF784
:108CC00014FF18B1437C61F382034374381E18BF4C
:108CD0000120BDE8F88395F823305A07C3F38000DC
:108CE00006D403F001034345F3D105F11204C3E7B1
:108CF0000020EEE70023C0E9003070470023C0E900
:108D000000307047F8B506460D461746046864B94A
:108D10000C20E6F73FFD044630B102460421304600
:108D200001F0A8FE25806780F8BD2388AB42F9D00A
:108D30006468ECE7F8B506460D46174604688CB93A
:108D40001420E6F727FD044658B102460C213046B0
:108D500001F090FE2B6823606B6863602B8967814C
:108D60002381F8BD0A222946204604F054F8002841
:108D7000F0D0E468E3E7F8B505460E46046884B130
:108D800063886768B34208D8284622460421E6F77C
:108D900093FC2046E6F70EFD01E09B1B63803C46FA
:108DA000EDE7F8BDF8B505460E46046884B1638961
:108DB000E768B34208D8284622460C21E6F77CFC37
:108DC0002046E6F7F7FC01E09B1B63813C46EDE79C
:108DD000F8BD70B50546046854B12246E6680C211A
:108DE0002846E6F769FC2046E6F7E4FC3446F3E75C
:108DF00070BD0246084610B5B2B11388B3F5807F46
:108E000001D0916811B90302936010BDC3F580745D
:108E10004C4300FB03F1013101EB142121F001016E
:108E2000C1F30F209160F0E71046EEE702464FF0E5
:108E30008043934202D8002013B970479B08F8E79B
:108E4000C11891429CBF00EB4300521A9B08400896
:108E5000F2E770B500242346A14201DC98B270BD50
:108E6000055D83EA0523082503F400465B0006B18F
:108E70005340013DF8D10134EEE748F2050289B2D2
:108E8000FFF7E7BF41F2210289B2FFF7E2BF884254
:108E9000024610B519D0437813F0010411D14B7874
:108EA00013F001000FD192F9064091F906309C426F
:108EB00004D1103102F11000FAF734FD00F0010086
:108EC00010BD0020FAE72046F8E70120F8E710B5CA
:108ED000847890F90600FAF78BF810B1038A1C44E5
:108EE000A4B2204610BD2DE9F041044608460D46C7
:108EF0001646D8F763F8237C074604F1300823F0C0
:108F000002032374237DAB4205D10246314640461D
:108F100003F081FF30B13A4631464046257503F0F3
:108F200044FF0120BDE8F08138B502780D460B788A
:108F30009A4218D319D84978427811F0010F02D01B
:108F400012F001040DD0D20701D5CB070DD5FFF7E4
:108F5000BEFF04462846FFF7BAFF84422CBF002418
:108F60000124204638BD0024FBE70124F9E738B589
:108F70000D46C46A0CB9204638BD29462046FAF78A
:108F8000D1FC0028F7D1246AF4E770B50D460446F9
:108F9000C16A29B10E6A2046E3F7D0F83146F8E7F6
:108FA000142304F11200E170172223714FF47A7335
:108FB000A570A3602378218223F03F0343F00C03C4
:108FC0002370BDE8704003F017BF38B50446C16A8E
:108FD00039B1CB7C0D6A13B92046E3F7AFF82946C7
:108FE000F6E738BD10B50446FFF7C1FF014620463D
:108FF000BDE81040E3F75EB938B50446007D15467C
:1090000088420BD1D7F7DAFF2946024604F1300037
:1090100003F001FFB0FA80F0400938BD0020FCE702
:109020002DE9F04105460E461746C46A7CB1E37C43
:10903000D4F820804BB93A4631462046FFF7DCFF92
:1090400018B121462846E3F779F84446EEE7BDE833
:10905000F08170B504460D46C06A70B1C37C066AE3
:1090600043B100F13003E07808222946184403F0A8
:10907000D2FE08B13046F0E7012070BD38B5531E6E
:109080000C461546052B0AD8DFE803F00315090B3B
:109090000E1700234B748368A361A57438BD0023A9
:1090A000FAE741F28833F7E7002161748068E2F75C
:1090B00093FFA061F1E7C368EEE7E2F7E7FFECE7B3
:1090C00010B50C4611461A462046FFF70CFFA37C4C
:1090D00013B1012B05D018B10023A3610323A3749E
:1090E00010BD00232046A3610323A374BDE81040F4
:1090F000F9F784BFF8B5054616461F46E3F73EF874
:10910000044628B101463B4632462846FFF7D8FFC1
:109110002046F8BD2DE9F0411E468B7C07460C46E3
:10912000012B1546DDF8188018D8D3090A7C63F3A3
:1091300000020A74002E43D0424631462046FFF713
:10914000D2FE15F0400520461ABFFD680223032316
:10915000A561A374BDE8F041F9F750BF96B342464C
:1091600031462046FFF748FF60BB15F0200321D0B1
:1091700030462675D7F722FF4146024604F13000FB
:1091800003F013FE012315F040021DD0FB68A3611C
:109190000223A374227C6BB2D20705D5002B03DB1C
:1091A00021463846E2F79EFF237CED0965F3000374
:1091B000237405E0A27C022A02D1A3610323A374D5
:1091C000BDE8F0810023DEE7002BE3D00323A2619A
:1091D000DFE710B5E2F7B8FE68B1046B5CB190F957
:1091E0002100F9F705FF30B1A37C012B81BFC368D3
:1091F000A3610223A37410BD10B5E2F7A5FE68B108
:10920000046B5CB190F92100F9F7F2FE30B1A37C58
:10921000022B01BF0023A3610323A37410BD6423A9
:109220002DE9F041054603FB01F6C46A4FF0000842
:10923000002C61D0A369276A3BB3B34202D99B1BC0
:10924000A36122E0A37CC4F81880013B052B1CD845
:10925000DFE803F003191B1D2935637C0133DBB202
:10926000022B637408D921462846E2F70FFF2146F6
:109270002846E2F763FF08E0002221462846F9F776
:1092800097FEAB68DCE70323A3743C46D0E7214696
:1092900028460522FFF7F2FE002301222146284638
:1092A000F9F786FEF1E7637C012B08D9237C214680
:1092B00028469B07D9D4E2F7E9FE0623A374637C12
:1092C000FF2B04D00133DBB2042B637402D9E27CA0
:1092D000002ACCD0214601222846F9F769FE617C9C
:1092E000032904D9E37C002BCBD00023A8E7A8688E
:1092F000E2F772FEA061C8E7BDE8F081431C032BD2
:1093000028BF0020C0F10200800100F0C0007047BB
:10931000F0B4089C9DF81050671C9DF81860022F4F
:1093200009D8C4F1020406960495A401E4B2089495
:10933000F0BCE3F7EBBA0020F0BC704710B586B084
:109340000A9C0494099C03940024CDE901449DF8EF
:1093500020400094FFF7DCFF06B010BD1FB5089C4D
:109360000294079C01949DF818400094E3F77CFA5E
:1093700020B1E2F7C3FD002004B010BD4FF0FF3074
:10938000FAE71FB50024CDE901449DF81840009488
:10939000FFF7E4FF04B010BD38B50D461446F9F7E9
:1093A00027FE08B12844847438BD704738B5054697
:1093B0000C46DBF7EFFA10B94FF0FF3038BDD0F8AC
:1093C0002C31002BF8D05B78042BF5D100222946F4
:1093D0002046E3F75BF90028EED0407800F001006A
:1093E0000138EBE74B78012B0BD11346072003F82C
:1093F000010BD1F80200C2F801000620CA889A8049
:109400007047002070470346002003B970470130C1
:109410005B58FAE738B5D0F884300446456B1BB981
:10942000BDE83840D7F784BDD5F87C2192F82120DB
:10943000A2B11A7BFF2A15D143F2073202813322EF
:1094400082729B69C0F80B3007232377D5F820314F
:10945000C4F81D30B5F82431A4F8213091232046FA
:10946000A38705E001462846D6F70CF90028EBD182
:1094700038BD70B506460D468C6B04B970BD2946E3
:109480002046D7F7A5FD0E2803D121463046E3F745
:10949000FDFBE46AF1E710B50446DBF763FA40B17F
:1094A000D0F82C311B7823B92146BDE81040E3F7F2
:1094B000EDBB10BD10B5D0F82C310446E3B1DA781D
:1094C000511E012AD97006D11720E2F79BFCD4F86F
:1094D0002C311722DA70D4F82C31187860B994F84E
:1094E0009E30DB0708D5DBF749FA014620B120465C
:1094F000BDE81040FFF7BDBF10BD38B50C4615469E
:10950000DBF748FAE8B190F830301B0716D4037B3C
:10951000012B16D11CB1012C09D0002038BD2B68BD
:10952000D0F82C21C2F806306B68C2F80A30062346
:1095300080F82C30D0F82C311C70EEE76FF003006F
:10954000ECE74FF0FF30E9E708B5E4F741F910B177
:10955000C37C0BB1033008BD1846FCE7F8B50F46D5
:1095600014461E46E4F7A6FA054660B10A2004EB4D
:10957000840478436400E4F747FA85F83C6080B2DD
:109580006C872887E886F8BD10B50C46E4F792FA98
:1095900048B12146013004F1100351F8042B9942DF
:1095A00040F8042BF9D110BD07B504210DEB0100E3
:1095B000B8F7E0F9019820F07F4003B05DF804FBB4
:1095C000436C0246591C0CD0642B38BF6423D0690D
:1095D00078B943B158089B08D06103EB4303136289
:1095E00070470023F3E74FF0FF33C2E90733002051
:1095F00001E0431CFBD070471B2804D006280CBF99
:1096000008200620704708207047042912D9043921
:10961000031D88B200B9704703280DD95A88043851
:10962000043352BA80B292B2904222BF801A9B1881
:1096300080B2EFE7002070474FF0FF3070470B46D5
:109640000146104601F8013B01F0E9B800230E2263
:10965000043000F8043C00F8032C00F8023C00F849
:10966000013C704770B500244D00043000F8044CF4
:10967000062400F8015C00F8034CCC0902EB410120
:1096800000F8024C03468A4203F1020301D1284448
:1096900070BD32F8024B260A03F8014C03F8026C45
:1096A000F1E710B5538814460A0A4170023302707C
:1096B000C3F30722C37082702288130A42710371B8
:1096C000831D62886168184603F06FFB034660885B
:1096D000184410BD70B51D469DF81030044616465E
:1096E000002B4FF0000208464FF0030114BF2C235B
:1096F00010232270043B6170A270211DE37001F001
:1097000077F80146304601F073F801462846BDE877
:10971000704001F06DB870B504461D460023104638
:1097200005222370A3701823627001F11002E37008
:10973000231D51F8046B914243F8046BF9D104F1F5
:10974000140101F055F801462846BDE8704001F0CB
:109750004FB800230D224171063000F8063C00F896
:10976000043C022300F8052C00F8033C0B0A00F827
:10977000023C7047F8B504461D46002316460322F6
:1097800008462370211DA37012236270E370BDF898
:10979000187001F02DF80146304601F029F8014615
:1097A000284601F025F83946BDE8F840FFF7D1BF5B
:1097B00008B502880B889A420CD143884A889A429D
:1097C00008D14968406803F026FB003818BF012023
:1097D000404208BD4FF0FF30FBE707B508226B465B
:1097E000E4F712FF38B9BDF80200831E5842584111
:1097F00003B05DF804FB0020FAE707B50E226B46C4
:10980000E4F702FFB0FA80F0400903B05DF804FB12
:10981000431E032B14D8DFE803F00C1011021029AB
:109820000ED10846C0F180008142CCBF002001204B
:109830007047062904D90720F4E705208142F1D2B8
:109840000020704713B51C466B46E4F7DDFE90B967
:10985000BDF8021004290ED9019B023933F8020B1E
:1098600089B240BA63606180208080B2FFF7D0FF88
:10987000013802B010BD4FF0FF30FAE7F8B51D46D1
:1098800022F0020307460C46012B02D04FF0FF30B6
:10989000F8BD0729FAD90346012A33F8021B49BA51
:1098A0008EB229800BD0023C0020A4B26860304602
:1098B000FFF7A2FEA042E9D80020AB60E8E7063C33
:1098C000184600F09EFFBB1DA4B2EFE70023F7B5DA
:1098D0001446ADF8023001930D226B4605460E4644
:1098E000E4F792FE68B9BDF80230012B09D9019B5B
:1098F0001B88B3F5007F04D14FF0FF37384603B023
:10990000F0BD314628466B460322E4F77DFEBDF8E4
:109910000250019E07460028EED10B2DECD90C3DDC
:10992000304600F06EFF2060ADB2301D00F069FFE0
:10993000606006F1080000F064FF042DA06028D9E3
:109940000C366B460D2229463046E4F75DFE38B9E9
:10995000BDF80230012B03D9019B1B88002BCBD112
:109960006B46294605223046E4F74EFEBDF802302C
:10997000019D0028C0D1172BBED905F11000E5606C
:1099800000F03FFF606105F1140000F03AFF206134
:10999000B4E7002DB0D1E760C4E90477AEE7F8B5CD
:1099A0001C46BDF818500F461646034601222946AC
:1099B0002046FFF747FF10B14FF0FF30F8BD3B46A0
:1099C000022229462046FFF73DFF0028F4D1324607
:1099D00029462046FFF77AFF003818BF0120404291
:1099E000ECE7F8B504460D4617461E46FFF7F5FEB0
:1099F00010B94FF0FF30F8BD3B4601222946204602
:109A0000FFF720FF0028F4D13346022229462046E2
:109A1000FFF718FF0028ECD1069A29462046FFF7E9
:109A200055FF003818BF01204042E4E7F8B504466E
:109A30000D4617461E46FFF7D0FE10B94FF0FF3017
:109A4000F8BD3B46012229462046FFF7FBFE0028D1
:109A5000F4D1324629462046FFF738FF003818BFB8
:109A600001204042ECE71E31002B084414BF2C2398
:109A7000102300EB420013FA80F080B270471031DF
:109A8000084400EB830010B580B29DF8084012B185
:109A90000432104480B214B12C3080B210BD1630A4
:109AA000FBE72DE9F743171E0C4616464A6809786E
:109AB000984618BF01274FF00209FFF7C0FD0023A9
:109AC000082280F80390037001214270A21883706D
:109AD000063000F8023C00F8013CFFF7E2FD0546C5
:109AE000B8F1000F04D042464946FFF7DAFD0546BB
:109AF00000230E22281D2B70AB70EB706A70E26998
:109B000094F82010FFF7AEFD00972169D4E90523F2
:109B1000FFF7E0FD3EB13168D6E9013203B0BDE8A0
:109B2000F043FFF7F8BD03B0BDE8F083002900EB78
:109B3000420014BF2C2310231830184480B2704701
:109B400030B54270039A0170811C02F1100452F882
:109B5000045BA24241F8045BF9D100F1120203F167
:109B6000100153F8044B8B4242F8044BF9D12230D8
:109B700030BD002312220171053000F8053C00F8C9
:109B8000033C012300F8042C00F8023C70470B0A48
:109B90004170C270043000F8043C130A00F8023C23
:109BA0007047252970B5154622D90378223900F16E
:109BB000220413708EB2437831465370831C536075
:109BC00000F112032046936002F10C031222E4F725
:109BD0001BFD10B10023EB812B6105F11403092259
:109BE00031462046E4F710FDB0FA80F0400970BD20
:109BF0000020FCE72DE9F0411D46037B0446884622
:109C0000AB42174609D22846E5F7C4FD064678B1AF
:109C1000A06A2573E5F7CEFDA662A06A2A464146F2
:109C2000606203F0C2F8002065842784BDE8F081FB
:109C30004FF0FF30FAE710B5536800F108040360F5
:109C4000936843605378DB0708D5CB8B51698160FB
:109C5000128BA2801A0A8273C3730CE08B8B1B2BAE
:109C600001D0062B08D10B6883604B686360037AD0
:109C700083F00203037210BD012BFCD10B7883F03B
:109C8000020303724B7843728B788372FF23C37293
:109C9000FE230373CB7843730B7983734B79DBE734
:109CA000F0B5082285B0054604300E4603F0B3F83F
:109CB000D8B96C6BCCB12A4621466846276AFFF7B3
:109CC000BAFF10226946304603F0A5F808B13C46B9
:109CD000F0E705F1340022462021E5F7EDFC2046AF
:109CE00005B0BDE8F040E5F765BD05B0F0BD2DE974
:109CF000F04F1B2A8BB00446894616461F469DF836
:109D000058B00FD0062A0CBF4FF0080A4FF0060AD1
:109D1000D4F83480454645B9BBF1000F32D04546F2
:109D2000002137E04FF0080AF2E7A98BB1422DD1AC
:109D300052464946284603F06EF838BB149B294624
:109D4000AF60EB60159B2B61E369581C04F14C007C
:109D500014BF5A081A46C5E905232246FFF76BFFD0
:109D60002B68E3656B682366EB68E3662B69236702
:109D7000AB68A366AB69A3676B696367AB8B05468A
:109D8000A4F8643028460BB0BDE8F08F2D6AC2E716
:109D900001312D6A002DFBD123698B42F2D9524645
:109DA0004946684603F001F8149BADF81C60039324
:109DB000159B02970493E369ADF81E50591C617816
:109DC00014BF5A081A46CDE90523CA0711D5638B7B
:109DD0000125A07E424632B1D68B9E4227D1013367
:109DE0009BB20BB363838342F4D15A1CADF81E308F
:109DF00062838B0721D42820E5F7CCFC0746E0B12D
:109E00006E4605460FCE0FC50FCE0FC596E8030070
:109E100085E80300FB8B53B3616B41B3C88B0A6ABF
:109E2000984206D81146F8E701236583DBE7126AFA
:109E3000D1E73A46202000F015FE04F14C056946B2
:109E400022462846FFF7F7FE6B4603CB039BE065EF
:109E5000E366049B21662367029BA366069BA367B8
:109E6000059B6367BDF81C30A4F864308AE73A4666
:109E7000202104F1340000F0FDFDDEE738B50D4689
:109E8000C46B0CB9204638BD10222946204602F08A
:109E9000C2FF0028F6D0A469F3E770B506460D4668
:109EA000FFF7ECFF0446B8B92020E5F773FC044641
:109EB00090B10246182106F13C0000F0DBFD294676
:109EC000234605F1100251F8040B914243F8040BAC
:109ED000F9D1002323612375204670BD406C00B981
:109EE000704703688B42FBD00069F8E770B50646FF
:109EF0000D46FFF7F3FF044678B91820E5F74AFC52
:109F0000044650B10246102106F1440000F0B2FDB3
:109F100000232560A381C4E90133204670BDC36BD3
:109F2000002003B970471A7D18309B6912FA80F03F
:109F300080B2F6E773B50646456C002415B9204695
:109F400002B070BDAB89ADF806306B682BB10DF176
:109F50000602002196F900009847BDF8063013B1BB
:109F600008331C44A4B22D69E8E7F8B50025C46B9A
:109F700017260846102704B9F8BD2346021D04F130
:109F80001001057046708570C77053F804CB8B4282
:109F900042F804CBF9D1182305754375C318227D07
:109FA0008575C275227D32B11846216902F0FDFE29
:109FB000227D03461344A4691846DCE72DE9F341EA
:109FC0000646456C0C4600274FF011081DB9204687
:109FD00002B0BDE8F081AB89ADF806306B682BB1FB
:109FE0000DF10602002196F900009847BDF80630F1
:109FF000F3B10433211DADF80630277084F80180D9
:10A00000BDF806301A0AE370A270286800F0F0FB71
:10A01000AA89044622B1A96802F0C7FEAB891C4494
:10A020006B682BB12146002296F900009847044640
:10A030002D69CBE708B5B6F79FF9153080B208BD9A
:10A0400070B5044610460D461646B6F795F901223E
:10A0500000F1110305F1100122702922E3706270F2
:10A06000C3F307222B46A270221D53F8045B8B42D8
:10A0700042F8045BF9D1451C143431462A46204687
:10A0800002F093FE601970BD1020704770B5044651
:10A090001D46012316460846211D23702A2363709E
:10A0A0000023A3700C23E37000F0A2FB01463046AE
:10A0B00000F09EFB01462846BDE8704000F098BBCA
:10A0C00012207047F8B5164601221F46BDF8203011
:10A0D00002702B22BDF91C50394642700022437198
:10A0E00082700E22BDF91840C2701A0A0271821DD8
:10A0F000304600F067FBC5F307234570043000F8D5
:10A10000043CC4F3072300F8014C00F8023CF8BDFE
:10A1100038B50C461546DAF73DFC30B12A462146E3
:10A12000D7F734FC013840B238BD4FF0FF30FBE7C1
:10A1300010B50C46DAF72EFC18B180F85440002018
:10A1400010BD4FF0FF30FBE710B50C46DAF722FCEC
:10A1500020B12146D7F746FA002010BD4FF0FF305E
:10A16000FBE77FB50C4616461D46DAF713FC88B1AF
:10A1700000232A4621460193CDE902334FF0FF33F5
:10A1800000933346D9F788FBB0FA80F0400940428B
:10A1900004B070BD4FF0FF30FAE710B50C46DAF7A7
:10A1A000F9FB28B12146D9F767FC013840B210BD50
:10A1B0004FF0FF30FBE738B504460020DAF7DEFB4E
:10A1C000054650B1214690F90D00FFF7E6FF01303A
:10A1D00003D121462846F9F71BFC0120DAF7CEFB14
:10A1E00010B12146F9F714FC002038BD30B587B016
:10A1F00004468DF80710F8B1D0F83831E3B1D0F843
:10A200007431CBB1CBB2CBB94FF461631A46D4F8F9
:10A2100038019DF807104568A847FE23D4F874015B
:10A2200003AAADF80C300DF107030A2104930123B2
:10A230008DF814300369984707B030BDD0F8680135
:10A240000028E1D000220121FAF7CEFF0028DBD060
:10A25000FAF7D8FF0028D7D0C278837881891344D1
:10A260001F2BD6BF01224FF0FF329A404FF47A7372
:10A27000B2FBF3F243794B43C9E77FB50646084684
:10A280000D461446F9F717FB034610B91CB1072C0D
:10A290000FD004B070BD03234FF0FF320294802131
:10A2A0002846CDE90032234696F90D20FFF746F8FF
:10A2B000EFE7032280212846009296F90D20FFF750
:10A2C00060F8E6E708B5DAF765FB20B1D0F8780169
:10A2D00008B1D0F8880008BD2DE9F84389469046BA
:10A2E000DAF758FB064638B100252F46B46B34B96F
:10A2F0006B1C0125022BF9D14FF0FF301BE094F8C5
:10A3000021309B071DD42046BDB1F9F7D4FAC0B95E
:10A31000D9F80030BB4216D1424604F1100354F87C
:10A32000041B9C4242F8041BF9D1D9F800300020EC
:10A330000133C9F80030BDE8F883F9F7BCFA00280A
:10A34000E6D1E46AD3E70137FBE7802910B586B090
:10A3500015D800B999B99DF82040CDE90334002300
:10A36000CDE901330423009313469DF92420E2F73D
:10A37000CDFAB0FA80F04009404206B010BD6FF04F
:10A380000100FAE710B5DAF705FB0446B0B190F822
:10A3900030301B0703D590F82C30032B11D1D4F8A3
:10A3A00090318BB1D4F88C3173B1E6F71FFCD4F83F
:10A3B0009031E0772046BDE8104018474FF0FF305D
:10A3C00010BD6FF00300FBE76FF00400F8E7FFF744
:10A3D00094B8F8B50E46194603691546BDF818201D
:10A3E0003BB1D41C371D24F003043C444769A74209
:10A3F00006D28369344643F0020383612046F8BDE8
:10A4000098192927C570151D877004309D5302F0D7
:10A41000CCFCF3E710B50B4686B0FF2111288DF870
:10A42000171020D006D8022809D006281DD04FF0DA
:10A43000FF3016E02028FAD102213A2003E0FF2B5A
:10A44000F5D80146D8B2002400930DF11703CDE9E9
:10A45000012402460120D8F73FF8022807D09DF9D1
:10A46000170006B010BD0021EDE70121EBE76FF00A
:10A470000100F6E710B50446D7F758FC20B1204696
:10A48000D7F780FF002010BD4FF0FF30FBE710B57D
:10A490000C46D7F74BFCA0B183691B8D8BB1C37CF5
:10A4A000012B0ED183687BB10A2C437B28BF0A2481
:10A4B00043F00403012C437338BF0124847500204A
:10A4C00010BD4FF0FF30FBE76FF00100F8E72DE91A
:10A4D000F04F91B00E46069229B94FF0FF34204656
:10A4E00011B0BDE8F08F00278F61D7F71FFC05463C
:10A4F0000028F2D0046B54B9069B5904EFD4437B77
:10A5000013F0200F14BF3C466FF06304E7E73946B1
:10A510003046F9F76AFC0028DFD0AB6993F83910B0
:10A5200011F002011BD0636B0BAA04F1190C93F913
:10A530000D308DF83C3004F109031868083353F8E6
:10A54000041C1746634503C73A46F6D11123002180
:10A550000922304600930BABFFF73BFF0146AB6986
:10A5600093F839305A070BD594F8763008223046E4
:10A57000ADF82C30022300930BABFFF72AFF014606
:10A58000AB6993F839301B070BD594F87C30012266
:10A590003046ADF82C30022300930BABFFF719FFC8
:10A5A00001463368716183B17268142A95D1E28DD6
:10A5B0005A82002203F8012B04F11D022D3452F8B7
:10A5C000041BA24243F8041BF9D105F11C032F6BB5
:10A5D00000240793EB7CB7F84020059302F18C012F
:10A5E000B7F84280D6E902B33944A8EB02080893D1
:10A5F000DBF80030DBF804900393069B03F00403C0
:10A600000493C145CA46039828BFC24609915246E1
:10A61000544402F0CAFB049BA8EB0A080999002BDA
:10A620004DD1B7F840005044A7F840003846D6F75F
:10A6300099FBE8690999A0EB0A00E861B8F1000FFD
:10A6400013D05144B9EB0A090BD1089B013B089385
:10A6500013D0DBF808300BF1080BDBF80490039300
:10A66000CFE7039B53440393CBE70798F9F796FD95
:10A67000059B012B13D12F6B28E087B1059B012B84
:10A680000DD0B36943F00103B361049B13B907987C
:10A69000F9F784FD069B03F0010308FB034424B291
:10A6A000002C7FF71CAF049B002B7FF418AFAB6925
:10A6B000586800283FF413AFF8F780FF0FE7B8F1B0
:10A6C000000FBED1059B012B0CD13F68002FE6D0B7
:10A6D000B7F84000B7F8428000F18C01A8EB000801
:10A6E0003944AFE704230493D9E710B58AB00C9C32
:10A6F000002C0394CDE901120CBF0022142200218A
:10A70000049201AA089105920122CDE906211A4678
:10A7100003A9FFF7DCFE0AB010BD13B50C461146C5
:10A720001A464FF480430094FFF7DFFF02B010BDDC
:10A7300013460A4611B10021D7F74EBF4FF0FF3044
:10A74000704700B500298BB0CDE901230CBF002371
:10A75000142301220391049301AB03A90593002361
:10A76000CDE906234FF480420893FFF7E1FF0BB0D9
:10A770005DF804FB13460A460021FFF7E2BF0346DB
:10A780000846596918B903290CD918697047028815
:10A790001B6903320B4422F003021044021D9A424B
:10A7A00088BF00207047E9F79DBE0CB407B504AB25
:10A7B00053F8042B0193E4F749FD03B05DF804EB73
:10A7C00002B070470B0ED071D17013700B0C537028
:10A7D0000B0A9370030E1371030C5371030A02F1F9
:10A7E0000800937170470168406809BA00BA704761
:10A7F000030EC8700B70030C4B70030A081D8B709E
:10A800007047006800BA7047030A08704B70030C69
:10A81000000E8B70C870081D704700687047030CED
:10A8200088700B70030AC81C4B707047437802781D
:10A830001B02807803EB024318447047030A087038
:10A84000000C4B708870C81C7047430803F0550318
:10A85000C01A830800F0330003F03303184400F0FB
:10A860000F0303EB1010704718B10006B0FA80F028
:10A87000704708207047884205D9401A7F28CCBF0E
:10A8800000200120704705D2081A8028D4BF00207C
:10A890000120704700207047884203D9401AC04306
:10A8A000C00F704706D2081AB0F1004F94BF0020C5
:10A8B0000120704700207047CB0801F00701C05C01
:10A8C00080230B411840003818BF01207047CA0888
:10A8D000802301F007010B41815C0B4383547047D7
:10A8E000CA086FF0800301F007010B41815C0B4047
:10A8F00083547047072AF8B506460D464FEAD2043E
:10A9000002F0070703D9224602F085FA60B96FB159
:10A910002B5D305D58404FF48073FB405B42184024
:10A92000B0FA80F04009F8BD0020FCE70120FAE70A
:10A93000072A034670B50D4602F0070605D9D4086C
:10A940002246254402F031FA03195EB14FF48072B9
:10A950002978F240D2B25042013A014018780240C0
:10A960000A431A70184670BD072A034670B50D4693
:10A9700002F0070605D9D4082246254402F015FA4C
:10A98000031936B14FF480722978F24052420A40DE
:10A990001A70184670BDF0B5002508316FF0010C33
:10A9A0002A4638B990B200EB124000EB1040C04389
:10A9B00080B2F0BD51E902342DB124B113F8015B2E
:10A9C000013C2A440025264604EB030E04E03F88A0
:10A9D000023E7FBA12FA87F2012EAEEB0607F6D8D6
:10A9E0006608013808310CFB06F6F4421FBF9B1BBA
:10A9F00001251B7802EB0322D3E710B58AB054BAC5
:10AA000002901020ADF80440002405908DF8064017
:10AA10009DF8304009928DF80740CDE9030101A966
:10AA20000420069102A9CDE90703FFF7B4FF0AB09D
:10AA300010BD10B503685418606053501BB10B442F
:10AA40005C60026010BD4460FBE730B554185D18CF
:10AA50006C6054585C501CB10C446560535030BD60
:10AA60004560FBE7115001441318486858600260C4
:10AA70004B60704710B5002453185450416859601A
:10AA80000A60436010BD0B6810B54BB14468236089
:10AA9000134444685C604B6843600023C1E90031A3
:10AAA00010BD031F002030B553F8044F44B18C4251
:10AAB00006D8DC688C4203D901EB8205AC4204D88D
:10AAC00001300328F0D14FF0FF3030BD036883EA36
:10AAD000E372A2EBE372013233B150F82200C01AE4
:10AAE00018BF4FF0FF3070474FF0FF3070470346FC
:10AAF000084603B1184770472DE9F0470C469146C8
:10AB0000064648B1012A0AD18369C26A996891420E
:10AB100005D95A6901325A610020BDE8F087BAF7B9
:10AB200045FF336803BB0521F069FFF7E0FF0334FD
:10AB3000A40812D0B9F1010F316A1DD1A04661B14C
:10AB40000F1F3846FFF7C2FF18B951F8045C002DFB
:10AB500016DB0421F069FFF7CAFFB26953690133BC
:10AB60005361BAF737FFD7E70CB90221DCE7B36AC4
:10AB7000083B9C42DBD9F8E70029DFD0716ADDE7AA
:10AB80006D42A54251DAB9F1010F01D10968D6E74A
:10AB9000336A9942E1D04968D1E7B9F1010FA5EBD9
:10ABA00004053ED1326A023406F1200A914207EBD5
:10ABB00084040A4614BFD1F804908146002150460F
:10ABC000E4F77AFD231DB9F1000F24D04A46002195
:10ABD0005046FFF73AFFC5F10203013D236044F8F8
:10ABE000253008F10103C7F80080990047F8238059
:10ABF000B36904315A68D86801325A609A680A44C5
:10AC000082429A6088BFDA601A690A441A61BAF708
:10AC1000E1FE381D81E71A4649465046FFF709FF15
:10AC2000D9E73C4607EB8507D5E7E21CAA42B4DB2F
:10AC30000A46014606F12000A846E4F73DFDD0E7AC
:10AC40004FF0FF32FFF758BF0122FFF755BF2DE944
:10AC5000F74F04468946002900F0A180BAF7A6FE06
:10AC600059F8046CA9F1040120463246FFF719FF98
:10AC7000B0F1FF3F804608D10321E069FFF737FFBD
:10AC800003B0BDE8F04FBAF7A5BE002E01DA0121EE
:10AC9000F3E70846FFF71AFF074608B10421ECE77F
:10ACA000721C7042930001EB8205019304EB880350
:10ACB00054F82880D3F80CA0414549F8040C41F819
:10ACC000220014D059F8082C002A41DAC2F10207F8
:10ACD000A1EB87083E44D8F800108A4203D0042133
:10ACE000E069FFF704FF032F34D008F1040755454E
:10ACF00008F1040B3FD06A68002A3CDAC2F102096D
:10AD000055F829104E4405EB890A8A4203D00421E4
:10AD1000E069FFF7ECFEB9F1030F1DD02A460021D0
:10AD200004F1200052F8089FE4F7C6FC6FB35546C3
:10AD30007642C8F800602E60A3695A68013A5A60EA
:10AD4000019A02F1040A9A68A2EB0A029A6097E754
:10AD50008846CCE70027CAE7002FE8D15546D4F84B
:10AD60002090B9F1000F0BD15A46002104F12000C8
:10AD7000FFF780FEDCE7002FDAD1012ED8DDEEE709
:10AD8000CB4506D3D9F80090EBE75546B9F1000F53
:10AD9000EAD05A4649460020FFF764FEC8E703B0F0
:10ADA000BDE8F08F2DE9F041884617461E4605465E
:10ADB00078B11C20E4F7EEFC044638B11C220021D7
:10ADC00002F01AF8C4E90258C4E904762046BDE846
:10ADD000F0810446FAE710B50446A0B139B1036822
:10ADE000102190F9182093F91900E4F709FD606823
:10ADF00008B1E4F7DFFC2068E4F7FEFD2046BDE87B
:10AE00001040E4F7D7BC10BD10B568B1006858B168
:10AE1000037F4BB1E4F7D6FC044628B1022380F847
:10AE20004030E5F7E9FD606410BD30B1006820B145
:10AE300090F91900431A58425841704738B129B166
:10AE400003681B8A0B800368586870470846704780
:10AE500010B50446C06A08B1E4F7ACFC2046BDE872
:10AE60001040E4F7A7BC2DE9FF414FF488738846F2
:10AE70000746C068ADF808301546938E0392ADF8CA
:10AE80000A30EDF72DF801464046BBF751F806466B
:10AE900030B1E4F787FC044618B94FF0FF3012E0F8
:10AEA000044600954346224602A9F868BBF79CFF7A
:10AEB000BF682B4602AA31462046B84714B1204647
:10AEC000E4F778FC002004B0BDE8F08108B1E5F7B4
:10AED00077B870472DE9F04F91B006468A46934601
:10AEE0001D9D9846BDF868909DF86C70E5F7CCF80C
:10AEF0000446002D77D0002875D0002E73D090F82E
:10AF00003E30024608F1100180F83AA043F00103F8
:10AF100080F83BB080F83E30219B0363434653F8F2
:10AF2000040B8B4242F8040BF9D120220021A4F833
:10AF300034900DEB020084F83D7001F05DFF4FF49A
:10AF400088732846CDF81C80ADF818309DF8703015
:10AF5000ADF81A908DF822308DF823700D95B5F765
:10AF60000BFA1E9BADF82A00099303AD082104A833
:10AF7000B6F700FD0027DDE90432013705F8013B93
:10AF8000042F04D01B0A43EA0263120AF5E74B467A
:10AF90004246394603A8E5F729F805460028E4D1DA
:10AFA000039B08A984F83C70236204F12003F06835
:10AFB0000C93BDF880308DF82070ADF82C301F9BBD
:10AFC0000E93ECF71FFFF068ECF78AFF014608A824
:10AFD000BAF7AEFF074650B1E4F7E4FB054630B9D7
:10AFE0002046E5F7DDF8002011B0BDE8F08F08AB92
:10AFF00000942A4606A9F068BBF7F6FE031D1AD195
:10B00000E5F7FAFC0A30A062BDF8283006AA3946F6
:10B010002846E3862346B668B04715B12846E4F7CC
:10B02000C9FB0F9808B1E4F7C5FB219B002BDAD0D0
:10B03000BDF82800D8E70028E6DAE5F7DDFCE2E70E
:10B0400008B1E4F7B7BB7047F0B5064689B01846BB
:10B050000D461746E5F798F8044670B36EB390F9BD
:10B060003A00E5F75BFA40B37B680DF10D0203F19E
:10B07000100153F804CB8B4242F804CBF9D17B8802
:10B0800004F1100203A9ADF81E3000238DF80C3036
:10B09000C37EDB09CDE9005333464069E4F7B6FED1
:10B0A00070B9E36A4BB92846E4F774FBE06220B15B
:10B0B0002A46314601F079FE2587002009B0F0BD0F
:10B0C000013006D0236B002BF7D194F83D30102BC4
:10B0D000F3D12046E5F764F8EFE708B1E4F762BB87
:10B0E0007047F0B589B00D4617461C46E5F724FABF
:10B0F000064630B1036823B12246294690F919006B
:10B10000984739462846FFF7E1FE044650B3C36A24
:10B1100043B329460DF10D0205F1100051F8045B0F
:10B12000814242F8045BF9D1F27E002503A9ADF813
:10B130001E70D2098DF80C500192228F009204F1FA
:10B1400010027069E4F762FEE06AE4F733FB236BF8
:10B15000E562258733B994F83D30102B02D12046A3
:10B16000E5F71EF809B0F0BD2DE9F0431D4685B0A6
:10B1700000230F4690468DF80F30E5F7DDF90646BF
:10B1800020B94FF0FF3005B0BDE8F083002DF8D0B6
:10B1900043695C683CB10FCC0FC594E8070085E8B3
:10B1A00007000020EFE74020E4F7F4FA0446002807
:10B1B000E7D0D6F80490B9F1000FE2D00DF10F03FB
:10B1C00096F919004246394600932346C84700289D
:10B1D000D7D102236C612B709DF80F302B76E0E7FE
:10B1E0002DE9F041069F0C4615461E46E5F7A4F9E9
:10B1F00078B1D0F808E0BEF1000F0AD0BFB290F9E4
:10B20000190033462A462146F4460697BDE8F04128
:10B2100060474FF0FF30BDE8F08170B50E4615462F
:10B2200004460CB9204670BDA388AB4206D12A461D
:10B230003146206801F0EFFD0028F3D0E468F0E724
:10B2400010B51446E5F76AF930B1406920B12246DD
:10B25000BDE81040FFF7D8BD10BD37B514461D46F8
:10B26000E5F75CF950B1BDF81830224600932B4643
:10B270004069E4F779FC00B203B030BD4FF0FF3015
:10B28000FAE708B5E5F74AF910B18160002008BD7A
:10B290004FF0FF30FBE738B5E5F740F90C460546BF
:10B2A000B8B1B1B10846B5F767F8214682B2E8688F
:10B2B000FFF7B3FF044678B10068E4F77BFA0C218E
:10B2C00022466818E4F7F8F92046E4F773FA0020FC
:10B2D00038BD4FF0FF30FBE76FF00100F8E708B52D
:10B2E000E5F72AF910B190F9190080B208BD2DE9EF
:10B2F000F04116461D460F46E5F710F9044618B909
:10B300004FF0FF30BDE8F081D0F81480D8F8040089
:10B3100040B91C20E4F73EFAC8F804006369586895
:10B320000028EDD01C22002101F066FD63699DF824
:10B33000182000205B685F6063695B681E81636939
:10B340005B68DD6063695B681A7463695B681870C9
:10B35000D8E708B5E5F756FB003818BF012008BD4F
:10B3600038B505460078E5F74DFB10B94FF0FF30D2
:10B3700038BDE5F755FB04460028F7D095E80F00E7
:10B3800084E80F002046E5F769FB0020F0E7022380
:10B390000374E5F763BB03230374E5F75FBB08B5EC
:10B3A000E5F730FC0028FBD108BD10B50446B8B164
:10B3B000BAF7FCFA237C032B02D12046E5F732FED4
:10B3C000637C012B02D12046E5F7B0FB637C022BA6
:10B3D00002D02046E5F7B2FBBDE81040BAF7FABA52
:10B3E00010BD38B583780446012B0BD143689D68A6
:10B3F000D3E9002090472B6A23B96068BDE8384044
:10B40000E4F7D8B938BD70B50C4616460546E5F7E1
:10B4100015FE09340A233146B4FBF3F40023221845
:10B420002846BDE87040E5F715BC10B5044658B194
:10B430008068FFF7BAFFA3685B7C022B04D020462C
:10B44000BDE81040E4F7B6B910BD38B504460D4666
:10B45000BAF7ACFA002229462046E5F74DFD04462E
:10B46000BAF7B8FA204638BD0120E5F75DBE0023E3
:10B4700013B501930446036803F580539A6942F4B7
:10B4800080129A610368012003F580539B69019340
:10B49000E9F7D0FF2368019A03F580539A6102B05F
:10B4A00010BDF7B50023866E0446C76E019306F102
:10B4B000120350F8235037B12B6A5BB901A8B9F7D2
:10B4C00021FD019B23B9E36EBB421AD103B0F0BD4D
:10B4D0002B62AB60A26D63690AB943F0004343F489
:10B4E0008043013F6B602B6843F000432B60731C6B
:10B4F000032B88BFF31E03F112021E4654F822509C
:10B50000D9E7BFF35F8FF11C23682269282001F07F
:10B51000030103F5805300FB01229A60C4E91A6716
:10B52000D4E7704770B5D0F8843004460125102B5D
:10B530003ED120238565C0F884300423C366FFF71D
:10B54000B0FF236828461E68E9F774FF2368204689
:10B550001E60236803F580539A6942F400529A6191
:10B56000236803F580539A6942F002029A61FFF75B
:10B570007EFF22682846136843F00803136023689F
:10B580001E68E9F757FF236800201E6022681368D1
:10B5900043F004031360226802F58052D36943F438
:10B5A000D03343F0C103D3614023C4F8843070BD6D
:10B5B0002846FCE738B5D0F884300446402B46D105
:10B5C0000268202302F58052C0F88430D36923F446
:10B5D000D03323F0C103D361036803F580539A6924
:10B5E00022F400529A61036803F580539A6922F0AD
:10B5F00002029A610268136823F00403136003686F
:10B6000001201D68E9F716FF236820461D60FFF73B
:10B610002EFF22680120136823F0080313602368BB
:10B620001D68E9F707FF234604F1540053F8442B43
:10B63000156053F8041F4A68834242F000424A6092
:10B64000F7D100201023A065C4F8843038BD012054
:10B65000FCE710B5044639B9D0F8883043F001034F
:10B66000C4F88830012010BDD0F88420402AF9D1D8
:10B670004B6B0122C363E5F7AFFD20B1D4F88830EE
:10B6800043F00203ECE7BFF34F8FA26A531C032B76
:10B6900088BFD31EA362236803F580535A695207FB
:10B6A00006D504225A610022236803F580535A60AC
:10B6B0000020D8E72DE9F04F044685B0894649B906
:10B6C000D0F8883043F00103C0F88830012005B07D
:10B6D000BDE8F08FD0F88430402BF7D1D0F85C80F3
:10B6E000002700F1800108F112033E46BB4650F8E6
:10B6F00023507C3050F8103CC3F1040A2B68002B17
:10B7000002DB564500D087B1E36E1E44E66616B1F3
:10B710002046FFF7C6FEC4F85C80002FD6D0E36F4A
:10B720000020C9F80030E067D1E72B68DB0503D5BE
:10B73000EB69A367AB6963672B689A0501D4E36F74
:10B74000FBB12B689B0548BFC4E918BB2B682A686E
:10B75000C3F30D43D20502D52A6801272267AA68E0
:10B7600001902A62CDE90213B9F7ECFB226E039B2C
:10B7700001322266626EDDE901011A446266C5F893
:10B7800020B008F101030136032B88BFA8F10303A1
:10B7900003F11202984654F82250AFE72DE9F04722
:10B7A000054601274FF028094FF0000AD0E9106440
:10B7B00006B117B90020BDE8F08705EB8408013E0B
:10B7C000D8F82C0028B9631C032B00D9E31E1C46B3
:10B7D000EEE709FB04F3EA68D358002B0ADBB9F75C
:10B7E000C9FB631CC8F82CA0032B88BFE31EC5E966
:10B7F0001063ECE723460027E9E77047704770B510
:10B80000044600681D4692010369C90202F4F86209
:10B8100003F01C0389B21A43114341F00101016195
:10B82000E9F700FE0646E9F7FDFD801BB0F5803F15
:10B8300008D22368186910F00100F4D15B699BB24B
:10B840002B6070BD0120FCE738B505680446920105
:10B850002869C90202F4F8629BB200F01C0089B2A8
:10B860006B6102432368114341F003011961E9F759
:10B87000D9FD0546E9F7D6FD401BB0F5803F05D25E
:10B880002368186910F00100F4D138BD0120FCE7ED
:10B89000002974D003681B68C3F3001381F82830B3
:10B8A00003681B6803F060034B6203681B68C3F303
:10B8B000402383F0010381F8203003681B68C3F341
:10B8C0000043CB7703681B68C3F3403383F0010365
:10B8D0008B7703681B68C3F300330B7703681B681F
:10B8E00003F400638B6103681B6803F480434B61BE
:10B8F00003681B68C3F3805383F001034B74036830
:10B900001B68C3F3C05383F001030B7403681B6807
:10B91000C3F3C013CB7303681B6803F460238B600D
:10B9200003681B68C3F380230B7103681B68C3F3B0
:10B9300040638B7303689B69C3F3400381F8543001
:10B9400003689B69C3F3C01383F0010381F84C3093
:10B9500003689B6903F030030B6503689B691B0C4C
:10B960008B6403689B69C3F3800381F856300368D6
:10B9700000209B69C3F3C00381F855307047012054
:10B98000704708B539B1D0F88430102B03D1E5F7F2
:10B99000D7FC002008BD0120FCE7002937D0036850
:10B9A0005B6803F001030B7003685B68C3F340033B
:10B9B000CB7003685B68C3F380030B7103685B683B
:10B9C000C3F3C0030B7203685B68C3F300134B71CE
:10B9D00003685B68C3F340134B7203685B6803F052
:10B9E000C003CB6003685B68C3F30023CB710368BB
:10B9F0005B68C3F340238B7103685B68C3F38023E8
:10BA00008B70036800205B68DB0F4B707047012070
:10BA10007047D0F884007047D0F88C007047D0F899
:10BA20009000704738B510460D461C46E400194694
:10BA3000B5F7A0FF00202C6038BD10B5436904465F
:10BA40003BB90020E2684042537843F00103537051
:10BA500010BD98470028F4D00028E368B8BF4042E2
:10BA6000FF28A8BFFF201870ECE740B1C3685878E2
:10BA700010F001001EBF1878B0FA80F0400970473E
:10BA8000EFF31183102383F31288BFF36F8FFEE768
:10BA900008B5FFF7F5FF10B400F10C04C0E903444A
:10BAA00010BCE9F75DBC38B50446EFF311851023EF
:10BAB00083F31288BFF36F8FE9F7DDFA04F10C000E
:10BAC00000F0A6FA30B1294604F11400BDE8384070
:10BAD00000F09BBA85F31188BFF36F8F38BD10B5A6
:10BAE00042696AB1836842EA0301890708D10169A2
:10BAF000A2FB011424B95B182CBF0121002102D341
:10BB00006FF0150005E09B1AC16002698A4201D8F6
:10BB1000002010BDC26801311A604269C3609B1ADF
:10BB2000F3E72DE9F04105460F46EFF311881023A6
:10BB300083F31288BFF36F8FC668F6B90468A0421A
:10BB40001BD0D4B104F11800D4E9003213605A605C
:10BB5000237CA66023F00203C4E90066237400F08E
:10BB6000DCFA2046E667676100F003FA414605F11A
:10BB70000800BDE8F04100F048BA3E60AB69EF60F4
:10BB8000013BAB6188F31188BFF36F8FBDE8F08193
:10BB9000102408B5EFF3118384F31288BFF36F8F7D
:10BBA000E9F7FDFCF6E7D0E9003213605A600023A4
:10BBB000027C836022F00202C0E900330274704705
:10BBC00013B501240094E6F773F802B010BD90F9A4
:10BBD0000E308B4201D0E6F741BE0020704703468D
:10BBE0000020C3E90033C3E902007047D0E9003206
:10BBF00013605A600023027C836022F00202C0E9D5
:10BC00000033027470472DE9F843914604460D460F
:10BC10009DF82020EFF31186102181F31288BFF3E5
:10BC20006F8F02B1456804F10807D4F808804745D2
:10BC300018D0B8F1000F15D04046FFF7D7FF08F134
:10BC4000180000F06AFA00234046C8F81490C8F8BB
:10BC50007C3000F08EF93846314600F0D6F90020ED
:10BC6000BDE8F883A3B10820E7F726FB002838D009
:10BC70000122C0F804900260016801F003015DB97F
:10BC800022680A430260626820606AB960600BE063
:10BC90004846C9F80030EFE72A68032A16D8016041
:10BCA000616869B9C4E90000042104F1100000F0E2
:10BCB000B1FB0028CFD186F31188BFF36F8FCFE798
:10BCC0000A6802F0030202430A60DFE722F003027F
:10BCD0000A4302602A6802F0030240EA02032B6072
:10BCE000E2E76FF00B00E6E710B5044630B10268FA
:10BCF000930703D0446809B100F0ABFB204610BDA8
:10BD00000023C0E9003300F10803C0E9023300F169
:10BD10001003C0E904337047F8B50546EFF3118707
:10BD2000102383F31288BFF36F8F00F10806846835
:10BD3000A6421AD06CB12046FFF758FF04F1180054
:10BD400000F0EBF900232046E3676361012400F073
:10BD500010F9082105F1100000F05CFB38B934B986
:10BD600087F31188BFF36F8FF8BD0024F1E73946E0
:10BD70003046BDE8F84000F048B9012307B500930C
:10BD800000230A461946FFF73EFF03B05DF804FBA7
:10BD9000002307B50A4619460093FFF734FF03B0A6
:10BDA0005DF804FB00210068FFF79EBF002140689A
:10BDB000FFF79ABF5AB18A4209D300F11003C0E9D4
:10BDC0000212C0E90000C0E90433002070476FF0A0
:10BDD00015007047012302688B4022EA03030360C9
:10BDE00022FA01F000F00100704710B5032104466B
:10BDF0000C30FFF7EFFF30B104F1100000F08DF9C7
:10BE0000B0FA80F0400910BD20B100228C301146FC
:10BE100000F04AB9704773B50446EFF3118510235B
:10BE200083F31288BFF36F8F0023A0F11006032164
:10BE300004380193FFF7CEFF28B1A36901A930466A
:10BE40000193E6F737FA85F31188BFF36F8F02B0DD
:10BE500070BD38B504460D461022002100F0CCFF1D
:10BE6000656038BD13B501900846EFF311841023C7
:10BE700083F31288BFF36F8F01A9E6F71BFA84F3EF
:10BE80001188BFF36F8F02B010BD10B5FFF7EAFF46
:10BE9000041E08DDEFF31180102383F31288BFF333
:10BEA0006F8FE6F747FD204610BDA022002108B5A0
:10BEB00000F0A2FF08BD38B530220D46002104462F
:10BEC00000F09AFF4FF480736560E36038BDD0E9FD
:10BED000003213605A600023027C836022F0020269
:10BEE000C0E9003302747047C0E9000000207047C9
:10BEF000EFF30580003818BF012070476FF057003E
:10BF00007047D0E9003213605A600023C0E9003363
:10BF1000704708B5FFF7F5FF037C23F002030374B5
:10BF20000023836008BD38B504460D46E6F7F2FBF2
:10BF3000237C43F002032374D5B1A5602B689D4296
:10BF400009D16B68C4E900531C606C6010E06A683A
:10BF50009A42F6D01B68002BF3D093F90E1094F997
:10BF60000E209142F3DD5A68C4E9003214605C602F
:10BF700038BD10B5EFF31184102383F31288BFF39B
:10BF80006F8FE6F787FB84F31188BFF36F8F10BDC7
:10BF900008B5EFF31181102282F31288BFF36F8F7F
:10BFA00083680BB1FFF7B5FF81F31188BFF36F8F83
:10BFB00008BD08B5037C014613F0280F0CD1836837
:10BFC0000BB1FFF7A6FF0B7C084623F004030B74AC
:10BFD000BDE80840E6F75EBB08BD10B5EFF311847D
:10BFE000102383F31288BFF36F8F1838FFF7E1FF38
:10BFF00084F31188BFF36F8F10BD10B5FFF7C8FF32
:10C000001830BDE8104000F088B80846E6F7BABB23
:10C0100038B5054604680020AC4200D138BD002C7C
:10C02000FCD02046FFF7E9FF2046FFF7A2FF2C686F
:10C030000120A542F1E738B505460C46E6F716FDA6
:10C04000B4F1FF3F08BFB5F1FF3F0AD0C117093077
:10C050004FF00A024FF0000341F10001B4F760F91C
:10C0600038BD4FF0FF30FBE738B50446EFF31185DC
:10C07000102383F31288BFF36F8F037C5B070ED509
:10C08000183000F04AF8237C204623F00403237480
:10C09000E6F700FB2846BDE83840E6F773BB85F3BA
:10C0A0001188BFF36F8F38BD38B5EFF311851023BA
:10C0B00083F31288BFF36F8F0468A04212D09CB143
:10C0C000E16720466261FFF724FF04F1180000F0E9
:10C0D00024F82046E6F7DEFA012085F31188BFF345
:10C0E0006F8F38BD0020F8E72046F6E708B5024616
:10C0F000E6F72EFE70B1D0E904319B1A61EBE272D3
:10C10000B3F1004F72F1000104DA002AACBF184607
:10C11000002008BD6FF00040FBE7024638B5EFF3A2
:10C120001185102383F31288BFF36F8F0368CBB19F
:10C13000E6F70EFE04461046E6F71CFE00224FF01E
:10C1400000438442C0E9042306D1E6F709FEFFF765
:10C15000CDFF0021B9F774FB002085F31188BFF3F0
:10C160006F8F38BD6FF01500F7E770B5EFF31186EC
:10C17000102282F31288BFF36F8F036873B1E6F762
:10C1800015FE04460D46E6F7EBFD0346201A65EB67
:10C19000E37186F31188BFF36F8F70BD184619469F
:10C1A000F7E708B5E6F708FF08BDE6F705BFB3F106
:10C1B000FF3F08BFB2F1FF3F70B506461D4614466B
:10C1C00014D01A4316D0002B08DBE6F7F5FE04194D
:10C1D00041EB05013046C6E9004170BD6FF0010337
:10C1E0001C1B4FF0FF3363EB0501F3E74FF0FF3407
:10C1F0002146EFE70024FBE7B3F1FF3F08BFB2F1B0
:10C20000FF3FF8B5074616461C4610D054EA020315
:10C2100011D0E6F7D1FEB0420A460346A1410AD248
:10C22000F31A64EB02043846C7E90034F8BD4FF056
:10C23000FF331C46F7E70023FBE730B5D0E90034B5
:10C24000984208D03CB1A568DDB112F9522C15F91D
:10C25000525CAA4207DDC1E90004216041600FE0A1
:10C26000A342F8D01B68002BF5D09D684DB115F99D
:10C27000525C9542F4DD5A68C1E9003211605960A0
:10C2800030BD00239B7BFFDE2DE9F84F00250F46D4
:10C290001446984601462E464FF0100AA946BD4264
:10C2A00002DB3046BDE8F88FEFF3118B8AF312887A
:10C2B000BFF36F8F4B7B03F03F03082B09D853B1BB
:10C2C000013B072B07D8DFE803F0281C06220606EF
:10C2D000062E102B2DD0B8F1000F3BD12378002B68
:10C2E00038D04B7B03F03F03082B3AD8002B3AD0D1
:10C2F000013B072B37D8DFE803F03F3936393636B4
:10C3000036420B699B68002BE5D0022317E00B69CE
:10C310001B68002BDFD0042311E00B699B68002B06
:10C32000D9D001230BE00B691B6A002BD3D010235B
:10C3300005E00B69DA895B899A42CCD02023CA6870
:10C34000C1F80890C2F38630034363F39432CA60A5
:10C3500084F800908BF31188BFF36F8F013514318F
:10C360009DE7102B0FD001368C60F3E70869224659
:10C370001030FFF762FFF6E722460869F9E708691F
:10C3800022462430F5E7086922462C30F1E72DE9F2
:10C39000F041846805460E46D4B16378012B22D162
:10C3A00014F8503C9A0711D5A4F160073846FFF7FE
:10C3B00024FE082E14BF00236FF00303E36114F87A
:10C3C000503CDB0602D13846FFF7D3FD0023237033
:10C3D0000023AB60EB68C3F38632164366F39433F5
:10C3E000EB60BDE8F081022BF0D12378002BEDD07B
:10C3F00054F8048CB8F1000FE8D004F11400A4F153
:10C400001407FFF78AFE002339464046E362FFF730
:10C4100029FDDBE738B5EFF31185102383F312888C
:10C42000BFF36F8F0468A04211D02046D4E90032D8
:10C4300013605A600023C4E90033FFF7A8FF85F3B7
:10C440001188BFF36F8F201E18BF012038BD002454
:10C45000F5E720B1011F50F8040CFFF724BB70472B
:10C460004FF48C72002100F0C7BC18B14FF48C71EE
:10C47000E7F742BF70476822002100F0BDBC10B151
:10C480006821E7F739BF70472DE9F04105460E46B0
:10C49000144612B3036C03F03F079B18036422BFDA
:10C4A000436C013343647FB1C7F1400842450FD369
:10C4B0003844274442464644A7F1400400F075FC46
:10C4C00029462846E7F760FC3F2C09D82CB1002705
:10C4D00022463146E81900F068FC0020BDE8F081F2
:10C4E000374606EB0408394640372846E7F74CFC48
:10C4F000A8EB07033F2BF6D8A4F1400323F03F033A
:10C5000040331E44E41ADFE738B5036C0D46802142
:10C51000044603F03F035A1CC154382A10442FD854
:10C52000C2F13802002100F067FC2046D4E9103146
:10C530005A0FDB0042EAC10221461BBA12BAE3637A
:10C54000A263E7F721FCA36C20461BBA2B60E36CC7
:10C550001BBA6B60236D1BBAAB60636D1BBAEB60DB
:10C56000A36D1BBA2B61E36D1BBA6B61236E1BBA03
:10C57000AB61636E1BBAEB61FFF781FF002038BD32
:10C58000C2F14002002100F037FC21462046E7F7C7
:10C59000FBFB382200212046C5E7002303604360EF
:10C5A0008360704710B50446C0B10368B3B14068FA
:10C5B00038B11B78092B01D1FFF761FF6068E7F7FD
:10C5C0008BFEA06820B123689978490000F031F90A
:10C5D00020460C21BDE81040E7F78EBE10BD38B5EF
:10C5E0001546044618B96FF08605284638BD00295F
:10C5F000F9D000238360C0E90013002AF3D10B783F
:10C60000092BF0D168210120E7F760FE606010B1CE
:10C61000FFF731FFE9E76FF08C05E6E740B103680B
:10C6200033B11B78092B03D100214068E7F748BCE0
:10C630006FF08600704738B103682BB11B78092B67
:10C6400002D14068FFF720BF6FF08600704738B115
:10C6500003682BB11B78092B02D14068FFF754BF48
:10C660006FF08600704710B40446084611461A461B
:10C6700034B12378092B03D1002310BCE7F74EBC5B
:10C680006FF0860010BC704700B14078704710B55D
:10C69000044689780220E7F719FEA06028B92046F1
:10C6A000FFF780FF6FF08C0010BD0020FCE72DE944
:10C6B000F0410E4688B01746054600286BD0036847
:10C6C000002B68D08268002A65D09A78BA4214D2CA
:10C6D000FFF7A4FF0446002839D13A4631462846E0
:10C6E000FFF7A9FF044690BB69462846FFF7AFFF56
:10C6F000044660BB2B686E465F78D5F8088036210B
:10C700009A78404608EB020400F076FB2B685C2127
:10C7100020469A7800F070FB0023191D08EB0302F5
:10C720008F421CD29F4222D80023191DE2188F424B
:10C7300024D29F4228D82846FFF770FF044630B91C
:10C740002B68414628469A78FFF775FF044620215A
:10C750006846E7F7D1FD204608B0BDE8F081F25801
:10C7600058F80300424048F803200B46D5E7F05C38
:10C7700001331178414002F8011BD3E7F258E05829
:10C780004240E2500B46D0E7F05C01331178414063
:10C7900002F8011BCDE76FF08604DCE710B430B17E
:10C7A000046824B1836813B110BCFFF744BF6FF075
:10C7B000860010BC7047F0B50D4689B0044600B342
:10C7C0000368F3B18668E6B169469F78FFF73FFFDB
:10C7D000A8B92046FFF722FF88B92368F11920463F
:10C7E0009A78FFF728FF50B92368694620465A789F
:10C7F000FFF721FF18B929462046FFF728FF09B0A7
:10C80000F0BD6FF08600FAE738B5044670B10368F2
:10C8100063B1856855B1FFF701FF48B92368294620
:10C8200020469A78BDE83840FFF705BF6FF08600D4
:10C8300038BD10B5044608B1E7F75EFD2046BDE8F7
:10C840001040E7F749BD00F6FF7240F67E739A424A
:10C8500041D9434213F07F0311D0584210F1090F20
:10C8600019DA10F13D0F31D010F13C0F23DA10F13D
:10C87000400F14BF6FF083006FF09300704710F10A
:10C88000920F13DA10F5A14F23D010F5994F0FD165
:10C890006FF08600704700F10903092B08D8DFE824
:10C8A00003F01507150718071807071A0028D5DD24
:10C8B0006FF08300704710F1220F0AD010F1200FA3
:10C8C00014BF6FF083006FF0850070476FF0930026
:10C8D00070476FF08500704710B50446006A10B1CC
:10C8E000616AFFF7A6FF0020C4E9080010BD38B553
:10C8F0000446FFF7F1FF237E012B0FD0023B012BF3
:10C900000FD8E369012B14BF6FF09605002528228C
:10C910000021204600F070FA284638BDE369002B5C
:10C92000F1E76FF09605F2E7202B2DE9F04105467F
:10C930008AB0884617461E460BD90920E7F730FB18
:10C9400002AB32463946FFF78EFE044628BB02AFE3
:10C950002026EC688DF804808DF8056084B90920E4
:10C96000E7F71EFB224601462846FFF738FE04463D
:10C9700098B92846FFF752FE044670B90123EB60D0
:10C98000022201A92846FFF756FE044628B932467E
:10C9900039462846FFF74FFE044602A82021E7F754
:10C9A000ABFC20460AB0BDE8F0812DE9F04300263B
:10C9B000A3B007460546B0466FF09304B1463B6905
:10C9C00098450BDB002E08BF6FF03C0402A88021C5
:10C9D000E7F792FC204623B0BDE8F0836B6A802223
:10C9E0006C6902A9012B08BF46F00106A86901ABDA
:10C9F000CDF80490A04704460028E7D1019B5BB125
:10CA000002AA5FFA88F13846FFF78EFF0028E2D1CC
:10CA1000EB69019A1344EB6108F101081435CEE784
:10CA200010B5044670B1C36801330BD0FFF7BAFDEF
:10CA30000023502104F114002361E7F75DFC4FF05F
:10CA4000FF33E36010BD30B50569032D0BDC142402
:10CA500004FB050401352362039BC4E905126362EC
:10CA60000561002030BD6FF03D00FBE7202A2DE975
:10CA7000F041054688B00F46164676D840F20118B8
:10CA80002B69002B6ED02846FFF78FFF0446002845
:10CA900046D10246D5F810E02B460120A6454DDCD4
:10CAA000002845D01F2A43D920220021684600F0E3
:10CAB000A3F969462846FFF7CAFD044680BB28460D
:10CAC000FFF770FD2846FFF768FD0920E7F768FAD1
:10CAD000224601462846FFF782FD044600BB284651
:10CAE000FFF79CFD0446D8B9202269462846FFF787
:10CAF000A2FD0446A0B90920E7F752FA6B462022AE
:10CB00006946FFF7B0FD044650B92A6903461C3553
:10CB100014219A4220DC32466946384600F045F935
:10CB200020216846E7F7E8FB204608B0BDE8F08121
:10CB3000B8F10108A4D16FF09304F1E7D3E907C17C
:10CB4000013414338C4534BF002000F00100196912
:10CB5000012908BF6244A1E701FB03FC013345F84A
:10CB60000C00D6E76FF03F04DAE76FF09304DBE7E1
:10CB700013B500201A60144613460A4601A9019015
:10CB8000FEF750FF28B9019BB3EBC40F38BF6FF01D
:10CB9000930002B010BD10B544220021044600F0FD
:10CBA0002BF942F21073A36310BD2DE9F0470F4635
:10CBB0008AB0054600689046FFF766FD06469FB3BB
:10CBC000B8F1000F14BF4FF002094FF00109002324
:10CBD0006FF0860405F10C0A99458DF804301BD9D5
:10CBE0002846FFF711FE0446B0B9324651462846A2
:10CBF000FFF7D4FD044678B9012201A92846FFF7C2
:10CC0000CDFD044640B9B9F1020F10D002A9284663
:10CC1000FFF7D1FD044698B102A82021E7F76CFB8D
:10CC200020460AB0BDE8F0874FF00109CFE7424641
:10CC300039462846FFF7B2FD04460028E6D0EBE768
:10CC4000324602A92846FFF732FD04460028E3D108
:10CC5000324651462846FFF7A1FD04460028DBD1A5
:10CC600051462846FFF7A7FD04460028D4D19DF879
:10CC700004300133DBB2AFE72DE9F0430446E1B005
:10CC800088461646056B9946E3B105EB4502520806
:10CC9000B6F5807F3ED83244B2F5C07F3AD84FF423
:10CCA000C072002168466F4600F0A6F8E36B2A4682
:10CCB0006946206C984738B16FF00806304661B07D
:10CCC000BDE8F0832A46E3E7256BB9F1000F09D0F0
:10CCD000E36B6A087919206C98470028ECD1236B24
:10CCE00005EB5305B8F1000F06D02EB17819354485
:10CCF0003246414600F059F82A4639462046FFF7A9
:10CD000054FF064608B90123E36229463846E7F78F
:10CD1000F3FAD3E76FF00406D0E72DE9F0471646A3
:10CD20000022044689461D46DDE90878FFF757FCD6
:10CD300060BB49462046FFF7AAFC38BB04F10C0A49
:10CD40004846FFF7A1FC8146024651462046FFF7C0
:10CD5000AEFCD8B94A460121504600F04DF8236B8D
:10CD6000C4E90F6543B9B9F1140F0DD9B9F11C0F1E
:10CD70008CBF2023182323634246394620460123D3
:10CD8000BDE8F047FFF778BF1023F4E7BDE8F08770
:10CD900010B5044640B1FFF705FC44212046E7F7F3
:10CDA000ABFA42F21073A36310BD0A44914200F142
:10CDB000FF3300D1704710B511F8014B03F8014F54
:10CDC0009142F9D110BD884210B501EB020402D99D
:10CDD0008442234607D8431EA14207D011F8012BF5
:10CDE00003F8012FF8E70244824200D110BD13F886
:10CDF000011D02F8011DF7E702440346934200D1EA
:10CE0000704703F8011BF9E7044608B5E7F76AFE27
:10CE10002046B4F73DFB10B501390244904201D1E0
:10CE2000002005E0037811F8014FA34201D0181B40
:10CE300010BD0130F2E710B50246147813460132F6
:10CE4000002CFAD1013B11F8012B03F8012F002A25
:10CE5000F9D110BD10B56AB10139841810F8012B51
:10CE600011F8013F9A4203D1A04201D0002AF5D126
:10CE7000D01A10BD1046FCE710B50139034632B197
:10CE800011F8014F03F8014B013A002CF7D11A4475
:10CE90000021934200D110BD03F8011BF9E710B542
:10CEA000024601448A42134603D01C780132002C0A
:10CEB000F8D1181A10BD0A7870B56AB970BD9A42D7
:10CEC00009D10C46054614F8013F002BF6D015F8A1
:10CED000016F9E42F7D001300378002BEFD1184646
:10CEE000ECE78278D20602D5036903B11847002027
:10CEF000704737B50C46054601A92046E7F712FBF7
:10CF000010B9002003B030BD01994FF4DB72284600
:10CF1000EAF795FD0028F4DB2146E7F7F1FDF1E79C
:10CF20002DE9F8439C7814F0010405460E4690461E
:10CF30001F4603D091B10024444502D12046BDE8EC
:10CF4000F88305EB0609384600F08EF8431CF5D04F
:10CF500005F8010B4D45F6D10134EDE70C46EDE740
:10CF60002DE9F8439C7814F0020405460E469046DD
:10CF70001F4603D091B10024444502D12046BDE8AC
:10CF8000F88305EB06097B6815F8010B39469847CD
:10CF90000028F3DB4D45F6D10134EDE70C46EDE713
:10CFA000EAF75EBD10B5002204461146E7F778FAAD
:10CFB000A37823F00C03A37010BDF0B5C3F13707BD
:10CFC0000446FFB203F01F031046082BE6B233D02D
:10CFD000102B3ED06508A40844EA817445EAC17567
:10CFE0002D194FEA910242EB5102290941EA0271DF
:10CFF0006D1842EB1212290A41EA02616D1842EBE8
:10D000001222290C41EA02416D1842EB1242AD187E
:10D0100042F10002EC0844EA4274D10804EB8402B5
:10D02000A6EB4205EDB2092D0CD90134A5F10A0594
:10D0300041F10001EDB212E0E40844EA417406F067
:10D040000705C908303554EA010200F8015BBCD17C
:10D05000F0BD240944EA017406F00F050909092D01
:10D0600084BFED19EDB2EDE710B58378DA07044619
:10D0700005D443F00403A3704FF0FF3010BD4FF010
:10D080000002D4E85F3FC4E8512F0029F9D19BB2D8
:10D0900013B1581EC0B2F1E7A36898470028F9DA27
:10D0A0000130A37814BF082204221343E3E7D1E937
:10D0B000043293421EBF5A1C0A6118707047836C79
:10D0C00010B5044613B94830E8F790FAA06CBDE8F3
:10D0D0001040E8F795BA38B590F82030012B044697
:10D0E00019D0022B02D1856A226B0AB9002009E00F
:10D0F000E36BE06929469847002804DC002323639A
:10D100004FF0FF3038BD636A03446362236B1B1A20
:10D1100005442363E8E7D0E90C329B1A07D0416A43
:10D12000C91A036C416213B1C069002298470023F9
:10D13000C4E90C33DAE738B50025D0E90A12836B6D
:10D1400045630446C0699847002804DC256308D07D
:10D150004FF0FF3038BD636A2063034463622846A2
:10D16000F8E76FF00100F5E738B50446FFF7A7FFD1
:10D170002046FFF7B0FF0546A06CE8F743FA2846C3
:10D1800038BD38B590F820308B4204460D4604D0A7
:10D19000FFF7A1FF84F8205038BD0020FCE738B528
:10D1A0000C4605460846FFF78AFF02212046FFF796
:10D1B000E8FF013006D14FF0FF35A06CE8F722FA06
:10D1C000284638BD236BA26A591C2163D554D4E983
:10D1D0000B329A4205DA0A2DEFD194F821309B07E1
:10D1E000EBD52046FFF777FF0130E6D1E3E7F8B54E
:10D1F00004460E461746FFF762FF01212046FFF75F
:10D20000C0FF431C05460FD0616A236BCB1A27B1C0
:10D21000012F0FD1626B1A4416449E4209DBB142C2
:10D2200007DBF31A63633546A06CE8F7EBF9284691
:10D23000F8BD0027236C53B1E0693A463146984760
:10D24000051E00DB65620023C4E90C33ECE74FF0F8
:10D25000FF35F8E72DE9F041054690461F460C469C
:10D26000FFF72DFF95F82130B8F1010F03F0FD060F
:10D2700085F821600DD0B8F1020F1ED0B8F1000F73
:10D280000BD04FF0FF34A86CE8F7BCF92046BDE89E
:10D29000F08143F0020685F82160F30717D5A86AEC
:10D2A00074B1B4F769F995F8213023F0010385F8DA
:10D2B0002130C5E90A470024E5E701270024ECE70F
:10D2C0003946B4F73DF904460028F2D1D9E7002CDD
:10D2D000EFD13846B4F71AF904460028D1D046F009
:10D2E000010685F82160E4E738B50546FFF7E7FE5B
:10D2F0002846FFF7F0FE95F82130DA07044602D5FC
:10D30000A86AB4F739F9A86C20B1E8F77BF9A86CE2
:10D31000E8F76EF995F821305B0707D56C6C14B10E
:10D32000E869A04704462846B4F726F9204638BDE8
:0CD33000C36803B118471846704700009E
:08D33C004C30FB7F01000000F2
:10D344000000000034D4040879090008000000003B
:10D35400091C0308000000002D1C03080000000045
:10D364000000000050D404080000000084D5040824
:10D374000000000088D4040800000000A0D50408C0
:10D3840000000000A4D404080000000068D50408CC
:10D39400000000004CD504080000000030D504084B
:10D3A4000000000014D5040800000000F8D40408AC
:10D3B40000000000DCD4040800000000C0D404080D
:10D3C400000000006CD404081D6D03080000000078
:10D3D40000000000D8D5040800000000BCD50408F3
:10D3E400A14C000800000000AD5700080000000038
:10D3F400C914000800000000991903080000000087
:10D40400D53203080000000000000000F4D5040831
:10D41400000000002CD604080000000010D6040808
:10D42400035C03080000000011480008000000002D
:10D4340019ED0408000000001CDA0408600D022045
:10D4440000000000E94A0008000000004BED040859
:10D4540098DE04080CDA0408680D022000000000BD
:10D464000000000000000000C6E704082CDB0408EC
:10D47400E8D90408480D02207C5402208D090008D4
:10D4840000000000D4E7040840DB0408E8D90408DD
:10D494004A0D02208C5402208D090008000000006F
:10D4A400E2E7040854DB0408E8D904084C0D022020
:10D4B4009C5402208D09000800000000F0E70408D5
:10D4C40068DB0408E8D904084E0D0220AC5402209D
:10D4D4008D09000800000000FEE704087CDB040856
:10D4E400E8D90408500D0220BC5402208D0900081C
:10D4F400000000000CE8040890DB0408E8D90408E4
:10D50400520D0220CC5402208D09000800000000B6
:10D514001AE80408A4DB0408E8D90408540D02201E
:10D52400DC5402208D0900080000000028E80408EB
:10D53400B8DB0408E8D90408560D0220EC54022094
:10D544008D0900080000000036E80408CCDB04085C
:10D55400E8D90408580D0220FC5402208D09000863
:10D564000000000044E80408E0DB0408E8D90408EB
:10D574005A0D02200C5502208D09000800000000FD
:10D5840052E80408F4DB0408E8D904085C0D02201E
:10D594001C5502208D09000800000000FBEC040863
:10D5A40000000000000000005E0D022000000000EA
:10D5B40025480008000000005CED04089CDE040817
:10D5C40048DA04086A0D022048090220FD540008C4
:10D5D400000000006CED0408ECDE040848DA0408DE
:10D5E4006C0D022054090220FD54000800000000C4
:10D5F40026ED04087008022038DA0408620D0220BF
:10D604007C080220F14C00080000000033ED0408FF
:10D61400F0DD040870DE0408640D0220000002201E
:10D62400F94D0008000000003CED040890DE0408F9
:10D634005CDA0408660D0220C8070220C151000804
:04D6440000000000E2
:10D64800000000008355030800000000835503080C
:10D6580000000000835503080000000083550308FC
:10D6680000000000835503080000000083550308EC
:10D67800D2590508A9480008D0590508A948000842
:10D68800CE590508A9480008CC590508A94800083A
:10D69800CA590508A9480008000000008355030876
:10D6A80000000000835503080000000083550308AC
:10D6B800000000008355030800000000835503089C
:10D6C800000000008355030800000000835503088C
:10D6D800000000008355030800000000835503087C
:10D6E800000000008355030800000000835503086C
:10D6F8000000000083550308C8590508A948000818
:10D70800000000008355030800000000835503084B
:10D71800000000008355030800000000835503083B
:10D72800000000008355030800000000835503082B
:10D73800000000008355030800000000835503081B
:10D74800000000008355030800000000835503080B
:10D7580000000000835503080000000083550308FB
:10D7680000000000835503080000000083550308EB
:10D7780000000000835503080000000083550308DB
:10D78800C6590508A9480008000000008355030889
:10D7980000000000835503080000000083550308BB
:10D7A80000000000835503080000000083550308AB
:10D7B800000000008355030800000000835503089B
:10D7C800000000008355030800000000835503088B
:10D7D800000000008355030800000000835503087B
:10D7E800000000008355030800000000835503086B
:10D7F800000000008355030800000000835503085B
:10D80800000000008355030800000000835503084A
:10D81800000000008355030800000000835503083A
:10D82800000000008355030810D60408AB6F0308F6
:10D83800000000008355030800000000835503081A
:10D84800000000008355030800000000835503080A
:10D8580000000000835503080000000083550308FA
:10D8680000000000835503080000000083550308EA
:10D8780000000000835503080000000083550308DA
:10D8880000000000835503080000000083550308CA
:10D8980000000000835503080000000083550308BA
:10D8A80000000000835503080000000083550308AA
:10D8B800000000008355030800000000835503089A
:10D8C800000000008355030800000000835503088A
:10D8D800000000008355030800000000835503087A
:10D8E800000000008355030800000000835503086A
:10D8F800000000008355030800000000835503085A
:10D908000000000083550308000000008355030849
:10D918000000000083550308000000008355030839
:10D928000000000083550308000000008355030829
:10D938000000000083550308000000008355030819
:10D948000000000083550308000000008355030809
:10D9580000000000835503080000000083550308F9
:10D9680000000000835503080000000083550308E9
:10D9780000000000835503080000000083550308D9
:10D98800B851022040D1022000080000F55B0008D1
:10D99800000000000000000000000000010000007E
:10D9A800000000009AEF04080000000000000000DA
:10D9B8003851022000B1022000200000D15A00088E
:10D9C800000000000000000000000000000000004F
:10D9D800000000007CED0408FFFFFFFFFFFFFFFFD2
:10D9E80041760308AB750308B7750308C9750308C2
:10D9F800D3750308DF750308D1520008ED750308D5
:04DA0800000000001A
:10DA0C00E9770308097803082578030843780308A5
:10DA1C00EF6D0308336E030800000000154A000880
:0CDA2C00A76E030800000000616E0308F4
:10DA3800E16E0308216F03080000000000000000E9
:10DA48005B79030825790308837803084D56000895
:04DA58007D790308C9
:10DA5C001B740308FB700308677403081574030830
:10DA6C00DD72030800000000000000000000000050
:08DA7C000000000000000000A2
:10DA84000000000000000000B5560308C91B000890
:10DA94000300000000000000A7590308CD2A000875
:10DAA40044000000004000000E0301003502070599
:10DAB400040C000000000000000000000000000052
:10DAC4000000FE80000000000000000000000000D4
:10DAD4000000FD0072837E0000002002200100008F
:10DAE400FEC03FFEFF020000000000000000000135
:10DAF400FF000000FFFE00FF020000000000000025
:10DB0400000000000000FDFF030000000000000012
:10DB1400000000000000FDFF050000000000000000
:10DB2400000000000000FD00FFFF0000002802408C
:10DB34000A0000003000000000040000FFFF0000A5
:10DB44000024024009000000300000000002000030
:10DB5400FFFF000000200240080000003000000029
:10DB640000010000FFFF0000001C0240070000004D
:10DB74003000000080000000FFFF00000018024099
:10DB8400060000003000000040000000FFFF00001D
:10DB940000140240050000003000000020000000D6
:10DBA400FFFF0000001002400400000030000000ED
:10DBB40010000000FFFF0000000C02400300000002
:10DBC4003000000008000000FFFF000000080240D1
:10DBD400020000003000000004000000FFFF00000D
:10DBE40000040240010000003000000002000000B8
:10DBF400FFFF0000000002400000000030000000B1
:10DC04000100000084D5040868D504084CD5040834
:10DC140030D5040814D50408F8D40408DCD4040866
:10DC2400C0D40408A4D4040888D404086CD4040818
:10DC340000000000000000000000000000000000E0
:10DC440000000000000000000000000000000000D0
:10DC540000000000000000000000000000000000C0
:10DC640000000000000000000000000060E804085C
:10DC74000000009000000010000000027CE804088E
:10DC8400000000C000000001000010008BE8040840
:10DC940000000090000000040000000100000220C9
:10DCA4000000000000000B0602000000B4DC0408C1
:10DCB40000000008AEEC0408280002060000022060
:10DCC400B6EC040824000B113C0802203C55022049
:10DCD400211600080000000013560308000000008D
:10DCE4006410B71DC8206E3BAC30D9269041DC7659
:10DCF400F4516B6B5861B24D3C7105502083B8ED03
:10DD040044930FF0E8A3D6D68CB361CBB0C2649B26
:10DD1400D4D2D38678E20AA01CF2BDBD67590308A9
:10DD240011590308F9580308211D0008FD58030878
:10DD34000159030805590308095903085F590308E1
:10DD44000D590308635903087D59030881590308D1
:10DD5400235903087959030885590308511C0008FD
:10DD64007F5A0308692A0008A3590308812A000876
:10DD7400000000008D2A00089159030897590308F0
:10DD84009D590308735A03087B5A0308915A0308E0
:10DD9400955A0308775A03080000000000000000A9
:10DDA40000000000D4DC0408B8DD04088000000092
:10DDB4000000000010F00220D4DC0408CCDD0408CC
:10DDC400800000000000000000060320D8DD0408E5
:10DDD40001000000E0DD0408020000004B00000028
:10DDE400800100002B04000080010000956F0308EF
:10DDF40008DE040804FF000028DE04080000000018
:10DE040000000000300000000000000230000000AC
:10DE14000000000430000000000000083000000092
:10DE24000000001030DE04080100000038DE0408A1
:10DE3400070000008B04000080010000AB04000018
:10DE4400800100002B00000080010000EB000000B6
:10DE5400800100006B0D000080010000AB0D00008C
:10DE640080010000CB0D000080010000554D00082A
:10DE740000000000000000005B6F03088D700308C1
:10DE840000000000494D0008914F000800003F00C9
:10DE9400F4D50408003802400014014034D40408C6
:10DEA40050D4040885040000C4DE04080100000006
:10DEB400000000000000000000000000CCDE0408A8
:10DEC4004400000020000000D4DE0408010000002B
:10DED400DCDE040802000000C804000000020000A8
:10DEE400E8040000000000000010014034D40408DD
:10DEF40050D404088404000014DF04080100000066
:10DF04000000000000000000000000001CDF040806
:10DF1400440000001000000024DF04080100000099
:10DF24002CDF0408020000002701000000020000AA
:10DF34004701000000000000110E04087DA801083C
:10DF440071B3010800000000990E04084DAD0108EA
:10DF540091AD010800000000190E0408D9AD0108B4
:10DF640055AE0108260000002D0E040815AB01086B
:10DF740029AF01082C00000079AB01089DAB010812
:10DF840099AF010838000000510E0408F5AB0108F0
:10DF9400EDAF0108780000002DAC01087DB0010848
:10DFA400EDB001084800000055AC010889AC010837
:10DFB400A1B1010880000000690E0408D9AC010871
:10DFC400E9B1010898000000C07AC6350088C93557
:10DFD4004095CC3580A2CF3500BDD535000000007A
:10DFE400000000000000000000000000000000002D
:10DFF400000000000000000000000000000000001D
:10E00400000000000000000000000000000000000C
:10E0140000000000000000000000000000000000FC
:10E0240000000000000000000000000000000000EC
:10E0340000000000000000000000000000000000DC
:10E044000000000060DC713360DC713320ACDC3331
:10E05400C032DE3360DC713360DC7133400D0300A9
:10E06400801A0600C027090000350C00804F1200FA
:10E07400000000000000000000000000000000009C
:10E08400000000000000000000000000000000008C
:10E09400000000000000000000000000000000007C
:10E0A400000000000000000000000000000000006C
:10E0B400000000000000000000000000000000005C
:10E0C400000000000000000000000000000000004C
:10E0D4000000000000000000A0860100400D0300C5
:10E0E400A0860100400D0300A0860100400D03003E
:10E0F40050C3000050C30000A0860100A0860100A8
:10E10400F0490200400D0300400D0300E0930400B9
:10E1140000000000000000000000000000000000FB
:10E1240000000000000000000000000000000000EB
:10E1340050C3000050C30000A0860100A086010067
:10E14400F0490200400D0300400D0300E093040079
:10E1540000000000000000000000000000000000BB
:10E1640000000000000000000000000000000000AB
:10E1740000000000801A060000350C00804F1200D9
:10E18400006A1800009F2400000000000000000046
:10E19400000000000000000000000000000000007B
:10E1A400000000000000000000000000000000006B
:10E1B4000000000000000000801A0600C0270900CB
:10E1C40000350C00804F1200000000000000000029
:10E1D400000000000000000000000000000000003B
:10E1E400000000000000000000000000000000002B
:10E1F400000000000000000000000000E0930400A4
:10E20400801A0600C027090000000000000000007A
:10E2140000000000000000000000000000000000FA
:10E2240000000000000000000000000000000000EA
:10E23400000000000000000000000000F04902009F
:10E24400400D0300E0930400400D0300801A060013
:10E25400C0270900A086010090D0030000350C00FF
:10E26400804F12001A3D0508DB3D0508E43D050812
:10E27400F13D0508FD3D0508083E0508133E050867
:10E284001E3E0508273E05082F3E0508982F8A42A2
:10E2940091443771CFFBC0B5A5DBB5E95BC25639F4
:10E2A400F111F159A4823F92D55E1CAB98AA07D80C
:10E2B400015B8312BE853124C37D0C55745DBE722F
:10E2C400FEB1DE80A706DC9B74F19BC1C1699BE4AF
:10E2D4008647BEEFC69DC10FCCA10C246F2CE92D3F
:10E2E400AA84744ADCA9B05CDA88F97652513E9863
:10E2F4006DC631A8C82703B0C77F59BFF30BE0C66A
:10E304004791A7D55163CA0667292914850AB727F7
:10E3140038211B2EFC6D2C4D130D385354730A6594
:10E32400BB0A6A762EC9C281852C7292A1E8BFA26B
:10E334004B661AA8708B4BC2A3516CC719E892D1D3
:10E34400240699D685350EF470A06A1016C1A41956
:10E35400086C371E4C774827B5BCB034B30C1C3955
:10E364004AAAD84E4FCA9C5BF36F2E68EE828F7414
:10E374006F63A5781478C8840802C78CFAFFBE902E
:10E38400EB6C50A4F7A3F9BEF27871C6CF37050839
:10E394000000000051510508585105086151050855
:10E3A400FC360508665105086B51050873510508CC
:10E3B4007B510508865105088E51050897510508BB
:10E3C400A4510508B251050840440508BC5105088C
:10E3D400C0510508C7510508DB510508E851050877
:10E3E400F95105080452050844D3040844D3040829
:10E3F400ECD30408F4D304082CD4040834D404085B
:10E40400A65905080001000000000000982F8A4268
:10E4140091443771CFFBC0B5A5DBB5E95BC2563972
:10E42400F111F159A4823F92D55E1CAB98AA07D88A
:10E43400015B8312BE853124C37D0C55745DBE72AD
:10E44400FEB1DE80A706DC9B74F19BC1C1699BE42D
:10E454008647BEEFC69DC10FCCA10C246F2CE92DBD
:10E46400AA84744ADCA9B05CDA88F97652513E98E1
:10E474006DC631A8C82703B0C77F59BFF30BE0C6E8
:10E484004791A7D55163CA0667292914850AB72776
:10E4940038211B2EFC6D2C4D130D385354730A6513
:10E4A400BB0A6A762EC9C281852C7292A1E8BFA2EA
:10E4B4004B661AA8708B4BC2A3516CC719E892D152
:10E4C400240699D685350EF470A06A1016C1A419D5
:10E4D400086C371E4C774827B5BCB034B30C1C39D4
:10E4E4004AAAD84E4FCA9C5BF36F2E68EE828F7493
:10E4F4006F63A5781478C8840802C78CFAFFBE90AD
:10E50400EB6C50A4F7A3F9BEF27871C6F9CD0408F8
:10E514000010000000300B00701700000100020022
:10E5240000020B007017010A0B000B00010300012D
:10E534000801100120014001800100020004FEFFD7
:10E54400FFFF25730A00436C69656E7420544350C1
:10E55400206465636F6E6E656374652028657665F7
:10E564006E743D30782578292E0A004572726575DF
:10E57400722064276F757665727475726520647590
:10E5840020736F636B6574205443503A2025640AEA
:10E59400005365727665757220544350204E616E47
:10E5A4006F737461636B20656E2065636F7574654A
:10E5B40020737572206C6520706F72742031323351
:10E5C400343520210A005461736B6C6574207072B9
:10E5D40065742C20736572766575722054435020DF
:10E5E400636F6E6669677572652E2E2E0A00457616
:10E5F400656E656D656E7420496E746572666163DF
:10E6040065205265736561752072656375202120EC
:10E614005374617475733A2025640A003D3E2042A8
:10E624006F6F74737472617020707265742021202E
:10E634004950206F6274656E756528732920617670
:10E644006563207375636365732E0A0041647265A4
:10E6540073736573204950206465206C27696E7458
:10E664006572666163652028494420256429203A3F
:10E674000A0020202D2025303278253032783A25A2
:10E68400303278253032783A253032782530327875
:10E694003A25303278253032783A253032782530B0
:10E6A40032783A25303278253032783A253032784B
:10E6B400253032783A25303278253032780A003DD8
:10E6C4003E204563686563206465206C27616C6C3B
:10E6D4006F636174696F6E2064276164726573731C
:10E6E40065204950202844484350206F75204E44EB
:10E6F400292E0A00436F6D70746575723A20257572
:10E704000A0073656E6465640A004E6F7576656110
:10E714007520636C69656E742054435020636F6E7A
:10E724006E6563746520212049503A20002C2050E6
:10E734006F72743A2025640A000A2D2D2D20494E4B
:10E74400495420535441434B202D2D2D0A0045524A
:10E75400524555522043524954495155453A20494E
:10E764006D706F737369626C65206427696E697478
:10E7740069616C69736572206C6520627269646793
:10E78400652041465F5041434B45542E0A00427276
:10E794006964676520696E697469616C6973C3A98A
:10E7A40020617665632073756363C3A87320212099
:10E7B400496E746572666163652049443A20256434
:10E7C4000A006770696F40343030323238303000BC
:10E7D4006770696F403430303232343030006770E3
:10E7E400696F403430303232303030006770696FD6
:10E7F400403430303231633030006770696F4034F8
:10E8040030303231383030006770696F4034303026
:10E814003231343030006770696F40343030323117
:10E82400303030006770696F4034303032306330DC
:10E8340030006770696F4034303032303830300027
:10E844006770696F40343030323034303000677074
:10E85400696F403430303230303030006D656D6F68
:10E8640072792D706C616365686F6C646572403990
:10E874003030303030303000736472616D4063305A
:10E88400303030303030006D656D6F72792D6176C7
:10E8940061696C4039303030303030300072302FA4
:10E8A40061313A2020307825303878202072312F99
:10E8B40061323A2020307825303878202072322F87
:10E8C40061333A20203078253038780A0072332FAB
:10E8D40061343A2020307825303878207231322F54
:10E8E40069703A2020307825303878207231342FFE
:10E8F4006C723A20203078253038780A00207870FD
:10E9040073723A20203078253038780A00466175D1
:10E914006C74696E6720696E737472756374696F61
:10E924006E206164647265737320287231352F70B0
:10E9340063293A203078253038780A00556E6861AA
:10E944006E646C6564204952516E3A2025640A0055
:10E954002A2A2A2A2A204D5055204641554C542013
:10E964002A2A2A2A2A0A002020537461636B696EBA
:10E9740067206572726F722028636F6E7465787495
:10E984002061726561206D69676874206265206E1C
:10E994006F742076616C6964290A002020556E73B7
:10E9A4007461636B696E67206572726F720A00200E
:10E9B4002044617461204163636573732056696FF9
:10E9C4006C6174696F6E0A0020204D4D46415220DF
:10E9D400416464726573733A20307825780A0020A4
:10E9E40020496E737472756374696F6E204163633A
:10E9F4006573732056696F6C6174696F6E0A0020C9
:10EA040020466C6F6174696E672D706F696E742037
:10EA14006C617A79207374617465207072657365B2
:10EA240072766174696F6E206572726F720A002A61
:10EA34002A2A2A2A205553414745204641554C54F9
:10EA4400202A2A2A2A2A0A0020204469766973691E
:10EA54006F6E206279207A65726F0A002020556EED
:10EA6400616C69676E6564206D656D6F7279206194
:10EA740063636573730A0020204E6F20636F7072A6
:10EA84006F636573736F7220696E737472756374E8
:10EA9400696F6E730A002020496C6C6567616C2095
:10EAA4006C6F6164206F66204558435F524554552E
:10EAB400524E20696E746F2050430A002020496C26
:10EAC4006C6567616C20757365206F66207468657A
:10EAD40020455053520A002020417474656D7074AF
:10EAE40020746F206578656375746520756E646540
:10EAF40066696E656420696E737472756374696F98
:10EB04006E0A002A2A2A2A2A2042555320464155B1
:10EB14004C54202A2A2A2A2A0A002020537461638A
:10EB24006B696E67206572726F720A0020205072E2
:10EB3400656369736520646174612062757320651F
:10EB440072726F720A00202042464152204164646E
:10EB5400726573733A20307825780A002020496D55
:10EB64007072656369736520646174612062757392
:10EB7400206572726F720A002020496E7374727578
:10EB84006374696F6E20627573206572726F720AA6
:10EB940000526573657276656420457863657074A8
:10EBA400696F6E20280053707572696F75732069E0
:10EBB4006E74657272757074202849525120005326
:10EBC4005053454C20696E20746872656164206DF1
:10EBD4006F646520646F6573206E6F7420696E6462
:10EBE4006963617465205053500A002A2A2A2A2A2C
:10EBF4002048415244204641554C54202A2A2A2A6E
:10EC04002A0A002020427573206661756C74206F97
:10EC14006E20766563746F72207461626C65207215
:10EC24006561640A00202044656275672065766525
:10EC34006E740A0020204661756C742065736361EC
:10EC44006C6174696F6E20287365652062656C6FF2
:10EC540077290A00415243485F45584345505420A0
:10EC64007769746820726561736F6E2025780A0A6B
:10EC7400002A2A2A2A2A204465627567206D6F6E4D
:10EC840069746F7220657863657074696F6E202A89
:10EC94002A2A2A2A0A002A2A2A2A2A2025732025EF
:10ECA4006429202A2A2A2A2A0A00464C4153485F0A
:10ECB40030005352414D5F3000657869740006FF9F
:10ECC400FFFFFFFFFF00776C616E256400657468C9
:10ECD4002564006E65742564006E65745F6D676DF0
:10ECE4007400496E697469616C697A696E67206E33
:10ECF4006574776F726B00696E7465727275707487
:10ED04002D636F6E74726F6C6C6572403430303189
:10ED14003363303000726363403430303233383020
:10ED240030006D64696F0073746D5F6574680065AD
:10ED3400746865726E65740065746865726E657476
:10ED44002D70687940300072657365742D636F6E41
:10ED540074726F6C6C65720073657269616C4034B7
:10ED6400303031313430300073657269616C403455
:10ED740030303131303030006E616E6F73746163E6
:10ED84006B5F7468726561645F6964005458204203
:10ED940072696467653A20457272657572202865E8
:10EDA40072726E6F202564290A0042726964676575
:10EDB4002052583A204572726F722025640A000A64
:10EDC4002D2D2D20496E697469616C6973617469B4
:10EDD4006F6E20647520706F6E742041465F5041E1
:10EDE400434B4554204E616E6F737461636B202DE9
:10EDF4002D2D0A00457272657572203A20417563A3
:10EE0400756E6520696E746572666163652072C390
:10EE1400A973656175205A65706879722074726F80
:10EE24007576C3A9652E0A004D4143205A65706862
:10EE3400797220284E61746966292020203A2025A1
:10EE44003032783A253032783A253032783A2530E3
:10EE540032783A253032783A253032780A004D41FA
:10EE640043204E616E6F737461636B202846616B3F
:10EE74006529203A20253032783A253032783A25EF
:10EE84003032783A253032783A253032783A2530A3
:10EE940032780A00457272657572203A20496D70A5
:10EEA4006F737369626C65206465206372C3A965BE
:10EEB40072206C6520736F636B65742041465F50EC
:10EEC40041434B455420286572726E6F2025642996
:10EED4002E0A00457272657572203A20496D706F72
:10EEE400737369626C652064652062696E64206C6A
:10EEF4006520736F636B65742E0A00417474656ECC
:10EF040074696F6E203A20496D706F737369626C17
:10EF1400652064652070617373657220656E206D71
:10EF24006F64652070726F6D697363756F75732E8E
:10EF34000A006574683000537461747574204574F4
:10EF44006865726E657420496E6974203A20256480
:10EF54000A003D3E204552524555522043524954E1
:10EF6400495155453A20496D706F737369626C65F8
:10EF7400206427696E697469616C69736572206CB9
:10EF840027696E746572666163652045746865728D
:10EF94006E65742E0A006272696467655F72785FD9
:10EFA40074696400736E5F636F61705F6275696C2E
:10EFB400645F726573706F6E7365202D206661697E
:10EFC4006C656420746F20616C6C6F636174652080
:10EFD4006D6573736167652100636F617000736EA3
:10EFE4005F636F61705F6275696C645F7265737093
:10EFF4006F6E7365202D206661696C656420746F83
:10F0040020616C6C6F6361746520746F6B656E2135
:10F0140000736E5F636F61705F6275696C646572C3
:10F024005F63616C635F6E65656465645F70616393
:10F034006B65745F646174615F73697A655F3220C4
:10F044002D20746F6B656E20746F6F206C61726716
:10F05400652100736E5F636F61705F6275696C64D4
:10F0640065725F63616C635F6E65656465645F7040
:10F0740061636B65745F646174615F73697A655F12
:10F0840032202D2075726920706174682073697A4A
:10F0940065206661696C65642100736E5F636F61EE
:10F0A400705F6275696C6465725F63616C635F6EE7
:10F0B40065656465645F7061636B65745F646174E6
:10F0C400615F73697A655F32202D20636F6E7465AA
:10F0D4006E7420666F726D617420746F6F206C6142
:10F0E4007267652100736E5F636F61705F6275693B
:10F0F4006C6465725F63616C635F6E6565646564AF
:10F104005F7061636B65745F646174615F73697A76
:10F11400655F32202D2061636365707420746F6FA6
:10F12400206C617267652100736E5F636F61705F4D
:10F134006275696C6465725F63616C635F6E65655B
:10F144006465645F7061636B65745F646174615F5F
:10F1540073697A655F32202D2070726F787920751B
:10F16400726920746F6F206C617267652100736E21
:10F174005F636F61705F6275696C6465725F636120
:10F184006C635F6E65656465645F7061636B657411
:10F194005F646174615F73697A655F32202D2065F5
:10F1A40074616720746F6F206C61726765210073EE
:10F1B4006E5F636F61705F6275696C6465725F63D3
:10F1C400616C635F6E65656465645F7061636B65E4
:10F1D400745F646174615F73697A655F32202D20A6
:10F1E40075726920686F737420746F6F206C61721C
:10F1F40067652100736E5F636F61705F6275696C30
:10F204006465725F63616C635F6E65656465645FAA
:10F214007061636B65745F646174615F73697A655F
:10F224005F32202D206C6F636174696F6E20706192
:10F23400746820746F6F206C617267652100736E4F
:10F244005F636F61705F6275696C6465725F63614F
:10F254006C635F6E65656465645F7061636B657440
:10F264005F646174615F73697A655F32202D207514
:10F27400726920706F727420746F6F206C61726792
:10F28400652100736E5F636F61705F6275696C64A2
:10F2940065725F63616C635F6E65656465645F700E
:10F2A40061636B65745F646174615F73697A655FE0
:10F2B40032202D206C6F636174696F6E20717565E7
:10F2C400727920746F6F206C617267652100736EB0
:10F2D4005F636F61705F6275696C6465725F6361BF
:10F2E4006C635F6E65656465645F7061636B6574B0
:10F2F4005F646174615F73697A655F32202D206F8A
:10F3040062736572766520746F6F206C61726765D5
:10F314002100736E5F636F61705F6275696C646511
:10F32400725F63616C635F6E65656465645F706181
:10F33400636B65745F646174615F73697A655F327E
:10F34400202D20626C6F636B3120746F6F206C61B1
:10F354007267652100736E5F636F61705F627569C8
:10F364006C6465725F63616C635F6E65656465643C
:10F374005F7061636B65745F646174615F73697A04
:10F38400655F32202D20626C6F636B3220746F6F67
:10F39400206C617267652100736E5F636F61705FDB
:10F3A4006275696C6465725F63616C635F6E6565E9
:10F3B4006465645F7061636B65745F646174615FED
:10F3C40073697A655F32202D207061636B657420E8
:10F3D400646174612073697A6520776F756C642049
:10F3E4006F766572666C6F772100736E5F636F6111
:10F3F400705F6275696C6465725F32202D2066618E
:10F40400696C656420746F20616C6C6F63617465F2
:10F41400206D6573736167652100736E5F636F614F
:10F42400705F6275696C6465725F6865616465725A
:10F434005F6275696C64202D206865616465722063
:10F444006275696C64206661696C65642100736E21
:10F454005F636F61705F6275696C6465725F3220AF
:10F464002D20686561646572206275696C64696EDB
:10F4740067206661696C65642100736E5F636F6108
:10F48400705F6275696C6465725F6F7074696F6ECA
:10F49400735F6275696C64202D206F7074696F6E80
:10F4A40073206E6F7420757365642100736E5F63DF
:10F4B4006F61705F6275696C6465725F32202D20C4
:10F4C4006F766572666C6F776564206578706563C6
:10F4D4007465642073697A652100736E5F636F617C
:10F4E400705F6865616465725F76616C6964697494
:10F4F400795F636865636B202D20756E6B6E6F7723
:10F504006E206D6573736167652074797065210081
:10F51400736E5F636F61705F6865616465725F7667
:10F52400616C69646974795F636865636B202D201D
:10F53400756E6B6E6F776E206D6573736167652092
:10F54400636F64652100736E5F636F61705F7061E8
:10F55400727365725F6F7074696F6E735F706172DE
:10F564007365202D202A2A7061636B65745F646162
:10F5740074615F70707472206F766572666C6F77F9
:10F58400202100736E5F636F61705F7061727365D9
:10F59400725F6F7074696F6E735F706172736520F0
:10F5A4002D20696E76616C6964206F7074696F6E6A
:10F5B400206E756D626572283135292100736E5F86
:10F5C400636F61705F7061727365725F6F7074698D
:10F5D4006F6E735F70617273655F6D756C74697063
:10F5E4006C655F6F7074696F6E73202D206661693E
:10F5F4006C656420746F20616C6C6F63617465204A
:10F604006F7074696F6E732100736E5F636F6170E6
:10F614005F7061727365725F696E69745F6D657343
:10F6240073616765202D206D657373616765206E56
:10F63400756C6C2100736E5F636F61705F706172D3
:10F644007365725F616C6C6F635F6F7074696F6E0A
:10F6540073202D206661696C656420746F20616C71
:10F664006C6F63617465206F7074696F6E73206C66
:10F674006973742100736E5F636F61705F70617290
:10F68400736572202D206661696C656420746F2037
:10F69400616C6C6F63617465206D6573736167651C
:10F6A4002100736E5F636F61705F70617273657266
:10F6B4005F6F7074696F6E735F7061727365202D14
:10F6C40020746F6B656E206E6F742076616C696454
:10F6D4002100736E5F636F61705F70617273657236
:10F6E4005F6F7074696F6E735F7061727365202DE4
:10F6F400202A7061636B65745F646174615F707408
:10F7040072206F766572666C6F77202100736E5F6E
:10F71400636F61705F7061727365725F6F7074693B
:10F724006F6E735F7061727365202D206661696C02
:10F73400656420746F20616C6C6F63617465207400
:10F744006F6B656E2100736E5F636F61705F7061D4
:10F75400727365725F6F7074696F6E735F706172DC
:10F764007365202D206661696C656420746F206167
:10F774006C6C6F63617465206F7074696F6E732154
:10F7840000736E5F636F61705F7061727365725F47
:10F794006F7074696F6E735F7061727365202D2072
:10F7A4002A7061636B65745F646174615F70747205
:10F7B40020776F756C64206F766572666C6F772046
:10F7C4007768656E2070617273696E67206F7074FC
:10F7D400696F6E732100736E5F636F61705F706138
:10F7E400727365725F6F7074696F6E735F7061724C
:10F7F4007365202D20434F41505F4F5054494F4E65
:10F804005F434F4E54454E545F464F524D41542032
:10F814006E6F742076616C69642100736E5F636F30
:10F8240061705F7061727365725F6F7074696F6E1F
:10F83400735F7061727365202D20434F41505F4F99
:10F844005054494F4E5F4D41585F414745206E6FBC
:10F85400742076616C69642100736E5F636F6170FC
:10F864005F7061727365725F6F7074696F6E735FDE
:10F874007061727365202D20434F41505F4F505487
:10F88400494F4E5F50524F58595F555249206E6F41
:10F89400742076616C69642100736E5F636F6170BC
:10F8A4005F7061727365725F6F7074696F6E735F9E
:10F8B4007061727365202D20434F41505F4F505447
:10F8C400494F4E5F50524F58595F55524920616C11
:10F8D4006C6F636174696F6E206661696C65642125
:10F8E40000736E5F636F61705F7061727365725FE6
:10F8F4006F7074696F6E735F7061727365202D2011
:10F90400434F41505F4F5054494F4E5F4554414718
:10F91400206578697374732100736E5F636F61701F
:10F924005F7061727365725F6F7074696F6E735F1D
:10F934007061727365202D20434F41505F4F5054C6
:10F94400494F4E5F45544147206E6F742076616C79
:10F9540069642100736E5F636F61705F70617273BD
:10F9640065725F6F7074696F6E735F7061727365D7
:10F97400202D20434F41505F4F5054494F4E5F5507
:10F9840052495F484F5354206E6F742076616C69FE
:10F99400642100736E5F636F61705F706172736581
:10F9A400725F6F7074696F6E735F706172736520DC
:10F9B4002D20434F41505F4F5054494F4E5F555295
:10F9C400495F484F535420616C6C6F636174696F75
:10F9D4006E206661696C65642100736E5F636F619C
:10F9E400705F7061727365725F6F7074696F6E734C
:10F9F4005F7061727365202D20434F41505F4F50FB
:10FA040054494F4E5F4C4F434154494F4E5F504110
:10FA14005448206578697374732100736E5F636F53
:10FA240061705F7061727365725F6F7074696F6E1D
:10FA3400735F7061727365202D20434F41505F4F97
:10FA44005054494F4E5F4C4F434154494F4E5F50C1
:10FA5400415448206E6F742076616C696421007390
:10FA64006E5F636F61705F7061727365725F6F70F8
:10FA740074696F6E735F7061727365202D20434FDC
:10FA840041505F4F5054494F4E5F5552495F504F5C
:10FA94005254206E6F742076616C69642100736E19
:10FAA4005F636F61705F7061727365725F6F7074B2
:10FAB400696F6E735F7061727365202D20434F41CF
:10FAC400505F4F5054494F4E5F4C4F434154494F40
:10FAD4004E5F5155455259206578697374732100FE
:10FAE400736E5F636F61705F7061727365725F6F75
:10FAF4007074696F6E735F7061727365202D20433B
:10FB04004F41505F4F5054494F4E5F4C4F43415407
:10FB1400494F4E5F5155455259206E6F742076619E
:10FB24006C69642100736E5F636F61705F706172F2
:10FB34007365725F6F7074696F6E735F70617273F7
:10FB440065202D20434F41505F4F5054494F4E5F25
:10FB54005552495F50415448206578697374732144
:10FB640000736E5F636F61705F7061727365725F63
:10FB74006F7074696F6E735F7061727365202D208E
:10FB8400434F41505F4F5054494F4E5F5552495F68
:10FB940050415448206E6F742076616C6964210072
:10FBA400736E5F636F61705F7061727365725F6FB4
:10FBB4007074696F6E735F7061727365202D20437A
:10FBC4004F41505F4F5054494F4E5F4F425345523F
:10FBD4005645206E6F742076616C69642100736EE3
:10FBE4005F636F61705F7061727365725F6F707471
:10FBF400696F6E735F7061727365202D20434F418E
:10FC0400505F4F5054494F4E5F5552495F515545CF
:10FC14005259206E6F742076616C69642100736E92
:10FC24005F636F61705F7061727365725F6F707430
:10FC3400696F6E735F7061727365202D20434F414D
:10FC4400505F4F5054494F4E5F424C4F434B32200C
:10FC54006E6F742076616C69642100736E5F636FEC
:10FC640061705F7061727365725F6F7074696F6EDB
:10FC7400735F7061727365202D20434F41505F4F55
:10FC84005054494F4E5F424C4F434B31206E6F747A
:10FC94002076616C69642100736E5F636F61705FCD
:10FCA4007061727365725F6F7074696F6E735F7089
:10FCB40061727365202D20434F41505F4F5054496A
:10FCC4004F4E5F414343455054206E6F742076611C
:10FCD4006C69642100736E5F636F61705F70617241
:10FCE4007365725F6F7074696F6E735F7061727346
:10FCF40065202D20434F41505F4F5054494F4E5F74
:10FD040053495A4531206E6F742076616C696421C1
:10FD140000736E5F636F61705F7061727365725FB1
:10FD24006F7074696F6E735F7061727365202D20DC
:10FD3400434F41505F4F5054494F4E5F53495A45CA
:10FD440032206E6F742076616C69642100736E5F7B
:10FD5400636F61705F7061727365725F6F707469F5
:10FD64006F6E735F7061727365202D20756E6B6E9C
:10FD74006F776E206F7074696F6E2100736E5F63AE
:10FD84006F61705F7061727365725F7061796C6FBF
:10FD940061645F7061727365202D207061796C6F8E
:10FDA4006164206D61726B6572206E6F7420666F82
:10FDB400756E642100736E5F636F61705F70726F44
:10FDC400746F636F6C5F64656C6574655F72657492
:10FDD40072616E736D697373696F6E5F62795F745C
:10FDE4006F6B656E204E554C4C00736E5F636F6194
:10FDF400705F70726F746F636F6C5F706172736544
:10FE0400202D20616C6C6F636174696F6E20666174
:10FE1400696C20696E207061727365722100736E63
:10FE24005F636F61705F70726F746F636F6C5F702C
:10FE340061727365202D20434F41505F53544154E8
:10FE440055535F5041525345525F4552524F525F92
:10FE5400494E5F48454144455200736E5F636F618C
:10FE6400705F70726F746F636F6C5F7061727365D3
:10FE7400202D206D65737361676520636F64652051
:10FE84006E6F742076616C69642100736E5F636FBA
:10FE940061705F70726F746F636F6C5F70617273A7
:10FEA40065202D20434F41505F5354415455535FB7
:10FEB4005041525345525F424C4F434B574953456F
:10FEC4005F4D53475F52454A4543544544210073AF
:10FED4006E5F636F61705F70726F746F636F6C5F7E
:10FEE4006275696C64202D206661696C6564207498
:10FEF4006F206275696C64206D6573736167652139
:10FF040000736E5F636F61705F70726F746F636FA5
:10FF14006C5F6C696E6B65645F6C6973745F736549
:10FF24006E645F6D73675F73746F7265202D2072EA
:10FF34006573656E642071756575652066756C6C96
:10FF44002100736E5F636F61705F70726F746F63B3
:10FF54006F6C5F6C696E6B65645F6C6973745F73FF
:10FF6400656E645F6D73675F73746F7265202D20B7
:10FF7400726573656E642062756666657220736966
:10FF84007A6520726561636865642100736E5F63DE
:10FF94006F61705F70726F746F636F6C5F6C696EAA
:10FFA4006B65645F6C6973745F73656E645F6D73B6
:10FFB400675F73746F7265202D206661696C656478
:10FFC40020746F20616C6C6F63617465206D657360
:10FFD40073616765210041646170746174696F6E57
:10FFE400206C61796572205458207175657565209F
:0CFFF40073697A652025752041637469EB
:020000040805ED
:100000007665204D41432074782072657175657363
:100010007420257500366C41640041646170746120
:1000200074696F6E2046726565206C6F7720707200
:10003000696F72697479207061636B657473206D88
:10004000656D6F72793A2025692071756575653A1D
:10005000202564206465616C6C6F63617465642045
:1000600025692062797465732C2025642070616392
:100070006B6574732C2025692072657175657374C6
:100080006564004661696C656420746F20616C6C06
:100090006F6361746520667261676D656E7461740B
:1000A000696F6E20627566666572005061636B658C
:1000B0007420746F6F2062696700546F6F206C6FDB
:1000C0006E6720364C6F5750414E206865616465FD
:1000D0007220666F7220667261676D656E7400468D
:1000E0007261676D656E7420696E697420666169FE
:1000F0006C004461746120506F6C6C204661696CC7
:10010000204576656E743A204E6F20696E74657274
:1001100066616365006E770044726F7020554450CD
:1001200020556E736563757265640053796E632044
:100130006661696C20746F206E657720726F7574CC
:1001400065720036426F005265737461727420618B
:100150006374697665207363616E005265737461C0
:100160007274204D41430052504C204C6F63616CBF
:1001700020726570616972207374617274656400C5
:1001800052504C204C6F63616C20726570616972D3
:10019000206661696C2D2D3E696E746572666163BF
:1001A0006520746F2069646C65004E6F204E44209A
:1001B000526F757465720050494E4720545820663E
:1001C00061696C004D4C4520486F7374205061721A
:1001D000656E74204164766572742054582066619F
:1001E000696C00426561636F6E205061796C6F616C
:1001F0006420616C6C6F63617465204661696C009A
:1002000050616E61204175687468206572002D2D03
:100210003E69646C6500556E6B6E6F772073746118
:100220007465202564002D2D3E426F6F74737261DA
:100230007000535243204164647265737320646597
:10024000636F6D7072657373206661696C006970AD
:10025000686300445354204164647265737320647E
:1002600065636F6D7072657373206661696C0054AD
:1002700072756E6361746564207061636B65740090
:10028000556E657870656374656420364C6F5750A1
:10029000414E20494400556E6B6E6F776E206D7530
:1002A0006C74696361737420636F6D7072657373CE
:1002B000696F6E00556E6B6E6F776E204E484320EF
:1002C00049443A2025303278004E6F2068656170CD
:1002D00020666F72204E657720364C6F5750414E26
:1002E00020436F6E74657874006C436F6E004D41EF
:1002F00043206E6F742072656769737465726564FC
:1003000020746F20696E74657266616365006D505C
:100310006F6C006576656E744F535F6576656E74BD
:100320005F73656E642829206661696C656400509E
:100330006F6C6C2054696D657220737461727420E7
:100340004661696C004D6163206461746120706F67
:100350006C6C207461736B6C657420696E697420B9
:100360006661696C00436F6E74657874206C656EAD
:10037000206661696C006C6F4E44004E6F206865AA
:10038000617020666F72204E657720426F726465DF
:100390007220526F75746572005052454654494D33
:1003A00045207A65726F00776869746520426F61D5
:1003B0007264205265676973747279206661696C32
:1003C0000052582056414C49442044414300424980
:1003D0004E445F434F4E4649524D204641494C21C1
:1003E00021004164647265737320524547204F4B6E
:1003F0003A202573005365636F6E64617279204102
:1004000064647265737320616C6C6F6361746520E2
:100410006661696C004E53204661696C00547279C4
:10042000205365636F6E6461727920526F757465D5
:10043000004E442063616368652066756C6C2D2DE9
:100440003E20426C61636B206C697374206279207A
:10045000676976656E206C69666574696D650041D3
:10046000524F204661696C7572653A4475706C69CB
:100470006361746520616464726573730044656CC4
:10048000206F6C64206C6C3136005544505F5458BA
:100490002E6E746620696E76616C6964206D65737A
:1004A000736167650074424252004661696C65641D
:1004B00020746F2067657420636F6D6D6973736955
:1004C0006F6E657220414C4F43005544502070724E
:1004D0006F787920736F636B6574206E6F74206F13
:1004E00070656E21005544505F545820736F636BE4
:1004F00065742062696E6432206661696C6564208F
:100500002564005544502050726F787920736F63D2
:100510006B6574207772697465206661696C6564C7
:100520002025640062756666657220616C6C6F637D
:100530006174696F6E206661696C65640042412078
:10054000696E7374616E6365206E6F7420666F757B
:100550006E6421005544505F52582E6E74662061BF
:100560006C6C6F63206661696C65642100632F7534
:1005700072006272436F6D6D697373696F6E65723D
:100580004461746152656C617965644F7574626F22
:10059000756E6400632F72780062723A2072656D26
:1005A0006F76652064656661756C7420726F757412
:1005B000652066726F6D206E6574776F726B004692
:1005C00061696C656420746F2066696E64204241C5
:1005D00020696E7374616E63650062723A206469AB
:1005E0007361626C6520726F7574696E6700466135
:1005F000696C656420746F2066696E6420424252A3
:1006000020696E7374616E6365004661696C656430
:1006100020746F2067657420636F6D6D69737369F3
:100620006F6E657220414C4F4320256400736F63E9
:100630006B657420616C6C6F636174696F6E2066AA
:1006400061696C65642100632F75740054696D697C
:100650006E67206F75742074686520636F6D6D69B7
:100660007373696F6E65720062723A2041646472DE
:10067000657373206368616E676564206F72206EB6
:100680006F742076616C69642073746F7020726F70
:100690007574696E670062723A20737461727420B7
:1006A000616E64207075626C697368206272206983
:1006B0006E666F0062723A207075626C69736820B2
:1006C00064656661756C7420726F75746520746FF3
:1006D000206E6574776F726B0044484350207365D9
:1006E0007276657220616C6C6F63206661696C0064
:1006F00062723A20656E61626C6520726F75746912
:100700006E670062723A20746F6F206D616E79209F
:100710004252732073746172742072656D6F7665D6
:10072000206A69747465723A25750062723A2063B2
:10073000616E206E6F7420626520626F72646572F4
:1007400020726F75746572206E65656420746F2009
:1007500072656D6F76652061667465723A202575E5
:1007600000626272206F7574206F66207265736F0D
:100770007572636573004E6F20496E7465726661B1
:100780006365005468726561642042425220424DA4
:100790004C522E6E746620726563656976650070D2
:1007A00042425200546872656164204242522042C3
:1007B000425F5152592E6E74662073656E642069D3
:1007C000663A25642C20736572766963653A256400
:1007D00000622F6271005468726561642042425267
:1007E0002072656C617920746F20545249002E7715
:1007F000656C6C2D6B6E6F776E2F746872656164BB
:100800002F632F72787200632F74786200546872BD
:10081000656164204242522072656C617920667283
:100820006F6D2054524920746F204A52004E6F2041
:100830006A6F696E657220726F757465722061648B
:100840006472657373005468726561642042425239
:100850002050534B642073656375726974792073FB
:10086000746172742070736B643A257300436F7205
:100870007275707465642072656C61792070616353
:100880006B65742072656365697665640042425FDA
:10089000414E532E6E746620616C6C6F63206661EE
:1008A000696C65642100622F626100546872656141
:1008B00064204242522042425F5152592E6E746669
:1008C00020526563656976656400496E76616C697E
:1008D000642042425F5152592E6E7466206D6573DA
:1008E0007361676500622F626D7200632F727862B8
:1008F00000416464696E6720736572766963652080
:1009000064617461206661696C656421004164649E
:10091000696E6720646F6D61696E207072656669CB
:1009200078206661696C6564210070424252204300
:100930006F6D6D65726369616C2073657276696352
:1009400065207374617274206661696C65640070FF
:1009500042425220736572766963652073746172D6
:100960007465642028436F6D6D65726369616C20E6
:100970006E6574776F726B29002E77656C6C2D6BCA
:100980006E6F776E2F7468726561642F632F747851
:100990007200632F636A6600546872656164204266
:1009A00042522042425F414E532E6E746620726561
:1009B000636569766500496E76616C6964206D6572
:1009C00073736167650052656D6F7665206475614C
:1009D00020726567697374726174696F6E20666FE7
:1009E0007220257300612F616E00486F7374696E09
:1009F00067207042425220666F7220445541207039
:100A00007265666978007062627220646F776E67E3
:100A100072616465640052656672657368696E67C9
:100A2000205072696D6172792042425220696E666F
:100A30006F726D6174696F6E004164647265737387
:100A400020476574206661696C3A202573206672C0
:100A50006F6D3A2025730074686273004D616320E6
:100A60007363616E20636F6E6669726D3A556E6B6B
:100A70006E6F7720496E74657266616365006A6F98
:100A8000696E6572446973636F76657279466169F0
:100A90006C65644E6F426561636F6E0054484349F4
:100AA000006A6F696E6572446973636F7665727907
:100AB0004661696C656446696C746572656400546E
:100AC00068657265206973206E6F206C656164656E
:100AD0007220646174612070726573656E74005376
:100AE0007461727420616E6E6F756E63656D656E94
:100AF000742063683A20256400416E6F74686572E3
:100B0000206C6561646572206465746563746564F6
:100B1000202D3E20626F6F747374726170004E6F8F
:100B2000206C696E6B20636F6E66696775726174A5
:100B3000696F6E210053657420666F72776172640D
:100B4000696E673A2069703D25642C206D756C7460
:100B500069636173743D2564005265417474616317
:100B600068204661696C006661696C20746F206161
:100B7000646420726F757465006A6F696E65724493
:100B80006973636F76657279537563636573730018
:100B90006A6F696E6572446973636F7665727953C3
:100BA00074617274656400446973636F7665727909
:100BB000207363616E207374617274206661696C66
:100BC00000746872656164206E6574776F726B2063
:100BD000617474616368207374617274004D6C6534
:100BE000205365727669636520696E697420466179
:100BF000696C004E6574776F726B20426F6F74730F
:100C0000726170205374617274204661696C007463
:100C100068726561645F6E766D5F73746F72655F35
:100C20006C696E6B5F696E666F5F67657420726575
:100C30007475726E65642025640074687265616401
:100C40005F6E766D5F73746F72655F6C696E6B5FFC
:100C5000696E666F5F636C65617220726574757230
:100C60006E656420256400706172656E7420616C2D
:100C70006C6F63206661696C6564005468726561BD
:100C80006420534D3A426F6F7473747261702044E4
:100C90006F6E650054687265616420534D3A496E09
:100CA00076616C6964207374617465004E65747755
:100CB0006F726B206461746120736176696E672066
:100CC0006661696C6564004D616C666F726D656428
:100CD000206E7720646174613A202573004C696E40
:100CE0006B2069676E6F7265206E6F20726F6F6D1B
:100CF00020666F7220616464723A2578004C696ED8
:100D00006B2069676E6F726520746F6F206D616E06
:100D1000792072657120616464723A2578004765B4
:100D20006E65726174656420646F6D61696E2061C7
:100D30006464726573732036343A20257300446FFF
:100D40006D61696E2061646472657373206372659E
:100D50006174696F6E206661696C65640044554119
:100D60002E72657370206661696C656400496E76E9
:100D7000616C6964207461726765742065696420C0
:100D8000696E204455412E727370206362206D6538
:100D9000737361676500646F6D61696E2070726561
:100DA000666978205072696D617279206262722082
:100DB00070726573656E74004E6F204D4C452065F2
:100DC0006E7472792E004E6F2054687265616420D3
:100DD0006E65696768626F722E004E6F206C696E77
:100DE0006B20636F6E66696775726174696F6E2ED2
:100DF000006E2F6472006E6574776F726B20646191
:100E0000746120757064617465206661696C6564E5
:100E10003A202573004E6574776F726B206461749D
:100E20006120757064617465640054687265616402
:100E300020626F7264657220726F757465722063D0
:100E40006F617020696E6974206661696C65640009
:100E50007442526100612F6E64006E776B20646192
:100E60007461206D69736D61746368202D207265F3
:100E70007375626D6974002E77656C6C2D6B6E6F87
:100E8000776E2F6573742F617474004E6F742069D0
:100E90006E636C75646520616C6C20544C762773AE
:100EA0002025730063636D6200646F6D61696E433A
:100EB000416365727400526563656976696E672087
:100EC00052415420726573706F6E73652073656E46
:100ED00064696E67206373726174747273207265E3
:100EE0007175657374004E6F20726573706F6E73E9
:100EF00065207061796C6F616400526573706F6E0C
:100F00007365207061727365206661696C65640049
:100F1000616520726573706F6E73652070617273A6
:100F200065206661696C65642C206C656E202564A3
:100F300020213D20256400526563656976696E67EE
:100F400020637372617474727320726573706F6E54
:100F500073652073656E64696E672073696D706C6C
:100F600065656E726F6C6C002E77656C6C2D6B6EA8
:100F70006F776E2F6573742F73656E004661696CB1
:100F8000656420746F20737461727420436F6D6D9B
:100F9000697373696F6E696E67006E6F6E6365006B
:100FA0002E77656C6C2D6B6E6F776E2F6573742F5B
:100FB0007276006E642070726F787920756E72653B
:100FC000676973746572206661696C656400746832
:100FD000726400417474656D7074656420746F2070
:100FE000736574206B657920726F746174696F6EBC
:100FF0002074696D6520736D616C6C657220746816
:10100000616E203120686F75722E004C656E6774BA
:1010100068206572726F72004C656E677468206636
:1010200061696C757265004E6F20636F6E666967EB
:1010300075726174696F6E0044656C6179207469C2
:101040006D6572206E6F742070726573656E7400CA
:1010500070656E64696E6720736574206372656184
:1010600074696F6E206661696C6564004D697373A5
:10107000696E672074696D657374616D7020544C7E
:10108000560074646973004D697373696E6720500C
:10109000616E696420544C56004D697373696E67C4
:1010A000204368616E6E656C20544C5600436F6D32
:1010B0006D65726369616C206A6F696E657220721A
:1010C0006F7574657220656E61626C65640052654F
:1010D0006376204368696C642049442052657370CC
:1010E0006F6E73650074656273007361766520705E
:1010F000656E64696E672073657420666F72206C1C
:10110000656164657200506172656E74205265732A
:10111000706F6E7365004E6F206C65616465722040
:101120004461746120616C6C6F63617465642066F6
:101130006F7220416E794174746163682C576879CD
:101140003F00456E64206465766963652073796E3F
:101150006368206661696C6564006661696C20740F
:101160006F206164642064656661756C7420726FC1
:101170007574650047656E65726174696E672052AB
:10118000616E646F6D204D414300546A6F410047AA
:10119000656E65726174696E672052616E646F6D11
:1011A000204D4C2D45494400496E76616C696420A0
:1011B0006368616E6E656C206D61736B007468723C
:1011C0006561645F6A6F696E65725F6170706C699A
:1011D000636174696F6E5F72616E646F6D5F6D6184
:1011E000635F676574204E554C4C20706172616D71
:1011F0006574657220007468726561645F6A6F6906
:101200006E65725F6170706C69636174696F6E5F47
:101210006D6C5F6569645F67657420706172616D94
:1012200065746572204E554C4C006E657874207064
:10123000656E64696E6720636F6E6669677572615B
:1012400074696F6E206372656174696F6E20666188
:10125000696C65640050656E64696E6720636F6ECB
:1012600066696775726174696F6E2064656C657418
:1012700065206572726F723A20256400416374695B
:10128000766520636F6E66696775726174696F6EEB
:101290002064656C657465206572726F723A2025F2
:1012A0006400446576696365202D204A6F696E6528
:1012B000727C446972656374696F6E202D2072655B
:1012C00063767C455549202D2025737C54797065C3
:1012D000202D204A4F494E5F46494E2E726573704D
:1012E0007C4C656E677468202D2025647C50617984
:1012F0006C6F6164202D202573006A6F696E6572C2
:101300004572726F72007468726561645F6A6F69BA
:101310006E65725F6170706C69636174696F6E5F36
:10132000636F6E66696775726174696F6E5F6E7602
:101330006D5F73617665004E6F2070656E64696ED7
:101340006720636F6E66696775726174696F6E207E
:101350006F72206A6F696E657221004E6F20696E30
:101360007465726661636520696E666F726D617423
:10137000696F6E21002A2A2A2050656E64696E67A3
:10138000207365742061637469766174696F6E207F
:1013900061626F72746564202D206465766963658F
:1013A00020686173206E6577657220616374697669
:1013B000652074696D657374616D70002A2A2A2036
:1013C00041637469766174696E672070656E6469E3
:1013D0006E6720636F6E66696775726174696F6EA0
:1013E0002E0041637469766174696E672070656E62
:1013F00064696E6720636F6E666967757261746990
:101400006F6E206661696C65642E002A2A2A20416D
:10141000637469766174696E672070656E64696E65
:101420006720636F6E66696775726174696F6E209D
:10143000646F6E652E004661696C656420746F2070
:1014400072656164206C696E6B20636F6E6669679C
:1014500075726174696F6E2073657474696E6773F9
:101460002066726F6D204E564D0046726F6D204E95
:10147000564D202564006D61632D636F756E746534
:1014800072202575006D6C652D636F756E746572C5
:10149000202575007365712D636F756E74657220FC
:1014A00025750052656164696E672070656E6469B8
:1014B0006E67207365740052656164696E672070A1
:1014C000656E64696E672066726F6D204E564D20A2
:1014D0006572726F723A25640044657669636520AF
:1014E0002D204A6F696E65727C4469726563746908
:1014F0006F6E202D20726563767C455549202D2026
:1015000025737C54797065202D204A4F494E5F65C4
:101510006E742E7265717C4C656E677468202D2028
:1015200025647C5061796C6F6164202D20257300E7
:101530006A6F696E657241636365707465640044C7
:101540006576696365202D204A6F696E65727C44FB
:101550006972656374696F6E202D2073656E747C8B
:10156000455549202D2025737C54797065202D2008
:101570004A4F494E5F656E742E726573707C4C6580
:101580006E677468202D20307C5061796C6F6164C7
:10159000202D2000436F6D6D697373696F6E20732A
:1015A00074617274206661696C656400632F6A659A
:1015B000006A6F696E657244746C73536573736906
:1015C0006F6E537461727465640044657669636517
:1015D000202D204A6F696E65727C44697265637460
:1015E000696F6E202D2073656E747C455549202DE2
:1015F0002025737C54797065202D204A4F494E5F19
:1016000046494E2E7265717C4C656E677468202D5C
:101610002025647C5061796C6F6164202D202573D6
:1016200000632F6A6600612F617300612F61720091
:10163000632F6C7000632F6C6100612F7364006313
:101640002F617300632F707300632F637300526FF9
:1016500075746572204944206E6F742061737369DC
:10166000676E65642C20726F7574657273202564D3
:10167000203E3D2025642875706772616465207482
:1016800068726573686F6C642900744C6472004EF4
:101690006F742054687265616420496E7465726667
:1016A000616365004E6F74204C65616465720074FF
:1016B0006872656164206D616E6167656D656E74E9
:1016C00020636F6D6D697373696F6E6572207365EA
:1016D00074005061796C6F6164206C656E6774682A
:1016E0002067726561746572207468616E206D6137
:1016F00078696D756D20636F6D6D697373696F6E59
:10170000657220646174612073697A6500424F528A
:1017100044455220524F5554455220544C56207344
:10172000686F756C64206E6F7420626520707265DE
:1017300073656E7400436F6D6D697373696F6E6569
:10174000722073657373696F6E206964206E6F74A5
:101750002070726573656E7400496E76616C6964A1
:1017600020636F6D6D697373696F6E657220736549
:101770007373696F6E206964007374656572696E56
:1017800067206461746120736574203A2025732C8E
:101790002072657420256400746872656164206D30
:1017A000616E6167656D656E742050656E64696E0B
:1017B0006720736574006E6F2074696D6573746162
:1017C0006D70006E6F2064656C61792074696D6561
:1017D00072006E6F206163746976652074696D654F
:1017E0007374616D700054696D657374616D702000
:1017F0006973206C6F776572206F722073616D65FD
:101800002C20776974686F7574204D6173746572EC
:10181000206B6579206368616E6765004F6C646555
:1018200072206F722073616D652070656E64696EE1
:10183000672074696D657374616D7000436F756CBA
:1018400064206E6F74206372656174652070656ECC
:1018500064696E6720636F6E666967004E6F7469B6
:10186000667920636F6D6D697373696F6E65722041
:10187000746861742073657474696E677320617233
:1018800065206368616E67656400632F646300634D
:1018900072656174696E67206E65772070656E642D
:1018A000696E67207365742064656C61793A2025E0
:1018B0007500746872656164206D616E6167656D45
:1018C000656E742041637469766520736574006980
:1018D0006E76616C6964206368616E6E656C006928
:1018E0006E76616C69642070616E696400696E7601
:1018F000616C696420736563757269747920706FB7
:101900006C696379006D6573736167652066726FDA
:101910006D20636F6D6D697373696F6E65720043DF
:1019200068616E67657320616666656374696E677A
:1019300020636F6E6E656374697669747920726571
:101940006A6563746564006F6C6465722074696DA8
:10195000657374616D700073616D652074696D6588
:101960007374616D70006372656174696E67207075
:10197000656E64696E6720636F6E66696775726114
:1019800074696F6E0050656E64696E6720636F6E78
:10199000666967206973206E6577657220776520B8
:1019A00072656A656374007570646174696E67203E
:1019B00061637469766520636F6E666967757261CD
:1019C00074696F6E00436F756C64206E6F7420666F
:1019D000696E642063757272656E7420636F6E66E3
:1019E00069670052656D6F7665206E6574776F72FA
:1019F0006B20646174612066726F6D3A20257800F7
:101A00004E6574776F726B206461746120776F75B7
:101A10006C642070726F64756365204E6574776FB7
:101A2000726B204461746120544C562073697A654E
:101A300020256400436F6D6D697373696F6E657205
:101A4000206B65657020616C697665207265712018
:101A5000726563762C20696E746572666163653A9F
:101A60002025642073657373696F6E206964202577
:101A70006420737461746520256400436C65617231
:101A8000696E672074696D65727320776974686F19
:101A9000757420726573706F6E7365006C70777209
:101AA00000427566666572206F766572666C6F7748
:101AB000206174206D657373616765207772697446
:101AC00065006D616C666F726D656420717565721D
:101AD0007920746C76004E6F204F7074696F6E20A1
:101AE000544C5620666F756E64007175657279206E
:101AF0006E6F74206372656174656400466F7277FF
:101B00006172642070726F626520717565727920F0
:101B10006D6164652062792025732069643A2564CB
:101B20002074696D656F75743A256400526563763B
:101B3000204D4C45204D657472696373204D616E74
:101B40006167656D656E74205175657279006163BA
:101B50007469766520736574206661696C656400DC
:101B6000544D467300616374697665207365742013
:101B700072656A65637465640070656E64696E673A
:101B800020736574206661696C65640070656E64BD
:101B9000696E67207365742072656A656374656435
:101BA0000050726F766973696F6E696E6720666147
:101BB000696C65640070726F766973696F6E696EC7
:101BC0006720726573706F6E7365206661696C65FE
:101BD00064004661696C656420746F20696E697485
:101BE00020434F41502073657276696365004F75DD
:101BF00074206F66206D656D007265717565737414
:101C00002073656E64206661696C656400632F6A89
:101C100061004E6F207265736F6C7574696F6E2012
:101C2000636C69656E74206F722070726F746F637D
:101C30006F6C20696E666F21006E2F646E006E2FD0
:101C40006D7200496E76616C6964207461726765BB
:101C5000742065696420696E204455412E6E746657
:101C6000206362206D657373616765004E6F206449
:101C7000617461207265636569766564004F75748F
:101C8000206F66206D656D6F7279006A6F696E6591
:101C900072726F757465724A6F696E6572446174B1
:101CA0006152656C61796564496E626F756E64003E
:101CB000696E76616C696420636F6D6D69737369B9
:101CC0006F6E6572206164647265737320726574EF
:101CD00020256400446576696365202D204A6F697C
:101CE0006E657220526F757465727C4469726563AB
:101CF00074696F6E202D20726563767C494944209B
:101D00002D2025737C54797065202D204A4F494E33
:101D10005F656E742E726573707C4C656E67746857
:101D2000202D2025647C5061796C6F6164202D200A
:101D3000257300446576696365202D204A6F696EBE
:101D4000657220526F757465727C44697265637444
:101D5000696F6E202D20726563767C494944202D81
:101D60002025737C54797065202D204A4F494E5FA1
:101D7000656E742E726573707C5061796C6F6164EE
:101D8000202D204E554C4C00636F6D6D6973736947
:101D90006F6E65722073657276696365206D697315
:101DA00073696E672100656E747275737420736554
:101DB0006E64206661696C00456E74727573742080
:101DC00073656E64696E67206661696C6564206E18
:101DD0006F20636F6E66696775726174696F6E00FC
:101DE0005061697277697365206B657920736574DA
:101DF000206661696C6564006A6F696E6572726FF6
:101E0000757465724A6F696E65724163636570745B
:101E1000656400446576696365202D204A6F696EAC
:101E2000657220526F757465727C44697265637463
:101E3000696F6E202D2073656E747C494944202D96
:101E40002025737C54797065202D204A4F494E5FC0
:101E5000656E742E7265717C4C656E677468202D9A
:101E60002025647C5061796C6F6164202D2025737E
:101E70000052656C617920545820696E76616C69F6
:101E800064206D6573736167650052656C617920CC
:101E900054582073656E64746F206661696C656464
:101EA000202564006A6F696E6572726F7574657261
:101EB0004A6F696E65724461746152656C617965DF
:101EC000644F7574626F756E64004A6F696E6572F7
:101ED000204145206661696C6564004A6F696E65E2
:101EE00072204E4D4B50206661696C656400696ECE
:101EF000697420636F6D6D65726369616C206A6FD0
:101F0000696E657220726F757465722061653A251D
:101F100064206E6D6B703A25640052656C617920A7
:101F2000545820696E76616C6964206D65737361C5
:101F30006765206969643A25642C20706F72743A71
:101F4000256420646174615F6C656E3A256400638A
:101F50002F7478004A6F696E657220726F757465B0
:101F6000722044697361626C65206A6F696E696E84
:101F700067004A6F696E657220726F7574657220B2
:101F8000456E61626C65206A6F696E696E67004AB2
:101F90006F696E657220726F7574657220696E6903
:101FA00074206661696C6564004D4C45204C494E57
:101FB0004B204143434550540074686D680052659E
:101FC0006A656374204C696E6B00526563762044C9
:101FD00061746173657420416E6E6F756E63650028
:101FE0004C65616465722064617461206661696C2E
:101FF000757265006E6F206C656164657220544C6B
:1020000056004E6F7420737570706F727465642023
:102010004D4C45206D65737361676520666F722056
:10202000686F737420256400466F7277617264690B
:102030006E672061646472657373206572726F727B
:1020400020746F206368696C6420253034780074D4
:1020500068646E0050726F616374697665206164B4
:102060006472657373206368616E676520257320F1
:10207000253034782D3E25303478004C656E66204E
:102080006661696C00746E646C0053756220546CF8
:1020900076204C656E677468206661696C005374C5
:1020A00061626C650054656D706F726172790025B4
:1020B0007320496E666F3A20726F75746572496459
:1020C0003A25303478004661696C656420746F206D
:1020D000616C6C6F63617465206D656D6F727920E2
:1020E000666F7220736572766963652064617461DE
:1020F00021004661696C656420746F20616C6C6FAF
:1021000063617465206D656D6F727920666F7220F2
:10211000736572766572206461746121004E657723
:102120002070726566697820616464656400416C42
:102130006C20536572766963652054797065204917
:10214000442028535F6964292076616C756573208B
:102150007573656421004E657720736572766572CC
:1021600020656E747279206D616465004E564D2055
:102170006F70656E206572726F723A2025730074FD
:102180006E766D004E564D207772697465206572CB
:10219000726F722025730046696C65206E6F742023
:1021A000666F756E643A202573004E564D20726539
:1021B0006164206572726F722025730074687265A5
:1021C00061645F6E766D5F73746F72655F6C65617D
:1021D0006465725F696E666F5F72656D6F766500CC
:1021E0004C65616465722064617461206D6170206A
:1021F00072656164206661696C6564006C696E6B10
:1022000020696E666F206E6F742063616368656419
:10221000006C696E6B20696E666F206E6F74206350
:10222000616368656420616E642072656164206525
:1022300072726F7220256400696E666F207265612C
:10224000643A20257320706172656E742073686F24
:10225000727420616464723A202568750074687233
:102260006561645F6E766D5F73746F72655F6C69D4
:102270006E6B5F696E666F5F676574206164647220
:10228000207A65726F73007468726561645F6E7640
:102290006D5F73746F72655F6C696E6B5F696E669C
:1022A0006F5F636C6561720073657474696E67203B
:1022B000746F207A65726F006C696E6B20696E6650
:1022C0006F20777269746520706172656E74206D1D
:1022D00061633A20257320706172656E74207368A3
:1022E0006F727420616464723A2025687500705FB3
:1022F0006300735F6400615F63006C645F69006C1E
:102300005F6900665F6400612F616E28736F6C699E
:102310006369746564293B207461726765743D2547
:1023200073206D6C6569643D257320726C6F633D2D
:10233000253034782C206C74743D2575005452730C
:1023400043005265736F6C76656420257320257396
:10235000202D3E2025303478004455502100526510
:102360006A656374656400612F616E28756E736FB2
:102370006C696369746564293B2074617267657474
:102380003D2573206D6C6569643D257320726C6F0B
:10239000633D25303478005468726561642072654D
:1023A000736F6C7574696F6E20636C69656E7420F1
:1023B000696E6974206661696C656400612F61658E
:1023C00000612F6171004151206661696C65642074
:1023D00028256429004475706C6963617465206107
:1023E00064647265737320647572696E67207265C8
:1023F000736F6C7574696F6E0054687265616420E8
:102400007265736F6C7574696F6E20737276206974
:102410006E6974206661696C656400545273530080
:10242000526F75746572206164647265737320669F
:102430006F72206E6F6E2D52454544007472627348
:10244000004E6F20706172656E7420696E666F72E7
:102450006D6174696F6E20617661696C61626C6533
:102460002C206E6F20696E697469616C20726F75C3
:102470007465207365742E00526F757465722049FF
:102480004420616C72656164792072657175657351
:102490007465640064726F7020726F75746520508B
:1024A000726F63657373696E672066726F6D206506
:1024B0006E642064657669636520257800416363F6
:1024C0006570742028524F555445522068616E64DF
:1024D0006C657229004B6579204944204D6F646515
:1024E0002032206E6F7420757365643B2064726FB8
:1024F000707065642E00526F757465722073796E0A
:102500006368204F4B206173204C656164657200E5
:10251000526F757465722073796E6368204F4B201B
:10252000617320526F757465720052656376204D39
:102530004C4520506172656E7420526571756573EB
:10254000740044726F70204D4C45206D657373614B
:1025500067653A20746F6F206D616E792073696DC5
:10256000756C74616E656F7573204D4C45206D659B
:102570007373616765730044726F70204D4C452022
:102580006D6573736167653A206E6F207370616368
:1025900065206C65667420696E20746865204D4CFA
:1025A00045207461626C650044726F70204D4C452B
:1025B000206D6573736167653A206D6178696D752B
:1025C0006D204D5444206368696C6420636F756EA0
:1025D0007420726561636865642E0044726F7020B8
:1025E0004D4C45206D6573736167653A206D617868
:1025F000696D756D20534544206368696C64206380
:102600006F756E7420726561636865642E00447234
:102610006F70204D4C45206D6573736167653A207E
:102620006D6178696D756D204368696C6420636FB6
:10263000756E74207265616368656420282564295D
:10264000004E6F20706F73736962696C69747920D2
:10265000746F207570677261646520746F20726F8B
:10266000757465720052656376204D4C4520436851
:10267000696C6420494420526571756573742066E5
:10268000726F6D202573005265637620526F7574EA
:102690006572204C696E6B2072657175657374008C
:1026A0005265637620526F7574657220416363656D
:1026B00070742026205265717565737400526563CD
:1026C0007620526F75746572204368696C6420557A
:1026D000706461746520726571756573740052650C
:1026E000637620526F7574657220557064617465ED
:1026F000005265637620526F757465722075706440
:1027000061746520526571756573740052656376F6
:1027100020526F7574657220446174612052657136
:1027200075657374005265637620526F75746572B7
:1027300020554E4B4E4F574E206D65737361676544
:10274000202564005265656420646F776E6772614E
:1027500064653A4368696C64436F756E74202575CF
:102760002041637469766520526F757465727320B9
:10277000257520676F6F64206C696E6B73202575FB
:1027800020646F776E677261646520746872657328
:10279000686F6C642025750052656564205570670C
:1027A000726164653A41637469766520526F75742D
:1027B0006572732025752075706772616465207479
:1027C00068726573686F6C642025750041646420CD
:1027D000726F75746572202849443A202564290077
:1027E00074726F750052656D6F766520726F7574C7
:1027F0006572202849443A202564290046756E6395
:1028000074696F6E207468726561645F726F75744D
:10281000696E675F666F7263655F6E6578745F6827
:102820006F702829206661696C656400756C612091
:10283000637265617465206661696C65640042421B
:1028400052770056656E646F7220696E666F2073F2
:102850006574206661696C0042425220726F757423
:10286000696E672073746F700052504C20726F6FE6
:10287000742073746F700042425220537461746903
:102880006320444F444147494420257300646F64EA
:102890006167696420637265617465206661696C53
:1028A0006564004242522067656E657261746520FE
:1028B000444F44414749442025730052504C2072F4
:1028C0006F6F742073746172740052504C20646F87
:1028D00064616720696E6974206661696C65640073
:1028E000424252206661696C656420746F20737483
:1028F00061727400444F4441474944206C6F7374C3
:102900002072657374617274204242520052504CBE
:10291000204C6F63616C207072656669782061631A
:102920007469766174652025730073746172742014
:102930007573696E67206261636B75702070726574
:102940006669782025730052504C20676C6F626175
:102950006C2070726566697820646561637469765D
:102960006174652025730052504C20676C6F626162
:102970006C20707265666978206163746976617431
:102980006520257300676C6F62616C20726F7574CF
:102990006520616464206661696C65640044484335
:1029A0005076362053657276657220637265617465
:1029B00065206661696C004E65772050656E6469BC
:1029C0006E67206B6579205265717565737420257B
:1029D0007500777362730064726F70706564206F46
:1029E0006C64657374206E65696768626F757220C8
:1029F0002573004164646564206E6577206E6569A7
:102A00006768626F72202573203A20696E6465786A
:102A10003A2575004E55442067656E657261746590
:102A2000204E532025750050726F62652067656ED9
:102A30006572617465204E53202575004E6F2042EB
:102A4000432074696D696E6720696E666F20666FDA
:102A50007220736574206E657720706172656E7484
:102A60000063616E646964617465206C69737420CD
:102A7000613A25732070616E69643A257820636F2E
:102A800073743A25642073697A653A2564207273F9
:102A900073693A25642074784661696C7572653A89
:102AA0002575206167653A25750053656E64205071
:102AB000414E206164766572746973656D656E74EC
:102AC00020536F6C696369740053656E64205041D4
:102AD0004E20636F6E66696775726174696F6E20F0
:102AE000536F6C696369740050414E20636F6E666A
:102AF000696775726174696F6E20536F6C69636981
:102B0000742074696D656F75740053656E64205030
:102B1000414E206164766572746973656D656E748B
:102B20000053656E642050414E20636F6E66696786
:102B300075726174696F6E0077726F6E672073745F
:102B40006174653A20444F44414720696E666F7254
:102B50006D6174696F6E206F626A65637420736F54
:102B60006C69636974206E6F74207472696767653D
:102B7000726564007472696767657220444F4441EE
:102B80004720696E666F726D6174696F6E206F6247
:102B90006A65637420736F6C696369740074726929
:102BA0006767657220444F44414720696E666F72C3
:102BB0006D6174696F6E206F626A6563740077720D
:102BC0006F6E672073746174653A20444F444147C7
:102BD00020696E666F726D6174696F6E206F626AD4
:102BE000656374206E6F74207472696767657265BF
:102BF0006400747269676765722044657374696EF6
:102C00006174696F6E206164766572746973656D55
:102C1000656E74206F626A6563740077726F6E67A9
:102C20002073746174653A2044657374696E6174CD
:102C3000696F6E206164766572746973656D656E27
:102C400074206F626A656374206E6F742074726999
:102C500067676572656400747269676765722050A2
:102C6000414E206164766572746973656D656E743A
:102C700020536F6C696369740073656E6420504102
:102C80004E206164766572746973656D656E74203B
:102C9000536F6C6963697400747269676765722049
:102CA00050414E206164766572746973656D656E1E
:102CB000740077726F6E672073746174653A205088
:102CC000414E206164766572746973656D656E74DA
:102CD000206E6F742074726967676572656400772F
:102CE000726F6E672073746174653A2050414E2094
:102CF000636F6E66696775726174696F6E20536F7A
:102D00006C69636974206E6F74207472696767659B
:102D100072656400747269676765722050414E2065
:102D2000636F6E66696775726174696F6E20536F49
:102D30006C696369740073656E642050414E206352
:102D40006F6E66696775726174696F6E20536F6C20
:102D50006963697400747269676765722050414ED7
:102D600020636F6E66696775726174696F6E007754
:102D7000726F6E672073746174653A2050414E2003
:102D8000636F6E66696775726174696F6E206E6FCE
:102D9000742074726967676572656400747269672C
:102DA000676572204541504F4C20746172676574AD
:102DB0002073656C656374696F6E0077726F6E6700
:102DC0002073746174653A204541504F4C20746102
:102DD000726765742073656C656374696F6E206ECD
:102DE0006F742074726967676572656400747269D4
:102DF000676765722052504C20706172656E742056
:102E000073656C656374696F6E0077726F6E6720AF
:102E100073746174653A2052504C20706172656E13
:102E2000742073656C656374696F6E206E6F7420B7
:102E30007472696767657265640041637469766579
:102E400020737570706C6963616E74206C696D6954
:102E5000742C206163746976653A202569206D6160
:102E6000783A2025692073756D6D656420617665FB
:102E700072616765513A2025692061646170742030
:102E800061766572616765513A202569204C4C4333
:102E90002061766572616765513A202569204C4C46
:102EA00043204541504F4C20617665726167655102
:102EB0003A2025692064726F703A2025730061758D
:102EC0007468656E7469636174696F6E2073746190
:102ED000727400575320534D3A426F6F747374727B
:102EE000617020446F6E6500575320534D3A496E10
:102EF00076616C6964207374617465202564005781
:102F0000692D53554E204C464E204D6F64652072FE
:102F100065636569766564206D65737361676520B7
:102F200069643A2025780052504C20706172656EB9
:102F30007420636F6E6669726D0072656365697691
:102F4000656420414456455254205372633A2573B8
:102F50002070616E69643A257820727373693A252E
:102F600064004E6F2070616E20696E666F726D61D5
:102F700074696F6E006E65696768626F7572206351
:102F800072656174696F6E206661696C006E656957
:102F90006768626F7572206E6F742061636365701D
:102FA0007465643A20616464723A25732070616EBE
:102FB00069643A25782072736C3A256420646576DA
:102FC0006963655F6D696E5F73656E733A20256432
:102FD00000726563656976656420414456455254C4
:102FE00020534F4C205372633A25732072737369D8
:102FF0003A2564004D616B696E6720706172656E81
:10300000742073656C656374696F6E20696E20252A
:1030100075207300726563656976656420434F4E61
:10302000464947205372633A257320727373693A95
:1030300025640042542D4945006E6F2076657273F9
:10304000696F6E004E6F2067746B20686173680053
:103050004E6F2062726F6164636173742073636882
:103060006564756C650050414E20436F6E666967FC
:1030700020616E616C797365206F776E3A25642CE0
:103080002068656172643A256400557064617465F6
:10309000642050414E20636F6E666967757261747B
:1030A000696F6E206F776E3A25642C2068656172B7
:1030B000643A2564006C6561726E206E6574776F8A
:1030C000726B20636F6E66696775726174696F6E8B
:1030D00000726563656976656420434F4E464947D3
:1030E00020534F4C205372633A25732072737369D7
:1030F0003A25640041524F207265676973747261AA
:1031000074696F6E2074696D657220737461727476
:10311000004D6F7665207374617465203420746F80
:10312000207761697420706172656E7420636F6EC0
:103130006E656374696F6E20636F6E6669726D6130
:1031400074696F6E0052504C20706172656E74200D
:10315000757064617465202E2E2E20726567697308
:103160007465722041524F0052504C206576656E56
:10317000742025640073656C6563746564207061F8
:1031800072656E743A25732070616E6964202575CE
:1031900000426F7264657220726F75746572206888
:1031A00061732074696D6564206F7574006E6F744F
:1031B0006966696564006E6F746966792046414985
:1031C0004C454400757064617465204641494C4526
:1031D00044004E6574776F726B2054696D6520638F
:1031E0006F6E66696775726174696F6E20257320F2
:1031F0007374617475733A2568752074696D652000
:103200007374616D703A20256C6C75206465766905
:103210006174696F6E3A202568642054696D652079
:103220005A6F6E653A20256864004E6574776F7238
:103230006B2054696D652025733A204572613A25EB
:1032400064204F66667365743A2575206F6C642040
:1032500074696D653A20256C6C752074696D653AEA
:1032600020256C6C7500444843507020636C696580
:103270006E742072657175657374206661696C0087
:103280005543206669786564206368616E6E656C7D
:10329000206E6F7420636F6E666967757265642E49
:1032A0002053657420746F20300063737472004281
:1032B00043206669786564206368616E6E656C2082
:1032C0006E6F7420636F6E666967757265642E2019
:1032D00053657420746F203000464154414C2043A4
:1032E0004F4E464947204641494C55524500777359
:1032F000636D0041524F2072656769737472617427
:10330000696F6E204661696C757265202573004394
:1033100068696C6420726567697374726174696F3F
:103320006E2066726F6D206F6C64206368696C64D8
:1033300000446F206E6F7420616363657074206E4B
:1033400065772041524F206368696C643A206E6F44
:103350002073656C656374656420706172656E745A
:10336000004368696C642072656769737472617484
:10337000696F6E206E6F7420616C6C6F776564206E
:1033800025642F25642C206D61783A2564004368FC
:10339000696C6420726567697374726174696F6EB9
:1033A00020616C6C6F7765642025642F25642C2068
:1033B0006D61783A2564004648535320636F6E660A
:1033C000696775726174696F6E20636F756C6420D4
:1033D0006E6F7420626520726561640047544B20F3
:1033E0006861736820736574202573202573202518
:1033F000732025730077737063007061655F667278
:10340000616D655F636F756E746572004E57206BFA
:103410006579732072656D6F7665004E57206B6518
:10342000792072656D6F76653A202569004E5720C8
:103430006B6579207365743A2025692C2068617367
:10344000683A2025730047414B2067656E657261BD
:1034500074696F6E206661696C6564206E6574774F
:103460006F726B206E616D653A20257300504D4B75
:1034700020616E642050544B2065787069726564D9
:103480002C206575692D36343A2025732C207379EC
:103490007374656D2074696D653A202575007773C6
:1034A000706C0041637469766520737570706C6927
:1034B00063616E742072656D6F7665642C2065752E
:1034C000692D36343A202573004E564D204E575FF5
:1034D000494E464F2077726974652050414E20490D
:1034E000443A202569206E616D653A20257320736A
:1034F000746F7265642074696D653A20256C6C7513
:103500000077736E76004E564D204B455953207709
:1035100072697465004E564D204652414D45204318
:103520004F554E5445522077726974653B20737431
:103530006F7265642074696D653A20256C6C750046
:103540007061655F6B6579730047544B206E6577DA
:1035500020696E7374616C6C207265717569726537
:10356000642061646A7573746564202569007773EB
:103570007074004B65792074696D65727320726593
:10358000766F636174696F6E206C69666574696DCE
:10359000653A2025752C206E657720616374697605
:1035A0006174696F6E2074696D653A2025752C20F1
:1035B0006D6178206D69736D617463682025692C75
:1035C0002074696D6520746F207570646174653A4C
:1035D0002025750047544B20726571756573742002
:1035E00074696D6572732061646A757374656420B3
:1035F000496D696E3A2025692C20496D61783A2021
:1036000025690042522D2D3E49444C45006272000E
:1036100052656C6561736520436F6E7465787400E4
:103620005265667265736820436F6E746578747353
:1036300000526566726573682050726566697873BA
:10364000004142524F2055706461746520616E6480
:10365000204E564D206F7065726174696F6E204FF9
:103660004B0077726F6E67206164647265737320BC
:1036700025642025730069636D70004F6E206D27EF
:10368000617070656C6C65203F0A0049434D5020A5
:103690007061636B657420746F6F20626967206668
:1036A000726F6D3A202573005265647563696E67A9
:1036B00020504D545520746F20257520666F723A46
:1036C0002025730049434D503A496E746572466136
:1036D0006365204164647265737320476574204696
:1036E00061696C2D2D3E20667265652042756666A7
:1036F0006572004275696C64204E412041524F0052
:103700004275696C64204E410044726F703A2049E2
:10371000434D5020455020756E7365637572656426
:10372000207061636B65740049434D5020636B7377
:10373000756D206572726F722100526F7574653AF3
:10374000202573204C69666574696D653A20256C87
:103750007520507265663A20256400496E76616C6A
:10376000696420524120444E53207365617263683E
:10377000206C697374206F707420636F727275703F
:103780007400496E76616C696420524120444E5346
:1037900020736572766572206F707420636F727229
:1037A00075707400426F6E6A6F7572206C6520765A
:1037B0006F6973696E61676520210A0051756F69D1
:1037C0002071756520636520706171756574203F97
:1037D00000506171756574206269656E206465666C
:1037E0006F726D650A006963690A006973206D75FF
:1037F0006C7469636173740A006A65206E65206386
:103800006F6D7072656E647320706173206C6120DF
:10381000636F6E646974696F6E0A00444144206985
:1038200073206E6F742068617070790A005265644D
:1038300069726563742064726F7000697076365FB8
:103840006275666665725F726F757465206E6F2053
:1038500064657374696E6174696F6E20656E7472ED
:10386000792025730069707636004E65787420687B
:103870006F7020696E74657266616365206D69732F
:103880006D61746368202573252525642076732077
:1038900025732525256400495020466F7277617293
:1038A000643A20536563757269747920636865634F
:1038B0006B206661696C20647374202573006970E5
:1038C00076365F646F776E20726F757465206661FF
:1038D000696C00496C6C6567616C20736F7572630D
:1038E0006520257300496C6C6567616C20646573A5
:1038F00074696E6174696F6E202573006970763625
:103900005F666F7277617264696E6720726F75743B
:1039100065206661696C0054756E6E656C20726519
:1039200063757273696F6E004E6F2074756E6E658D
:103930006C20736F75726365206164647265737364
:1039400000697076365F666F7277617264696E6760
:103950005F75702069732063616C6C65640A004454
:10396000726F70206865726520300A0044726F7053
:10397000206865726520310A0044726F70206865A6
:10398000726520320A0044726F702068657265208B
:10399000330A0044726F70206865726520340A0033
:1039A000412071756920657374206C6520706171A8
:1039B000756574203F0A00456E2066616974206C4D
:1039C0006520706171756573742065737420706112
:1039D0007320706F7572206E6F757320210A004519
:1039E0006E2066616974206C652070617175657305
:1039F000742065737420706F7572206E6F757320FC
:103A0000210A006572726F7220686168610A00495C
:103A10005056365F4E485F4E4F4E450A004950564D
:103A2000365F4E485F444553545F4F50540A004937
:103A30005056365F4E485F465241474D454E540AF8
:103A400000495056365F4E485F524F5554494E47D5
:103A50000A00526F7574696E6720686561646572EB
:103A60003A20536563757269747920636865636B86
:103A7000206661696C00495056365F4E485F554478
:103A8000500A00495056365F4E485F5443500A0072
:103A9000495056365F4E485F49434D5056360A00EE
:103AA00064656661756C740A0044726F703A2075C3
:103AB0006E736563757265642062792042414420AB
:103AC0004E657874206865616465722025750068AC
:103AD0006173206265656E2064726F707065640A40
:103AE00000446174616772616D2073697A65202595
:103AF0007520746F6F2062696700496672670052B3
:103B000065617373656D626C79206572726F7200A6
:103B1000496C6C6567616C2045434E004C4C2061DC
:103B2000646472206F66202573206E6F7420666F48
:103B3000756E640069703672005858582069707646
:103B4000365F696E746572666163655F7265736F17
:103B50006C7665206E6F20726F75746521004E6FF4
:103B6000206865617020666F72206164647265739D
:103B700073207265736F6C7665007463705F74692F
:103B80006D65725F68616E646C6528293A206576A0
:103B9000656E742073656E64206661696C6564008F
:103BA0007463700053687574646F776E207265611A
:103BB0006420776974682070656E64696E6720643C
:103BC000617461005443503A44572073656E642019
:103BD0006661696C20627920737461746520253098
:103BE0003278005443505F44573A48656164524FFD
:103BF0004F4D204661696C0073656E74203220461B
:103C0000494E730054582064726F702025730075FC
:103C10006E6578706563746564207463705F736546
:103C2000676D656E745F7374617274007463702085
:103C30006572726F722C20626164207374617465A6
:103C400020256400523D256864004657322074697F
:103C50006D656F7574207769746820736F636B6529
:103C600074206F70656E005443502055503A496E71
:103C700076616C6964005443502055503A546F6F1C
:103C80002073686F72740054435020434B53554D5A
:103C9000204552524F522121213A207372633A201B
:103CA00025732C206473743A2025730054435020EC
:103CB00055503A4F6666736574206C656E6774681C
:103CC000206661696C004D616C666F726D65642081
:103CD0006F7074696F6E7300556E737570706F726C
:103CE000746564206F7074696F6E2025640052588B
:103CF0002064726F70204C495354454E0055502C2F
:103D00002052535420746F204C495354454E005553
:103D1000502C2041434B20746F204C495354454E46
:103D200000436F756C646E277420616C6C6F636107
:103D3000746520736F636B657400436F756C646E9C
:103D4000277420616C6C6F6361746520544350204C
:103D500073657373696F6E00436F756C646E27745F
:103D6000206372656174652053594E2D41434B00A9
:103D700055502C206E6F20666C61677320746F2025
:103D80004C495354454E004E6F207463705F696E0A
:103D9000666F20666F7220706F72743D25642066B6
:103DA000726F6D2025730052582064726F70202549
:103DB000730045786365737320646174612077656F
:103DC0002063616E27742072656365697665202DB6
:103DD00020726573657474696E670053594E2D5374
:103DE000454E540053594E2D52454345495645447E
:103DF0000045535441424C49534845440046494EBE
:103E00002D574149542D310046494E2D57414954B3
:103E10002D3200434C4F53452D57414954004C41DE
:103E200053542D41434B00434C4F53494E4700548C
:103E3000494D452D5741495400434B53554D20455D
:103E400052524F52202D207372633D2573007564CA
:103E5000700055445020706F7274203000496E76A7
:103E6000616C6964206275666665722C2073697A7C
:103E7000653D2568752C206275665F7074723D25FE
:103E800068752C206275665F656E643D25687500F7
:103E90006275666600446174613A2025730062753C
:103EA000666665725F676574206661696C65643A11
:103EB00020616C6C6F632825752900486561645228
:103EC0006F6F6D204661696C006263206E656700EC
:103ED0006E756C6C70204600616464725F6E6F7406
:103EE000696669636174696F6E5F7265676973742F
:103EF0006572206D656D0061646472004441442008
:103F0000706173736564206F6E2049462025643AA2
:103F10002025730041646472657373206465707258
:103F20006563617465643A20257300416464726559
:103F3000737320696E76616C6964617465643A209C
:103F400025730054656E746174697665200025736D
:103F50004164647265737320616464656420746F86
:103F60002049462025643A202573004441442066B8
:103F700061696C65643A202573003C6E2F613E00D8
:103F8000537461636B204743206372697469636192
:103F90006C3A20667265656420256C7520627974C0
:103FA0006573006D6E747200537461636B204743D8
:103FB00020686967683A20667265656420256C75BB
:103FC00020627974657300726566206F766572662B
:103FD0006C6F770073636B0066726565207265664F
:103FE000656400667265652070656E64696E670061
:103FF000536F636B65742025642072656620756E4F
:10400000646572666C6F7700536F636B65742072C2
:1040100065666572656E6365206C696D69742064A0
:10402000726F7020525820257500536F636B657452
:104030002043423A20427566206F7220536F636BB3
:10404000657420706F696E746572204E554C4C001B
:104050006E6F742070656E64696E67006162616E78
:10406000646F6E65643A206E6F7420636F6E6E6568
:104070006374696E672F636F6E6E65637465640049
:10408000636F6D706C6574653A206E6F7420636F3A
:104090006E6E656374696E6700636F6D706C6574D6
:1040A000653A20616C726561647920636F6E6E653C
:1040B0006374656400536F636B657420616C6C6F2F
:1040C000636174696F6E206661696C00696E657406
:1040D0005F70636220616C6C6F636174696F6E20E6
:1040E0006661696C00536F636B657420494473208B
:1040F00065786861757374656400536F636B65748C
:10410000204964202569004E6F2054435020736578
:104110007373696F6E20666F722063757220536FC0
:10412000636B657400536F636B65742072656665BD
:1041300072656E6365206C696D69742064726F705E
:10414000205458202575005370656369666965645D
:1041500020736F7572636520616464726573732088
:104160002573206973206E6F742076616C6964001A
:1041700073656E64746F3A4E6F20696E7465726613
:10418000616365004E6F20616464726573730066DD
:1041900061696C3A20736F636B65745F6275666604
:1041A00065725F73656E646D736700736F636B62D6
:1041B00075665F64726F70007362756600556E534A
:1041C0007570706F72746564204D65737361676597
:1041D00049643A202530327800646863700044688E
:1041E0006370207365727665722074696D657220E4
:1041F0007374617274206661696C00616E6F6E79B0
:104200006D6F7573206164647265737300616464BB
:1042100072657373206D6F646520534C4141430098
:104220004E6F742053746F72656400444843507637
:10423000362025732C2061646472657373206C6969
:10424000737420257300444843507636206D61789E
:10425000696D756D20636C69656E747320257500DA
:104260004448435076362056616C6964206C696618
:104270006574696D6520257500446863702061640C
:104280006472657373206C6F73740044485000440B
:104290006F206E6F742074726967206E657720706E
:1042A000656E64696E672072656E657720726571F0
:1042B0007565737400444843502072656E657720BD
:1042C00073656E64206661696C65640044484350A0
:1042D0002072656E65772073656E64204F4B0073A6
:1042E00065727665722064617461206E6F742066F9
:1042F0006F756E64004E6F204448435076362063DD
:104300006C69656E74206176696C6162616C6500D0
:10431000696E76616C696420726573706F6E736527
:10432000005265706C79204E6F7420696E636C75F5
:10433000646520616C6C204F7074696F6E730056F9
:10434000616C696420696E7374616E6365206E6F61
:104350007420666F756E640057726F6E67204941F6
:104360004944004E6F742056616C696420436C6947
:10437000656E742049640044796E616D6963204400
:1043800055494420616C6C6F63206661696C004123
:1043900064647265737320616464206661696C652E
:1043A0006400496E76616C696420706172616D654C
:1043B00074657273004F4F4D207372765F64617441
:1043C000615F707472004F4F4D207061796C6F6146
:1043D000645F707472004D504C207472616E736D26
:1043E0006974202575006D706C00496E76616C698A
:1043F0006420636F6E74726F6C004D504C20636F5D
:104400006E74726F6C206572726F720057652068EF
:10441000617665206E6577204D504C206461746133
:1044200020666F7220257300257320686173206EEB
:104430006577204D504C20646174610042616420B6
:104440004D504C004D504C205621006D6F646966F4
:1044500079004E6F204D504C2053656564204944CF
:104460000050726F746F636F6C2074696D65722099
:10447000696E6974206661696C656400636F72655A
:1044800000626F6F74737261705F6E6578745F73D2
:10449000746174655F6B69636B28293A2065766582
:1044A0006E742073656E64206661696C6564006E6D
:1044B000776B5F626F6F74737261705F74696D6543
:1044C0007228293A206576656E742073656E6420C3
:1044D0006661696C6564006D61635F6578745F6DCA
:1044E000616336345F616464726573735F676574BA
:1044F000206661696C65643A202564006E776B5FA5
:104500006E65745F6576656E745F706F737428296D
:104510003A206576656E742073656E642066616905
:104520006C6564004E4F4E2052504C2052656164C1
:10453000790070726F746F636F6C5F636F72655F29
:10454000627566666572735F696E5F6576656E74C7
:104550005F7175657565206E656761746976650064
:10456000526F6F7420444F44414720616C72656103
:104570006479206578697374730072706C63004E9F
:104580006F206D656D20666F7220444F4441472057
:10459000726F6F74007472616E736D6974206469F8
:1045A0006F2C2072616E6B3A202578005472616E18
:1045B000736D6974204449530052504C20636F6EF0
:1045C00074726F6C206F6E206E6F6E2D52504C2087
:1045D000696E746572666163650044494F20667256
:1045E0006F6D2025732C2072616E6B20257800443E
:1045F000494F20444F444147494400506F6C696320
:10460000792069676E6F72696E6720696E73746175
:104610006E6365202825642C25732900506F6C6912
:1046200063792069676E6F72696E6720444F4441F9
:10463000472028253032782C2573290044494F2003
:104640006F757220444F4441474944202573005000
:104650006172656E7420257320696E6372656D6585
:104660006E746564204454534E004D616C666F72E5
:104670006D65642052494F0044414F2066726F6D52
:10468000202573005472616E736D69742044414F2C
:104690002D41434B20746F3A20257300556E6B6E8D
:1046A0006F776E20636F6465203078253032780034
:1046B000536F7572636520726F75746520657272D1
:1046C0006F723A2025732D3E25730054696D652065
:1046D000253032753A253032753A253032752E251F
:1046E00075202825752E2575292052504C206D6582
:1046F0006D6F727920757361676520257500525062
:104700004C20446F6D61696E2025700050617265A8
:104710006E7420257320646973636F6E6E656374B5
:1047200065640052504C61005352206C6F6F7020D2
:1047300025732D3E257300466F7277617264696E32
:104740006720696E636F6E73697374656E63792039
:1047500052004C6F63616C20696E7374616E6365A7
:1047600020696E76616C69642025735B25645D3A0F
:10477000202573202D3E20257300466F72776172CD
:1047800064696E672D4572726F72202D2064737498
:104790003D25732C206E65696768626F75722075A0
:1047A0006E6B6E6F776E00466F7277617264696EC2
:1047B000672D4572726F72202D206473743D2573CE
:1047C0002C206E65696768626F75723D25730052B3
:1047D000504C2074756E6E656C2065786974204845
:1047E0006248206661696C0072706C5F646174611C
:1047F0005F666F7277617264696E675F6572726F10
:10480000723A20756E6B6E6F776E20696E7374618D
:104810006E636500466F7277617264696E672069C6
:104820006E636F6E73697374656E637920320053C3
:104830005248205258206E6F6E2D52504C2069669F
:1048400000535248206C6F6F700053656E642041B6
:10485000524F20257320746F2025730052504C64F2
:1048600000746F706F20736F727420636F756E7455
:10487000206572726F720044414F207265747279C4
:104880002C20617474656D70742025640052504C46
:104890002044414F206F766572666C6F77202874D4
:1048A00061726765743D257329004661696C6564B2
:1048B00020746F207075626C6973682044414F20CA
:1048C0007461726765742025730044414F207265DE
:1048D0006D6F7665207072696D617279207061729A
:1048E000656E740044414F2072656163686162695E
:1048F0006C6974792070726F626C656D0044414F11
:104900002074782025752073657120617474656D3D
:104910007074732025752072657472792D74696DB9
:104920006572202575004E6F2D50617468202573C7
:104930002D3E25730049676E6F72696E6720737430
:10494000616C6520706174682025732D3E2573208D
:10495000287365713D2564207673202564290052F3
:10496000504C2044414F206F766572666C6F772003
:10497000287461726765743D25732C7472616E735F
:1049800069743D257329005472616E7369742077D0
:104990006974686F7574205461726765747300443C
:1049A000414F2072656A656374696F6E2066726F2D
:1049B0006D2025733A207374617475733D2564000E
:1049C00044414F2074696D656F7574002B00202879
:1049D00070756229002028452900202864697363C6
:1049E0006F6E6E6563746564290044414F205461A5
:1049F00072676574733A002020252D3430732025AA
:104A0000303278207365713D2564257320636F73A0
:104A1000743D257525732573257300202020202DD6
:104A20003E252D333673202530327820636F737422
:104A30003D256875002020252D3430732025303227
:104A400078207365713D25642573257325730041B6
:104A500064647265737320726567697374726174DC
:104A6000696F6E20434341206661696C20726574F2
:104A700072792073656C656374696F6E004164645C
:104A80007265737320726567697374726174696F9C
:104A90006E206661696C65642064656C6574652070
:104AA0006E65696768626F720041646472657373F2
:104AB00020726567697374726174696F6E20414317
:104AC0004B206661696C2072657472792073656C25
:104AD000656374696F6E0052616E6B206578636503
:104AE000737320647572696E672073747265746382
:104AF0006820256875203E202568750072706C6DF1
:104B00000072706C300052656A656374696E67206C
:104B100053524820746F2025733A206E6569676888
:104B2000626F757220756E726561636861626C6533
:104B30000052504C790052656A656374696E672053
:104B400053524820746F2025733A20657478203DB5
:104B50002025780072706C7500547269636B6C6507
:104B600020706172616D6574657273206368616E37
:104B700067656400526F6F7420444F44414720764C
:104B8000657273696F6E20686164206E656967681D
:104B9000626F75720041646465640052656D6F7682
:104BA000656400257320706172656E742025730042
:104BB0004E657720707265666572726564207061FB
:104BC00072656E742025730020202025322E3064FB
:104BD000256325303478202530347820253032780C
:104BE000202573252525642028257329003C6E7512
:104BF0006C6C3E00444F4441472025730020204701
:104C00003D2564204D4F503D2564205072663D2562
:104C10006400253234732F252D3375206C69666549
:104C200074696D653A696E66696E69746520707243
:104C300065663A256400253234732F252D3375209F
:104C40006C69666574696D653A2575207072656674
:104C50003A256400253234732F252D3375206C6975
:104C6000666574696D653A696E66696E697465201A
:104C7000666C6167733A25632563256300253234CA
:104C8000732F252D3375206C69666574696D653ADF
:104C9000257520666C6167733A256325632563007B
:104CA000202056657273696F6E2025640020202ACB
:104CB00043757272656E742076657273696F6E2AC1
:104CC0002052616E6B3D253034780052504C2049A3
:104CD0006E7374616E6365202564002D2D2D2D2D5E
:104CE0002D2D2D2D2D2D2D2D2D2D0044494F207492
:104CF0007269636B6C6520496D696E3D25642C207B
:104D0000496D61783D25642C206B3D256400202091
:104D100020202020202020202020493D25642C20F8
:104D20006E6F773D25642C20743D25642C20633DF7
:104D3000256400626C61636B6C6973742072656AD0
:104D40006563743A20257300626C00426C61636B8A
:104D50006C6973742072656D6F76656400426C6176
:104D6000636B6C6973742061646400426C61636B93
:104D70006C6973742072656D6F766520656E7472F0
:104D8000793A20257300464853533A2076656E647D
:104D90006F7220646566696E656420636F6E666914
:104DA0006775726174696F6E206661696C65640015
:104DB0006668737300545820736C6F74206C656E52
:104DC0006774683A2025756D7300666873732043B5
:104DD0006F6E66696775726174696F6E2073657452
:104DE0002C205543206368616E6E656C3A20256403
:104DF0002C204243206368616E6E656C3A20256406
:104E00002C2055432043463A2025642C2042432041
:104E100043463A2025642C206368616E6E656C738E
:104E20003A2042432025642055432025642C2075D8
:104E300063206477656C6C3A2025642C20626320C3
:104E40006477656C6C3A2025642C20626320696E5F
:104E500074657276616C3A2025752C206273693A0C
:104E600025642C20636820726574726965733A202A
:104E70002575006C6F63616C0053656375726974AE
:104E8000792068656164657220616C6C6F6320666F
:104E900061696C006D6C6553006D6C652073636BAC
:104EA00020636220776974686F757420627566216B
:104EB00000736572766963652068616E646C657203
:104EC000206E6F7420726567697374657264004444
:104ED000726F7070696E67207061636B65742062B9
:104EE000656361757365206B6579207365717565A0
:104EF0006E636520736D616C6C65723A2025752058
:104F00003C2025750044726F7070696E6720706177
:104F1000636B6574204D4C45206672616D6520633E
:104F20006F756E746572206973206E6F7420686986
:104F3000676865723A2575203C3D202575004D4C0B
:104F400045206D6963206661696C21006468637047
:104F500020536F636B6574732064617461206261B8
:104F6000736520616C6C6F63206661696C00536FC0
:104F7000636B657473206E6F7420617661696C6118
:104F8000626C65004D6C652073657276696365744B
:104F9000696D6572207374617274206661696C005A
:104FA0004D4C45206D6573736167652073656E6454
:104FB000696E67206661696C65642C20697076365D
:104FC0003D257300556E6B6E6F776E20446F776E64
:104FD00073747265616D2069640070726F7800553A
:104FE0006E6B6E6F776E20557073747265616D2095
:104FF00069640050726F787920616C6C6F63206611
:1050000061696C0055703C2D3E446F776E2073745F
:105010007265616D20636F6E6E65637420616C6C88
:105020006F63206661696C0020253234732F252D53
:1050300033752069663A2575207372633A272573A4
:10504000272069643A2564206C69666574696D651A
:105050003A25750020253234732F252D33752069AC
:10506000663A2575207372633A2725732720696491
:105070003A2564206C69666574696D653A696E6687
:10508000696E6974650020202020204F6E2D6C69A8
:105090006E6B20286D657420256429002020202057
:1050A000206E6578742D686F7020257320286D65DB
:1050B000742025642900726F7574004E6F206D6531
:1050C0006D21005265646972656374206661696C64
:1050D000757265202D206E6F206465737420656E77
:1050E0007472792F6E6361636865005265646972DA
:1050F000656374206E6F742073656E742066726FC2
:105100006D2063757272656E74206E6578742068A8
:105110006F7000526573657474696E6720504D54EA
:105120005520666F723A20257300496E76616C696E
:105130006420696E74657266616365204944206904
:105140006E20726F7574696E67207461626C652180
:1051500000537461746963004C6F6F706261636BBC
:10516000005573657200524164760052504C2044E1
:10517000494F0052504C2044414F0052504C204463
:10518000414F2053520052504C205352480052502D
:105190004C20526F6F740052504C20496E737461F2
:1051A0006E63650052504C204677642D4572726FD5
:1051B00072004D756C7469636173740052495000DC
:1051C00054687265616400546872656164204E655C
:1051D00074776F726B2064617461005468726561EA
:1051E000642050726F78790054687265616420445D
:1051F00055412050726F787900546872656164205F
:10520000424252005265646972656374004743000C
:10521000524547495354455245440054454E544124
:1052200054495645004E455700494E434F4D504C4A
:10523000455445005354414C450044454C415900A8
:1052400050524F424500554E524541434841424C11
:105250004500426F6E6A6F7572206269656E766591
:105260006E75652064616E73206C61206E616E6F77
:10527000737461636B0A007049503600426F6E2090
:10528000626168206175207265766F69720A0054E8
:10529000797065207265C3A775203A203078253073
:1052A00034580A005369206A652070617273206C5B
:1052B00061206A65206E6520636F6D7072656E6433
:1052C00073207269656E0A0052583A206F75742017
:1052D0006F66206D656D6F7279004A65206D276578
:1052E0006E766F6C650A004E6F2056616C696420A3
:1052F0004C4C616464726573732E2E5475726E200B
:105300004F464620496E7465726661636520616E22
:1053100064205075736820444144204576656E745E
:1053200000697076365F737461636B2063616C6CC7
:1053300065640A0069636D70202100426168206C19
:10534000652070617175657420726570617274207A
:105350007175656C7175652070617274206D61691D
:1053600073206A65206E65207361697320706173B4
:10537000206F7520210A006261682025643F004487
:1053800048435020414444524553535F5245515F76
:105390004641494C004F7574206F66207265736FEB
:1053A00075726365730044726F70206E6F74207342
:1053B0007570706F7274656420444843507636206F
:1053C000666F7277617264206174204167656E74E4
:1053D000004E6F742076616C69642072656C61792F
:1053E000004D616C666F726D6564207061636B6502
:1053F00074004E6F204750206164647265737300BF
:1054000052656C617920666F7277617264206E6F8D
:105410007420636F72726563740052656C617920E9
:105420007265706C792064726F702061742073658E
:1054300072766572004E6F2068616E646C657220D2
:10544000666F722074686973206D65737361676538
:1054500020666F756E6400696E76616C6964207495
:1054600072206964006E6F2072656365697665728B
:1054700020666F722074686973206D65737361674D
:105480006520666F756E6400646863702053657292
:1054900076657220736F636B65742063616E277429
:1054A000206F70656E20626563617573652041676A
:1054B000656E74206F70656E20616C7265616479D1
:1054C00000646863702052656C6179206167656E65
:1054D000742063616E2774206F70656E206265634F
:1054E0006175736520736572766572206F70656E85
:1054F00020616C7265616479004E6F20736F636B1D
:1055000065747320617661696C61626C6520666F99
:1055100072204448435020736572766572004E6F66
:1055200020736F636B65747320617661696C61626F
:105530006C6520666F72204448435020636C696537
:105540006E74004F7574206F662073657276657295
:1055500020696E7374616E636573004F7574206F9C
:1055600066207265616C7920696E7374616E636523
:105570007300646863702073657276696365207375
:105580006F636B65745F73656E64746F20666169C9
:105590006C733A20256900646863702073657276C5
:1055A00069636520736F636B65745F73656E6474A4
:1055B0006F202573006D73675F74725F6964206E7E
:1055C0006F7420666F756E640053727620496E7337
:1055D00074616E6365206E6F7420666F756E640013
:1055E000526571756573742073656E64696E6720AA
:1055F0006661696C6564006C6962646863707636C4
:105600005F6D6573736167655F6F7074696F6E5FFF
:10561000646973636F766572282920646174615FC1
:105620006C656E3C34006C69626468637076365FEA
:105630006D6573736167655F6F7074696F6E5F64CA
:105640006973636F766572282920646174615F6C89
:10565000656E3C6C656E6774683D25687500444EE8
:1056600053205365727665723A2025732066726FF7
:105670006D3A202573204C69666574696D653A2022
:10568000256C75004E646E7300444E532053656163
:10569000726368204C6973743A202573204C6966E4
:1056A0006574696D653A20256C75006C4E657400F3
:1056B000416868680A004E6F2070656E64696E67A5
:1056C00020636F6D706C65746520636F6E6E6563CB
:1056D00074696F6E20666F7220736F636B657420E0
:1056E00025640073636B4100536F636B65742069BD
:1056F0006420616C6C6F636174696F6E20666169B0
:105700006C65642C20733D2564000D1B5B324B00DF
:105710001B5B33316D001B5B33336D001B5B333917
:105720006D001B5B39346D005B455252205D5B257B
:105730002D34735D3A20005B5741524E5D5B252D41
:1057400034735D3A20005B494E464F5D5B252D3436
:10575000735D3A20005B444247205D5B252D347326
:105760005D3A200020202020202020202020202002
:105770002020001B5B306D003C6572723E002530BE
:1057800032783A002F2575004D756C74696361732A
:10579000742067726F757020616363657373206630
:1057A00061696C65642C206572723D25642C206EE5
:1057B000616D653D25640054684348006D61782043
:1057C00073657373696F6E20636F756E742065788F
:1057D000636565646564006F6E676F696E672068F6
:1057E000616E647368616B65732065786365656479
:1057F00065640073656375726974792063726561AD
:105800007465206661696C656400636F61705F63D5
:105810006F6E6E656374696F6E5F68616E646C65F0
:10582000725F7669727475616C5F726563762073FE
:10583000657373696F6E206372656174696F6E2042
:105840006661696C65640053656375726520436FBA
:10585000415020756E617661696C61626C65202DC6
:105860002053534C206C696272617279206E6F74A0
:1058700020636F6E666967757265642C20706F7344
:105880007369626C792064756520746F206C616344
:105890006B206F6620656E74726F707920736F7500
:1058A000726365007472616E73616374696F6E20F8
:1058B000776173206E6F742068616E646C6564201C
:1058C000256400436F534100436F41502050617283
:1058D00073696E67206661696C656400636C6965F5
:1058E0006E74207472616E73616374696F6E206E82
:1058F0006F7420666F756E6400696E76616C6964A2
:1059000020706172616D7300726573706F6E736584
:10591000207472616E73616374696F6E206E6F7450
:1059200020666F756E6400636F61702073657276B8
:1059300069636520616C6C6F63206661696C656486
:105940000054685341005572692072656769737429
:10595000726174696F6E206661696C65642C204F9A
:105960004F4D006D61696E002A2A2A20426F6F74C4
:10597000696E67205A6570687972204F532062758E
:10598000696C642076342E342E302D7263312D31C3
:1059900037382D676363666435656661303966390B
:1059A000202A2A2A0A00737973776F726B71002894
:1059B0006E756C6C29002A666C6F61742A00000099
:1059C0000000000000000A060505040103010201B1
:1059D0000101000101020302403F0B0A10308187E0
:1059E000020100301306072A8648CE3D0201060850
:1059F0002A8648CE3D030107046D306B0201010485
:105A000020499C7667D9AE4EB638B7CE252B21F407
:105A10006A8828AA16746EC3BCBB3750C987BDFFFD
:105A2000BFA1440342000450E95FD3B17274B6AF22
:105A300015AED76DF97FFA4FAFD61F092937F81D7C
:105A400027EB314162524E6B518E0872CEC24369D0
:105A50000A57B554EB9B06ADED7C566E0C23CB1E5E
:105A60005178E4AE4158153081D4307C02010030C9
:105A70001A3118301606035504030C0F546872656A
:105A80006164446576696365313233305930130699
:105A9000072A8648CE3D020106082A8648CE3D03E5
:105AA000010703420004B1ABE8A2A1E6625EAE9E2C
:105AB0007E41CF7E9558195147EA0FE2F8C21B612B
:105AC000A53005C091B607C24346DA75C058D8085C
:105AD000A5BBDBDC0EF20562FB28BBA7D29EEF8FD5
:105AE000BFBACD51A5FDA000300A06082A8648CECF
:105AF0003D040302034800304502204EB2258224B3
:105B0000F6E151D60C196088B8E2FD90D2C10FB011
:105B10004F8E73135C9F420968DF05022100C9C2E2
:105B2000638362241573F163EAE3D2F1504856DFD0
:105B30006BCFC431C4CFBC26E35A74620F70040229
:105B400001330E330B0A083406090B330A08340DEF
:105B50000F1210060E0335020705040C06030100A0
:105B600035020705040C0E03010035020705040C7D
:105B7000FF03000000000000000000000000000221
:105B80001050A001050A19010A1428010F1E3C0239
:105B900014326481402A201500000000000000003B
:105BA00000000000000000000000000000000000F5
:105BB00000004523371B7D3E010100020200030067
:105BC00000000000000000000101000202000300CC
:105BD00000000000000000000505050505000000AC
:105BE00000000000000000000004040404000000A5
:105BF000000000000000000000000202020000009F
:105C00000000000000000000000001010102030488
:105C10000506000000000000000000000000030472
:105C20000506000000000000000000000000000465
:105C30000506000000000000000000000000000455
:105C40000506000102030001010300010203FF0336
:105C50000303000000FF0001010300010203FF0332
:105C60000303001400021210111010111110040A85
:105C700010000006FDFFFFFFFFFFFF02005EFFFEBA
:105C80000000000000000000000000000000000014
:105C90000000000000000000000000000000000103
:105CA00000000000000000000000FFFFFF030000F4
:105CB0000000000000000000000000FCFF050000E4
:105CC000000000000000000000000002FF030000D0
:105CD000000000000000000000000002FF030000C0
:105CE000000000000000000000000001FF020000B2
:105CF000000000000000000000000002FF020000A1
:105D0000000000000000000000000001FF01000092
:105D1000000000000000000000000002FF01000081
:105D2000000000000000000000000001FF02000071
:105D30000000000000000001FF000000FFFE00FE68
:105D400080000000000000010000000000020000D0
:105D500000000000000300020810FF020000000025
:105D60000000000000000000001A0002020202020F
:105D70000202010202020202020202020202020204
:105D80000202FFFF0200000000000000000000000F
:105D90000000FB05060A00000000000101010100EF
:105DA00000010100000000000000000000000000F1
:105DB00000000000000000000000000000000000E3
:105DC0000000000000010203040607080909204042
:105DD0000000000000000000000000000080024001
:105DE0000000000000008000000000000000000033
:105DF00000000000000000000000000000000000A3
:105E00000000000000000000000000000000000092
:105E10000000000000000000000000000000000082
:105E20000000000000000000000000000000000072
:105E30000000000000000000000000000000000062
:105E40000000000000000000000000000000000052
:105E50000000000000000000000000000000000042
:105E60000000000000000000000000000000000032
:105E70000000000000000000000000000000000022
:105E80000000000000000000000000000000000012
:105E90000000000000000000000000000000000002
:105EA00000000000000000000000000000000000F2
:105EB00000000000000000000000000000000000E2
:105EC00000000000000000000000000000000000D2
:105ED00000000000000000000000000000000000C2
:105EE00000000000000000000000000000000000B2
:105EF00000000000000000000000000000000000A2
:105F00000000000000000000000000000000000091
:105F10000000000000000000000000000000000081
:105F20000000000000000000000000000000000071
:105F30000000000000000000000000000000000061
:105F40000000000000000000000000000000000051
:105F50000000000000000000000000000000000041
:105F60000000000000000000000000000000000031
:105F70000000000000000000000000000000000021
:105F80000000000000000000000000000000000011
:105F90000000000000000000000000000000000001
:105FA00000000000000000000000000000000000F1
:105FB00000000000000000000000000000000000E1
:105FC00000000000000000000000000000000000D1
:105FD00000000000000000000000000000000000C1
:105FE00000000000000000000000000000000000B1
:105FF00000000000000000000000000000000000A1
:106000000000000000000000000000000000000090
:106010000000000000000000000000000000000080
:106020000000000000000000000000000000000070
:106030000000000000000000000000000000000060
:106040000000000000000000000000000000000050
:106050000000000000000000000000000000000040
:106060000000000000000000000000000000000030
:106070000000000000000000000000000000000020
:106080000000000000000000000000000000000010
:106090000000000000000000000000000000000000
:1060A00000000000000000000000000000000000F0
:1060B00000000000000000000000000000000000E0
:1060C00000000000000000000000000000000000D0
:1060D00000000000000000000000000000000000C0
:1060E00000000000000000000000000000000000B0
:1060F00000000000000000000000000000000000A0
:10610000000000000000000000000000000000008F
:10611000000000000000000000000000000000007F
:10612000000000000000000000000000000000006F
:10613000000000000000000000000000000000005F
:10614000000000000000000000000000000000004F
:10615000000000000000000000000000000000003F
:10616000000000000000000000000000000000002F
:10617000000000000000000000000000000000001F
:10618000000000000000000000000000000000000F
:1061900000000000000000000000000000000000FF
:1061A00000000000000000000000000000000000EF
:1061B00000000000000000000000000000000000DF
:1061C00000000000000000000000000000000000CF
:1061D00000000000000000000000000000000000BF
:1061E00000000000000000000000000000000000AF
:1061F000000000000000000000000000000000009F
:10620000000000000000000000000000000000008E
:10621000000000000000000000000000000000007E
:10622000000000000000000000000000000000006E
:10623000000000000000000000000000000000005E
:10624000000000000000000000000000000000004E
:10625000000000000000000000000000000000003E
:10626000000000000000000000000000000000002E
:10627000000000000000000000000000000000001E
:10628000000000000000000000000000000000000E
:1062900000000000000000000000000000000000FE
:1062A00000000000000000000000000000000000EE
:1062B00000000000000000000000000000000000DE
:1062C00000000000000000000000000000000000CE
:1062D00000000000000000000000000000000000BE
:1062E00000000000000000000000000000000000AE
:1062F000000000000000000000000000000000009E
:10630000000000000000000000000000000000008D
:10631000000000000000000000000000000000007D
:10632000000000000000000000000000000000006D
:10633000000000000000000000000000000000005D
:10634000000000000000000000000000000000004D
:10635000000000000000000000000000000000003D
:10636000000000000000000000000000000000002D
:10637000000000000000000000000000000000001D
:10638000000000000000000000000000000000000D
:1063900000000000000000000000000000000000FD
:1063A00000000000000000000000000000000000ED
:1063B00000000000000000000000000000000000DD
:1063C00000000000000000000000000000000000CD
:1063D00000000000000000000000000000000000BD
:1063E00000000000000000000000000000000000AD
:1063F000000000000000000000000000000000009D
:10640000000000000000000000000000000000008C
:10641000000000000000000000000000000000007C
:10642000000000000000000000000000000000006C
:10643000000000000000000000000000000000005C
:10644000000000000000000000000000000000004C
:10645000000000000000000000000000000000003C
:10646000000000000000000000000000000000002C
:10647000000000000000000000000000000000001C
:10648000000000000000000000000000000000000C
:1064900000000000000000000000000000000000FC
:1064A00000000000000000000000000000000000EC
:1064B00000000000000000000000000000000000DC
:1064C00000000000000000000000000000000000CC
:1064D00000000000000000000000000000000000BC
:1064E00000000000000000000000000000000000AC
:1064F000000000000000000000000000000000009C
:10650000000000000000000000000000000000008B
:10651000000000000000000000000000000000007B
:10652000000000000000000000000000000000006B
:10653000000000000000000000000000000000005B
:10654000000000000000000000000000000000004B
:10655000000000000000000000000000000000003B
:10656000000000000000000000000000000000002B
:10657000000000000000000000000000000000001B
:10658000000000000000000000000000000000000B
:1065900015CD5B07000000002CD6040800000000A9
:1065A0000000000000000000D8070220D8070220E9
:1065B0000100000001000000E8070220E8070220B7
:1065C00000000000000000000000000000000000CB
:1065D00000000000000000000000000000000000BB
:1065E00000000000000000000000000000000000AB
:1065F000000000000000000000000000000000009B
:1066000000E10B5E000000000554030800000000DC
:106610000956030800000000000000004C0802209A
:106620004C08022000000000000000000E000000E6
:1066300000000000C9380008000000000000000051
:10664000D0DD04083000000000000002000000005F
:10665000000000000000000000000000000000003A
:106660000000000000800240000000000000000068
:10667000000000000000000000000000000000001A
:10668000000000000000000000000000000000000A
:1066900000000000000000000000000000000000FA
:1066A00000000000000000000000000000000000EA
:1066B00000000000000000000000000000000000DA
:1066C00000000000000000000000000000000000CA
:1066D00000000000000000000000000000000000BA
:1066E00000000000000000000000000000000000AA
:1066F000000000000000000000000000000000009A
:106700000000000000000000000000000000000089
:10671000000000002CD604084C09022000C2010031
:10672000000103005809022000C20100000103001B
:10673000FFFFFFFF000000006409022000000000CE
:106740006C090220000000007409022003051F00EC
:106750000F006400640001000100A000034000007D
:106760000000000000000000000000002C010000FC
:1067700000000000A009022000000000A80902207B
:1067800000000000B009022000000000B80902204B
:1067900000000000C009022000000000C80902201B
:1067A00000000000D009022000000000D8090220EB
:1067B00000000000E00902202C640220000000001C
:1067C000EC09022000000000F4090220780000001B
:1067D0002C01000000000000040A0220000000005C
:1067E00000000000000000000000000000000000A9
:1067F00000000000000000FFFF000000000000009B
:106800002C0A0220EE220508F2220508F6220508CD
:10681000FA220508FF2205080323050800000000EE
:106820004C0A022000000000540A0220C9FE03089E
:1068300011FE03080000000021870108C1FC0308C5
:1068400087FC03080E0F020078000008C400010056
:106850003C0000003C00000000000000880A02200C
:1068600000000000900A022000000000980A0220A8
:1068700000000000A00A022000000000A80A022078
:1068800000000000B00A022001010000000000002A
:10689000BC0A022000000000C40A02200000000020
:1068A000CC0A022000000000D40A022000000000F0
:1068B000DC0A0220000007000000000000000000C9
:1068C00000000000000000000000000000000000C8
:1068D00000000000000B0220000002000000000089
:1068E00000000000000000000000000000000000A8
:1068F0000000000000000000240B02200010000037
:106900000008000001000000857C0208635C0408A8
:10691000475C0408775C04080000000000000000E9
:1069200000000000500B022000000000DD7F020884
:10693000C55C0408B35C0408015D040800000000A5
:106940000000000000000000740B022000000000A6
:106950000000000000000000000000000000000037
:10696000FFFF00000000010000000000000000FF29
:1069700001000000A80B0220000000000000000041
:10698000FFFF000000000000B40B02200000000028
:10699000BC0B022000000000C40B0220000000001D
:1069A000CC0B022000000000D40B022000000000ED
:1069B000DC0B022000000000E40B022000000000BD
:1069C000EC0B022000000000F40B0220000000008D
:1069D000FC0B022000000000040C0220000000005C
:1069E0000C0C022000000000140C02207F000000AC
:1069F000000000000000000018000000000000007F
:106A00000004000000000000800000000000000002
:106A10000000000000000000A7A70408000000001C
:106A20000000000000000000000000000000000066
:106A30005C0C022000000000640C0220000000003A
:106A40006C0C02200100000000000000780C022005
:106A500000000000800C022000000000880C0220D2
:106A600000000000900C022000000000980C0220A2
:106A700000000000A00C022000000000A80C022072
:106A80000024F400C8000000B80C0220B80C02205A
:106A9000C00C0220C00C022009CE040879150008A1
:106AA0009515000801C00000000000000000FFFF75
:106AB000020000000A00400100FFFFFFFFFFE005A9
:106AC0000A00000880028001140040002000080035
:106AD00058024000280010005802FFFFFFFFFFFF90
:106AE000FFFFFFFFFFFFFFFFFFFFFFFFFF010102AF
:106AF000FF54687265616404FD0061726D000000FE
:106B0000FF01010FFFFFFFFF035A696742656549F7
:066B1000500302FFFFFF2D
:106B1600000000000000000000000000000000006F
:106B2600000000000000000000000000000000005F
:0A6B36000000000000000000000055
:106B40000000000000000000E92F03080000000022
:106B50000000000000000000880D0220880D0220C7
:106B60009D59000800000000000000000000000027
:086B700000000000000000001D
:106B7800A80D0220A80D0220001F0320000000001D
:106B88000E0000003800000000000000C40D0220C4
:106B9800C40D0220F01B0320000000000E000000BE
:086BA8003800000000000000AD
:106BB000E00D0220E00D02200000000000000000B7
:106BC0000E000000F40D0220F40D02200000000071
:106BD000000000000E000000080E0220080E022037
:106BE00000000000000000000E0000001C0E02204B
:106BF0001C0E022000000000000000000E0000003B
:106C0000300E0220300E02200000000000000000C4
:106C10000E000000440E0220440E0220000000007E
:086C2000000000000E0000005E
:106C2800580E0220580E0220100000000500000037
:106C3800C0EF022010F00220C0EF0220C0EF0220B7
:106C4800000000007C0E02207C0E022000000000E4
:106C5800880E0220880E022000000000FFFFFFFFC0
:106C6800980E0220980E0220A00E0220A00E0220EC
:106C78000000000001000000B00E0220B00E02204B
:106C8800B80E0220B80E022000000000010000002B
:086C9800C80E0220C80E022004
:106CA0000000000000000000D80E0220D80E0220D4
:086CB000E00E0220E00E0220BC
:106CB8000000000000000000F00E0220F00E02208C
:106CC800F80E0220F80E0220240024000400000020
:106CD80000000000BCDD04080018032000000000CC
:106CE800000000001C0F02201C0F0220240F0220AD
:106CF800240F0220240024000400000000000000EB
:086D0800A8DD040810020320BD
:106D1000800F0220000000000000000000000000C2
:106D20000000000000000000000000000000000063
:106D30000000000000000000000000000000000053
:0C6D400000000000000000000000000047
:106D500010D60408A80F0220D46002200002000010
:106D60000000000000000000DC0500000000000042
:086D700000000000000000001B
:106D7800692F0008852E0008C55A0308E95A030838
:046D88000000000007
:046D8C0015E015E019
:0400000508000F419F
:00000001FF
